Date,locSpecial,locPremium,locWellMilled,locRegular,impSpecial,impPremium,impWellMilled,impRegular,fuel,exchange
2015-01-01,50.0,45.0,43.0,38.5,48.0,44.0,41.0,38.0,,44.66600036621094
2015-01-02,50.0,45.0,43.0,38.5,48.0,44.0,41.0,38.0,,44.64899826049805
2015-01-03,50.0,45.0,43.0,38.5,48.0,44.0,41.0,38.0,,
2015-01-04,50.0,45.0,43.0,38.5,48.0,44.0,41.0,38.0,,
2015-01-05,50.0,45.0,43.0,38.5,48.0,44.0,41.0,38.0,28.1,44.75500106811523
2015-01-06,50.0,45.0,43.0,38.5,48.0,44.0,41.0,38.0,,44.95999908447266
2015-01-07,50.0,45.0,42.82,38.4,48.0,44.0,40.85,37.9,,44.91799926757812
2015-01-08,50.0,45.0,42.82,38.4,48.0,44.0,40.85,37.9,,44.98600006103516
2015-01-09,50.0,45.0,42.82,38.4,48.0,44.0,40.85,37.9,,44.74399948120117
2015-01-10,50.0,45.0,42.82,38.4,48.0,44.0,40.85,37.9,,
2015-01-11,50.0,45.0,42.82,38.4,48.0,44.0,40.85,37.9,,
2015-01-12,50.0,45.0,42.82,38.4,48.0,44.0,40.85,37.9,26.6,44.75199890136719
2015-01-13,50.0,45.0,42.82,38.4,48.0,44.0,40.85,37.9,,44.75500106811523
2015-01-14,50.0,45.0,42.5,38.0,48.0,44.0,40.5,37.5,,44.54399871826172
2015-01-15,50.0,45.0,42.5,38.0,48.0,44.0,40.5,37.5,,44.50799942016602
2015-01-16,50.0,45.0,42.5,38.0,48.0,44.0,40.5,37.5,,44.52099990844727
2015-01-17,50.0,45.0,42.5,38.0,48.0,44.0,40.5,37.5,,
2015-01-18,50.0,45.0,42.5,38.0,48.0,44.0,40.5,37.5,,
2015-01-19,50.0,45.0,42.5,38.0,48.0,44.0,40.5,37.5,26.2,44.50699996948242
2015-01-20,50.0,45.0,42.5,38.0,48.0,44.0,40.5,37.5,,44.43000030517578
2015-01-21,48.0,44.0,42.0,37.5,48.0,43.5,40.0,37.0,,44.43999862670898
2015-01-22,48.0,44.0,42.0,37.5,48.0,43.5,40.0,37.0,,44.23199844360352
2015-01-23,48.0,44.0,42.0,37.5,48.0,43.5,40.0,37.0,,44.08599853515625
2015-01-24,48.0,44.0,42.0,37.5,48.0,43.5,40.0,37.0,,
2015-01-25,48.0,44.0,42.0,37.5,48.0,43.5,40.0,37.0,,
2015-01-26,48.0,44.0,42.0,37.5,48.0,43.5,40.0,37.0,25.25,44.01100158691406
2015-01-27,48.0,44.0,42.0,37.5,48.0,43.5,40.0,37.0,,44.07500076293945
2015-01-28,48.0,44.0,42.0,37.5,48.0,43.5,40.0,37.0,,43.94100189208984
2015-01-29,48.0,44.0,42.0,37.5,48.0,43.5,40.0,37.0,,44.04000091552734
2015-01-30,48.0,44.0,42.0,37.5,48.0,43.5,40.0,37.0,,43.88800048828125
2015-01-31,48.0,44.0,42.0,37.5,48.0,43.5,40.0,37.0,25.25,
2015-02-01,48.0,44.0,42.0,37.5,48.0,43.5,40.0,37.0,,
2015-02-02,48.0,44.0,42.0,37.5,48.0,43.5,40.0,37.0,25.25,44.09500122070312
2015-02-03,48.0,44.0,42.0,37.5,48.0,43.5,40.0,37.0,,44.02700042724609
2015-02-04,48.0,44.0,42.0,37.5,48.0,43.5,40.0,37.0,,43.88199996948242
2015-02-05,48.0,44.0,42.0,37.5,48.0,43.5,40.0,37.0,,43.98300170898438
2015-02-06,48.0,44.0,42.0,37.5,48.0,43.5,40.0,37.0,,44.01499938964844
2015-02-07,48.0,44.0,42.0,37.5,48.0,43.5,40.0,37.0,,
2015-02-08,48.0,44.0,42.0,37.5,48.0,43.5,40.0,37.0,,
2015-02-09,48.0,44.0,42.2,37.75,48.0,43.5,40.25,37.25,26.75,44.11299896240234
2015-02-10,48.0,44.0,42.2,37.75,48.0,43.5,40.25,37.25,,44.27799987792969
2015-02-11,48.0,44.0,42.2,37.75,48.0,43.5,40.25,37.25,,44.30500030517578
2015-02-12,48.0,44.0,42.2,37.75,48.0,43.5,40.25,37.25,,44.34000015258789
2015-02-13,48.0,44.0,42.2,37.75,48.0,43.5,40.25,37.25,,44.22999954223633
2015-02-14,48.0,44.0,42.2,37.75,48.0,43.5,40.25,37.25,,
2015-02-15,48.0,44.0,42.2,37.75,48.0,43.5,40.25,37.25,,
2015-02-16,48.0,44.0,42.5,38.0,48.0,43.5,40.5,37.5,28.25,44.20999908447266
2015-02-17,48.0,44.0,42.5,38.0,48.0,43.5,40.5,37.5,,44.11600112915039
2015-02-18,48.0,44.0,42.5,38.0,48.0,43.5,40.5,37.5,,44.12099838256836
2015-02-19,48.0,44.0,42.5,38.0,48.0,43.5,40.5,37.5,,44.01200103759766
2015-02-20,48.0,44.0,42.5,38.0,48.0,43.5,40.5,37.5,,44.05300140380859
2015-02-21,48.0,44.0,42.5,38.0,48.0,43.5,40.5,37.5,,
2015-02-22,48.0,44.0,42.5,38.0,48.0,43.5,40.5,37.5,,
2015-02-23,48.0,44.0,42.5,38.0,48.0,43.5,40.5,37.5,28.25,44.15000152587891
2015-02-24,48.0,44.0,42.5,38.0,48.0,43.5,40.5,37.5,,44.12599945068359
2015-02-25,48.0,44.0,42.5,38.0,48.0,43.5,40.5,37.5,,44.00500106811523
2015-02-26,48.0,44.0,42.8,38.2,48.0,43.5,40.8,37.8,,43.88299942016602
2015-02-27,48.0,44.0,42.8,38.2,48.0,43.5,40.8,37.8,,43.95299911499023
2015-02-28,48.0,44.0,42.8,38.2,48.0,43.5,40.8,37.8,,
2015-03-01,48.0,44.0,42.8,38.2,48.0,43.5,40.8,37.8,,
2015-03-02,48.0,44.0,42.8,38.2,48.0,43.5,40.8,37.8,28.25,44.0
2015-03-03,48.0,44.0,42.8,38.2,48.0,43.5,40.8,37.8,,44.08499908447266
2015-03-04,48.0,44.0,42.8,38.2,48.0,43.5,40.8,37.8,,44.0629997253418
2015-03-05,48.0,44.0,42.8,38.2,48.0,43.5,40.8,37.8,,44.04000091552734
2015-03-06,48.0,44.0,42.8,38.2,48.0,43.5,40.8,37.8,,44.06499862670898
2015-03-07,48.0,44.0,42.8,38.2,48.0,43.5,40.8,37.8,,
2015-03-08,48.0,44.0,42.8,38.2,48.0,43.5,40.8,37.8,,
2015-03-09,50.0,45.0,43.0,38.5,48.0,43.5,41.0,38.0,28.95,44.20500183105469
2015-03-10,50.0,45.0,43.0,38.5,48.0,43.5,41.0,38.0,,44.15999984741211
2015-03-11,50.0,45.0,43.0,38.5,48.0,43.5,41.0,38.0,,44.29000091552734
2015-03-12,50.0,45.0,43.0,38.5,48.0,43.5,41.0,38.0,,44.27500152587891
2015-03-13,50.0,45.0,43.0,38.5,48.0,43.5,41.0,38.0,,44.15499877929688
2015-03-14,50.0,45.0,43.0,38.5,48.0,43.5,41.0,38.0,,
2015-03-15,50.0,45.0,43.0,38.5,48.0,43.5,41.0,38.0,,
2015-03-16,50.0,46.0,43.5,39.0,48.0,44.0,41.5,38.5,29.6,44.1870002746582
2015-03-17,50.0,46.0,43.5,39.0,48.0,44.0,41.5,38.5,,44.32500076293945
2015-03-18,50.0,46.0,43.5,39.0,48.0,44.0,41.5,38.5,,44.59999847412109
2015-03-19,50.0,46.0,43.5,39.0,48.0,44.0,41.5,38.5,,44.54999923706055
2015-03-20,50.0,46.0,43.5,39.0,48.0,44.0,41.5,38.5,,44.81000137329102
2015-03-21,50.0,46.0,43.5,39.0,48.0,44.0,41.5,38.5,,
2015-03-22,50.0,46.0,43.5,39.0,48.0,44.0,41.5,38.5,,
2015-03-23,52.0,47.0,44.0,40.0,50.0,45.0,42.0,39.0,28.1,44.72600173950195
2015-03-24,52.0,47.0,44.0,40.0,50.0,45.0,42.0,39.0,,44.54000091552734
2015-03-25,52.0,47.0,44.0,40.0,50.0,45.0,42.0,39.0,,44.5880012512207
2015-03-26,52.0,47.0,44.0,40.0,50.0,45.0,42.0,39.0,,44.64400100708008
2015-03-27,52.0,47.0,44.0,40.0,50.0,45.0,42.0,39.0,,44.70199966430664
2015-03-28,52.0,47.0,44.0,40.0,50.0,45.0,42.0,39.0,,
2015-03-29,52.0,47.0,44.0,40.0,50.0,45.0,42.0,39.0,,
2015-03-30,52.0,47.0,44.0,40.0,50.0,45.0,42.0,39.0,29.1,44.67800140380859
2015-03-31,52.0,47.0,44.0,40.0,50.0,45.0,42.0,39.0,,44.58700180053711
2015-04-01,52.0,47.0,44.0,40.0,50.0,45.0,42.0,39.0,,44.49100112915039
2015-04-02,52.0,47.0,44.0,40.0,50.0,45.0,42.0,39.0,,44.43500137329102
2015-04-03,52.0,47.0,44.0,40.0,50.0,45.0,42.0,39.0,,44.32099914550781
2015-04-04,52.0,47.0,44.0,40.0,50.0,45.0,42.0,39.0,,
2015-04-05,52.0,47.0,44.0,40.0,50.0,45.0,42.0,39.0,,
2015-04-06,52.0,47.0,44.0,40.0,50.0,45.0,42.0,39.0,29.1,43.90599822998047
2015-04-07,52.0,47.0,44.0,40.0,50.0,45.0,42.0,39.0,,44.08100128173828
2015-04-08,52.0,47.5,44.5,40.5,50.0,45.0,42.5,39.5,,44.37900161743164
2015-04-09,52.0,47.5,44.5,40.5,50.0,45.0,42.5,39.5,,44.41500091552734
2015-04-10,52.0,47.5,44.5,40.5,50.0,45.0,42.5,39.5,,44.3650016784668
2015-04-11,52.0,47.5,44.5,40.5,50.0,45.0,42.5,39.5,,
2015-04-12,52.0,47.5,44.5,40.5,50.0,45.0,42.5,39.5,,
2015-04-13,52.0,47.5,44.5,40.5,50.0,45.0,42.5,39.5,28.5,44.46699905395508
2015-04-14,52.0,47.5,44.5,40.5,50.0,45.0,42.5,39.5,,44.59999847412109
2015-04-15,54.0,48.0,45.0,41.0,52.0,46.0,43.0,40.0,,44.5
2015-04-16,54.0,48.0,45.0,41.0,52.0,46.0,43.0,40.0,,44.54000091552734
2015-04-17,54.0,48.0,45.0,41.0,52.0,46.0,43.0,40.0,,44.18600082397461
2015-04-18,54.0,48.0,45.0,41.0,52.0,46.0,43.0,40.0,,
2015-04-19,54.0,48.0,45.0,41.0,52.0,46.0,43.0,40.0,,
2015-04-20,54.0,48.0,45.0,41.0,52.0,46.0,43.0,40.0,30.15,44.12099838256836
2015-04-21,54.0,48.0,45.0,41.0,52.0,46.0,43.0,40.0,,44.14500045776367
2015-04-22,55.0,49.0,45.5,41.5,52.0,46.0,43.5,40.5,,44.25799942016602
2015-04-23,55.0,49.0,45.5,41.5,52.0,46.0,43.5,40.5,,44.20000076293945
2015-04-24,55.0,49.0,45.5,41.5,52.0,46.0,43.5,40.5,,44.05599975585938
2015-04-25,55.0,49.0,45.5,41.5,52.0,46.0,43.5,40.5,,
2015-04-26,55.0,49.0,45.5,41.5,52.0,46.0,43.5,40.5,,
2015-04-27,55.0,49.0,45.5,41.5,52.0,46.0,43.5,40.5,31.25,44.07600021362305
2015-04-28,55.0,49.0,45.5,41.5,52.0,46.0,43.5,40.5,,44.08000183105469
2015-04-29,55.0,49.0,45.5,41.5,52.0,46.0,43.5,40.5,,44.22999954223633
2015-04-30,55.0,49.0,45.5,41.5,52.0,46.0,43.5,40.5,,44.13199996948242
2015-05-01,55.0,49.0,45.5,41.5,52.0,46.0,43.5,40.5,,44.48300170898438
2015-05-02,55.0,49.0,45.5,41.5,52.0,46.0,43.5,40.5,,
2015-05-03,55.0,49.0,45.5,41.5,52.0,46.0,43.5,40.5,,
2015-05-04,55.0,49.0,45.5,41.5,52.0,46.0,43.5,40.5,33.0,44.57600021362305
2015-05-05,55.0,49.0,45.5,41.5,52.0,46.0,43.5,40.5,,44.55500030517578
2015-05-06,55.0,49.0,45.5,41.5,52.0,46.0,43.5,40.5,,44.3650016784668
2015-05-07,55.0,49.0,45.5,41.5,52.0,46.0,43.5,40.5,,44.49499893188477
2015-05-08,55.0,49.0,45.5,41.5,52.0,46.0,43.5,40.5,,44.57199859619141
2015-05-09,55.0,49.0,45.5,41.5,52.0,46.0,43.5,40.5,,
2015-05-10,55.0,49.0,45.5,41.5,52.0,46.0,43.5,40.5,,
2015-05-11,55.0,49.0,45.5,41.5,52.0,46.0,43.5,40.5,34.15,44.43299865722656
2015-05-12,55.0,49.0,45.5,41.5,52.0,46.0,43.5,40.5,,44.7400016784668
2015-05-13,55.0,49.0,45.5,41.5,52.0,46.0,43.5,40.5,,44.61999893188477
2015-05-14,55.0,49.0,45.5,41.5,52.0,46.0,43.5,40.5,,44.5
2015-05-15,56.0,50.0,46.0,42.0,52.5,46.5,44.0,41.0,,44.40000152587891
2015-05-16,56.0,50.0,46.0,42.0,52.5,46.5,44.0,41.0,,
2015-05-17,56.0,50.0,46.0,42.0,52.5,46.5,44.0,41.0,,
2015-05-18,56.0,50.0,46.0,42.0,52.5,46.5,44.0,41.0,33.4,44.27299880981445
2015-05-19,56.0,50.0,46.0,42.0,52.5,46.5,44.0,41.0,,44.34999847412109
2015-05-20,56.0,50.0,46.0,42.0,52.5,46.5,44.0,41.0,,44.5099983215332
2015-05-21,56.0,50.0,46.0,42.0,52.5,46.5,44.0,41.0,,44.39300155639648
2015-05-22,57.0,51.0,46.5,42.5,53.0,47.0,44.5,41.5,,44.40000152587891
2015-05-23,57.0,51.0,46.5,42.5,53.0,47.0,44.5,41.5,,
2015-05-24,57.0,51.0,46.5,42.5,53.0,47.0,44.5,41.5,,
2015-05-25,57.0,51.0,46.5,42.5,53.0,47.0,44.5,41.5,33.4,44.50899887084961
2015-05-26,57.0,51.0,46.5,42.5,53.0,47.0,44.5,41.5,,44.4739990234375
2015-05-27,57.0,51.0,46.5,42.5,53.0,47.0,44.5,41.5,,44.66500091552734
2015-05-28,57.0,51.0,46.5,42.5,53.0,47.0,44.5,41.5,,44.49499893188477
2015-05-29,58.0,52.0,47.0,43.0,54.0,48.0,45.0,42.0,,44.41999816894531
2015-05-30,58.0,52.0,47.0,43.0,54.0,48.0,45.0,42.0,,
2015-05-31,58.0,52.0,47.0,43.0,54.0,48.0,45.0,42.0,,
2015-06-01,58.0,52.0,47.0,43.0,54.0,48.0,45.0,42.0,33.15,44.40999984741211
2015-06-02,58.0,52.0,47.0,43.0,54.0,48.0,45.0,42.0,,44.4109992980957
2015-06-03,58.0,52.0,47.0,43.0,54.0,48.0,45.0,42.0,,44.68500137329102
2015-06-04,58.0,52.0,47.0,43.0,54.0,48.0,45.0,42.0,,44.68000030517578
2015-06-05,58.0,52.0,47.0,43.0,54.0,48.0,45.0,42.0,,44.84999847412109
2015-06-06,58.0,52.0,47.0,43.0,54.0,48.0,45.0,42.0,,
2015-06-07,58.0,52.0,47.0,43.0,54.0,48.0,45.0,42.0,,
2015-06-08,58.0,52.5,47.5,43.5,54.0,48.0,45.5,42.5,33.15,44.9900016784668
2015-06-09,58.0,52.5,47.5,43.5,54.0,48.0,45.5,42.5,,44.93000030517578
2015-06-10,58.0,52.5,47.5,43.5,54.0,48.0,45.5,42.5,,44.93999862670898
2015-06-11,58.0,52.5,47.5,43.5,54.0,48.0,45.5,42.5,,44.87200164794922
2015-06-12,58.0,52.5,47.5,43.5,54.0,48.0,45.5,42.5,,45.11800003051758
2015-06-13,58.0,52.5,47.5,43.5,54.0,48.0,45.5,42.5,,
2015-06-14,58.0,52.5,47.5,43.5,54.0,48.0,45.5,42.5,,
2015-06-15,60.0,53.0,48.0,44.0,55.0,49.0,46.0,43.0,31.65,45.17200088500977
2015-06-16,60.0,53.0,48.0,44.0,55.0,49.0,46.0,43.0,,45.0
2015-06-17,60.0,53.0,48.0,44.0,55.0,49.0,46.0,43.0,,44.97999954223633
2015-06-18,60.0,53.0,48.0,44.0,55.0,49.0,46.0,43.0,,45.08300018310547
2015-06-19,60.0,53.0,48.0,44.0,55.0,49.0,46.0,43.0,,44.75699996948242
2015-06-20,60.0,53.0,48.0,44.0,55.0,49.0,46.0,43.0,,
2015-06-21,60.0,53.0,48.0,44.0,55.0,49.0,46.0,43.0,,
2015-06-22,60.0,54.0,48.5,44.5,55.0,49.0,46.5,43.5,30.8,44.89500045776367
2015-06-23,60.0,54.0,48.5,44.5,55.0,49.0,46.5,43.5,,44.87300109863281
2015-06-24,60.0,54.0,48.5,44.5,55.0,49.0,46.5,43.5,,44.98300170898438
2015-06-25,60.0,54.0,48.5,44.5,55.0,49.0,46.5,43.5,,44.99700164794922
2015-06-26,60.0,54.0,48.5,44.5,55.0,49.0,46.5,43.5,,44.98400115966797
2015-06-27,60.0,54.0,48.5,44.5,55.0,49.0,46.5,43.5,,
2015-06-28,60.0,54.0,48.5,44.5,55.0,49.0,46.5,43.5,,
2015-06-29,62.0,55.0,49.0,45.0,56.0,50.0,47.0,44.0,31.05,45.01499938964844
2015-06-30,62.0,55.0,49.0,45.0,56.0,50.0,47.0,44.0,,44.94900131225586
2015-07-01,62.0,55.0,49.0,45.0,56.0,50.0,47.0,44.0,,45.06499862670898
2015-07-02,62.0,55.0,49.0,45.0,56.0,50.0,47.0,44.0,,44.99300003051758
2015-07-03,62.0,55.0,49.0,45.0,56.0,50.0,47.0,44.0,,44.99100112915039
2015-07-04,62.0,55.0,49.0,45.0,56.0,50.0,47.0,44.0,,
2015-07-05,62.0,55.0,49.0,45.0,56.0,50.0,47.0,44.0,,
2015-07-06,62.0,55.0,49.0,45.0,56.0,50.0,47.0,44.0,29.9,44.96500015258789
2015-07-07,62.0,55.0,49.0,45.0,56.0,50.0,47.0,44.0,,44.9900016784668
2015-07-08,62.5,55.5,49.5,45.5,56.5,50.5,47.5,44.5,,45.06000137329102
2015-07-09,62.5,55.5,49.5,45.5,56.5,50.5,47.5,44.5,,45.02999877929688
2015-07-10,62.5,55.5,49.5,45.5,56.5,50.5,47.5,44.5,,45.02999877929688
2015-07-11,62.5,55.5,49.5,45.5,56.5,50.5,47.5,44.5,,
2015-07-12,62.5,55.5,49.5,45.5,56.5,50.5,47.5,44.5,,
2015-07-13,62.5,55.5,49.5,45.5,56.5,50.5,47.5,44.5,28.8,44.97499847412109
2015-07-14,62.5,55.5,49.5,45.5,56.5,50.5,47.5,44.5,,45.05099868774414
2015-07-15,63.0,56.0,50.0,46.0,57.0,51.0,48.0,45.0,,45.10499954223633
2015-07-16,63.0,56.0,50.0,46.0,57.0,51.0,48.0,45.0,,45.20000076293945
2015-07-17,63.0,56.0,50.0,46.0,57.0,51.0,48.0,45.0,,45.11800003051758
2015-07-18,63.0,56.0,50.0,46.0,57.0,51.0,48.0,45.0,,
2015-07-19,63.0,56.0,50.0,46.0,57.0,51.0,48.0,45.0,,
2015-07-20,63.0,56.0,50.0,46.0,57.0,51.0,48.0,45.0,28.5,45.13800048828125
2015-07-21,63.0,56.0,50.0,46.0,57.0,51.0,48.0,45.0,,45.20800018310547
2015-07-22,64.0,57.0,50.5,46.5,58.0,52.0,48.5,45.5,,45.02500152587891
2015-07-23,64.0,57.0,50.5,46.5,58.0,52.0,48.5,45.5,,45.06900024414062
2015-07-24,64.0,57.0,50.5,46.5,58.0,52.0,48.5,45.5,,45.21799850463867
2015-07-25,64.0,57.0,50.5,46.5,58.0,52.0,48.5,45.5,,
2015-07-26,64.0,57.0,50.5,46.5,58.0,52.0,48.5,45.5,,
2015-07-27,64.0,57.0,50.5,46.5,58.0,52.0,48.5,45.5,27.4,45.42800140380859
2015-07-28,64.0,57.0,50.5,46.5,58.0,52.0,48.5,45.5,,45.43399810791016
2015-07-29,65.0,58.0,51.0,47.0,58.5,52.5,49.0,46.0,,45.41999816894531
2015-07-30,65.0,58.0,51.0,47.0,58.5,52.5,49.0,46.0,,45.45999908447266
2015-07-31,65.0,58.0,51.0,47.0,58.5,52.5,49.0,46.0,,45.56800079345703
2015-08-01,65.0,58.0,51.0,47.0,58.5,52.5,49.0,46.0,,
2015-08-02,65.0,58.0,51.0,47.0,58.5,52.5,49.0,46.0,,
2015-08-03,65.0,58.0,51.0,47.0,58.5,52.5,49.0,46.0,26.3,45.53499984741211
2015-08-04,65.0,58.0,51.0,47.0,58.5,52.5,49.0,46.0,,45.65599822998047
2015-08-05,65.0,58.0,51.0,47.0,58.5,52.5,49.0,46.0,,45.51300048828125
2015-08-06,65.0,58.0,51.0,47.0,58.5,52.5,49.0,46.0,,45.62200164794922
2015-08-07,65.0,58.0,51.0,47.0,58.5,52.5,49.0,46.0,,45.66999816894531
2015-08-08,66.0,59.0,51.5,47.5,59.0,53.0,49.5,46.5,,
2015-08-09,66.0,59.0,51.5,47.5,59.0,53.0,49.5,46.5,,
2015-08-10,66.0,59.0,51.5,47.5,59.0,53.0,49.5,46.5,25.4,45.66999816894531
2015-08-11,66.0,59.0,51.5,47.5,59.0,53.0,49.5,46.5,,45.57699966430664
2015-08-12,66.0,59.0,51.5,47.5,59.0,53.0,49.5,46.5,,46.04999923706055
2015-08-13,66.0,59.0,51.5,47.5,59.0,53.0,49.5,46.5,,46.06600189208984
2015-08-14,66.0,59.0,51.5,47.5,59.0,53.0,49.5,46.5,,46.05799865722656
2015-08-15,67.0,60.0,52.0,48.0,59.5,53.5,50.0,47.0,,
2015-08-16,67.0,60.0,52.0,48.0,59.5,53.5,50.0,47.0,,
2015-08-17,67.0,60.0,52.0,48.0,59.5,53.5,50.0,47.0,24.35,46.08499908447266
2015-08-18,67.0,60.0,52.0,48.0,59.5,53.5,50.0,47.0,,46.29000091552734
2015-08-19,67.0,60.0,52.0,48.0,59.5,53.5,50.0,47.0,,46.19300079345703
2015-08-20,67.0,60.0,52.0,48.0,59.5,53.5,50.0,47.0,,46.17800140380859
2015-08-21,67.0,60.0,52.0,48.0,59.5,53.5,50.0,47.0,,46.44400024414062
2015-08-22,66.5,59.5,51.8,47.8,59.5,53.5,49.8,46.8,,
2015-08-23,66.5,59.5,51.8,47.8,59.5,53.5,49.8,46.8,,
2015-08-24,66.5,59.5,51.8,47.8,59.5,53.5,49.8,46.8,23.8,46.52399826049805
2015-08-25,66.5,59.5,51.8,47.8,59.5,53.5,49.8,46.8,,46.6150016784668
2015-08-26,66.5,59.5,51.8,47.8,59.5,53.5,49.8,46.8,,46.54999923706055
2015-08-27,66.5,59.5,51.8,47.8,59.5,53.5,49.8,46.8,,46.46200180053711
2015-08-28,66.5,59.5,51.8,47.8,59.5,53.5,49.8,46.8,,46.54499816894531
2015-08-29,65.5,58.5,51.0,47.0,59.0,53.0,49.0,46.0,,
2015-08-30,65.5,58.5,51.0,47.0,59.0,53.0,49.0,46.0,,
2015-08-31,65.5,58.5,51.0,47.0,59.0,53.0,49.0,46.0,24.25,46.64599990844727
2015-09-01,65.5,58.5,51.0,47.0,59.0,53.0,49.0,46.0,,46.60100173950195
2015-09-02,65.5,58.5,51.0,47.0,59.0,53.0,49.0,46.0,,46.61199951171875
2015-09-03,65.5,58.5,51.0,47.0,59.0,53.0,49.0,46.0,,46.63399887084961
2015-09-04,65.5,58.5,51.0,47.0,59.0,53.0,49.0,46.0,,46.63600158691406
2015-09-05,65.5,58.5,51.0,47.0,59.0,53.0,49.0,46.0,,
2015-09-06,65.5,58.5,51.0,47.0,59.0,53.0,49.0,46.0,,
2015-09-07,65.5,58.5,51.0,47.0,59.0,53.0,49.0,46.0,26.15,46.80500030517578
2015-09-08,65.0,57.5,50.0,46.0,58.5,52.5,48.0,45.0,,46.89199829101562
2015-09-09,65.0,57.5,50.0,46.0,58.5,52.5,48.0,45.0,,46.69100189208984
2015-09-10,65.0,57.5,50.0,46.0,58.5,52.5,48.0,45.0,,46.79999923706055
2015-09-11,65.0,57.5,50.0,46.0,58.5,52.5,48.0,45.0,,46.65000152587891
2015-09-12,65.0,57.5,50.0,46.0,58.5,52.5,48.0,45.0,,
2015-09-13,65.0,57.5,50.0,46.0,58.5,52.5,48.0,45.0,,
2015-09-14,65.0,57.5,50.0,46.0,58.5,52.5,48.0,45.0,25.4,46.5989990234375
2015-09-15,64.0,56.5,49.0,45.0,58.0,52.0,47.5,44.0,,46.66999816894531
2015-09-16,64.0,56.5,49.0,45.0,58.0,52.0,47.5,44.0,,46.58399963378906
2015-09-17,64.0,56.5,49.0,45.0,58.0,52.0,47.5,44.0,,46.50299835205078
2015-09-18,64.0,56.5,49.0,45.0,58.0,52.0,47.5,44.0,,46.34500122070312
2015-09-19,64.0,56.5,49.0,45.0,58.0,52.0,47.5,44.0,,
2015-09-20,64.0,56.5,49.0,45.0,58.0,52.0,47.5,44.0,,
2015-09-21,64.0,56.5,49.0,45.0,58.0,52.0,47.5,44.0,25.4,46.37900161743164
2015-09-22,63.0,55.5,48.5,44.0,57.5,51.5,47.0,43.5,,46.33599853515625
2015-09-23,63.0,55.5,48.5,44.0,57.5,51.5,47.0,43.5,,46.44699859619141
2015-09-24,63.0,55.5,48.5,44.0,57.5,51.5,47.0,43.5,,46.73899841308594
2015-09-25,63.0,55.5,48.5,44.0,57.5,51.5,47.0,43.5,,46.67399978637695
2015-09-26,63.0,55.5,48.5,44.0,57.5,51.5,47.0,43.5,,
2015-09-27,63.0,55.5,48.5,44.0,57.5,51.5,47.0,43.5,,
2015-09-28,63.0,55.5,48.5,44.0,57.5,51.5,47.0,43.5,26.15,46.63199996948242
2015-09-29,62.0,55.0,48.0,43.5,57.0,51.0,46.5,43.0,,46.70999908447266
2015-09-30,62.0,55.0,48.0,43.5,57.0,51.0,46.5,43.0,,46.68999862670898
2015-10-01,62.0,55.0,48.0,43.5,57.0,51.0,46.5,43.0,,46.58599853515625
2015-10-02,62.0,55.0,48.0,43.5,57.0,51.0,46.5,43.0,,46.64400100708008
2015-10-03,62.0,55.0,48.0,43.5,57.0,51.0,46.5,43.0,,
2015-10-04,62.0,55.0,48.0,43.5,57.0,51.0,46.5,43.0,,
2015-10-05,62.0,55.0,48.0,43.5,57.0,51.0,46.5,43.0,26.15,46.45999908447266
2015-10-06,62.0,55.0,48.0,43.5,57.0,51.0,46.5,43.0,,46.34500122070312
2015-10-07,62.0,55.0,48.0,43.5,57.0,51.0,46.5,43.0,,46.15700149536133
2015-10-08,61.5,54.5,47.5,43.0,56.5,50.5,46.0,42.5,,45.89799880981445
2015-10-09,61.5,54.5,47.5,43.0,56.5,50.5,46.0,42.5,,45.9379997253418
2015-10-10,61.5,54.5,47.5,43.0,56.5,50.5,46.0,42.5,,
2015-10-11,61.5,54.5,47.5,43.0,56.5,50.5,46.0,42.5,,
2015-10-12,61.5,54.5,47.5,43.0,56.5,50.5,46.0,42.5,27.4,45.51699829101562
2015-10-13,61.5,54.5,47.5,43.0,56.5,50.5,46.0,42.5,,45.63000106811523
2015-10-14,61.5,54.5,47.5,43.0,56.5,50.5,46.0,42.5,,46.02000045776367
2015-10-15,61.0,54.0,47.0,42.5,56.0,50.0,45.5,42.0,,45.79000091552734
2015-10-16,61.0,54.0,47.0,42.5,56.0,50.0,45.5,42.0,,45.69400024414062
2015-10-17,61.0,54.0,47.0,42.5,56.0,50.0,45.5,42.0,,
2015-10-18,61.0,54.0,47.0,42.5,56.0,50.0,45.5,42.0,,
2015-10-19,61.0,54.0,47.0,42.5,56.0,50.0,45.5,42.0,26.85,45.89500045776367
2015-10-20,61.0,54.0,47.0,42.5,56.0,50.0,45.5,42.0,,46.04700088500977
2015-10-21,61.0,54.0,47.0,42.5,56.0,50.0,45.5,42.0,,46.18000030517578
2015-10-22,60.5,53.5,46.5,42.0,55.5,49.5,45.0,41.5,,46.3129997253418
2015-10-23,60.5,53.5,46.5,42.0,55.5,49.5,45.0,41.5,,46.22000122070312
2015-10-24,60.5,53.5,46.5,42.0,55.5,49.5,45.0,41.5,,
2015-10-25,60.5,53.5,46.5,42.0,55.5,49.5,45.0,41.5,,
2015-10-26,60.5,53.5,46.5,42.0,55.5,49.5,45.0,41.5,27.05,46.52500152587891
2015-10-27,60.5,53.5,46.5,42.0,55.5,49.5,45.0,41.5,,46.5099983215332
2015-10-28,60.5,53.5,46.5,42.0,55.5,49.5,45.0,41.5,,46.61600112915039
2015-10-29,60.0,53.0,46.0,41.5,55.0,49.0,44.5,41.0,,46.7599983215332
2015-10-30,60.0,53.0,46.0,41.5,55.0,49.0,44.5,41.0,,46.88999938964844
2015-10-31,60.0,53.0,46.0,41.5,55.0,49.0,44.5,41.0,,
2015-11-01,60.0,53.0,46.0,41.5,55.0,49.0,44.5,41.0,,
2015-11-02,60.0,53.0,46.0,41.5,55.0,49.0,44.5,41.0,27.05,46.5989990234375
2015-11-03,60.0,53.0,46.0,41.5,55.0,49.0,44.5,41.0,,46.68299865722656
2015-11-04,60.0,53.0,46.0,41.5,55.0,49.0,44.5,41.0,,46.70500183105469
2015-11-05,60.0,53.0,46.0,41.5,55.0,49.0,44.5,41.0,,46.70199966430664
2015-11-06,60.0,53.0,46.0,41.5,55.0,49.0,44.5,41.0,,46.88000106811523
2015-11-07,60.0,53.0,46.0,41.5,55.0,49.0,44.5,41.0,,
2015-11-08,59.5,52.5,45.5,41.0,54.5,48.5,44.0,40.5,,
2015-11-09,59.5,52.5,45.5,41.0,54.5,48.5,44.0,40.5,26.9,47.01200103759766
2015-11-10,59.5,52.5,45.5,41.0,54.5,48.5,44.0,40.5,,47.09999847412109
2015-11-11,59.5,52.5,45.5,41.0,54.5,48.5,44.0,40.5,,47.18099975585938
2015-11-12,59.5,52.5,45.5,41.0,54.5,48.5,44.0,40.5,,47.02999877929688
2015-11-13,59.5,52.5,45.5,41.0,54.5,48.5,44.0,40.5,,46.85800170898438
2015-11-14,59.5,52.5,45.5,41.0,54.5,48.5,44.0,40.5,,
2015-11-15,59.0,52.0,45.0,40.5,54.0,48.0,43.5,40.0,,
2015-11-16,59.0,52.0,45.0,40.5,54.0,48.0,43.5,40.0,26.15,46.98500061035156
2015-11-17,59.0,52.0,45.0,40.5,54.0,48.0,43.5,40.0,,47.02299880981445
2015-11-18,59.0,52.0,45.0,40.5,54.0,48.0,43.5,40.0,,47.08499908447266
2015-11-19,59.0,52.0,45.0,40.5,54.0,48.0,43.5,40.0,,47.05799865722656
2015-11-20,59.0,52.0,45.0,40.5,54.0,48.0,43.5,40.0,,46.87799835205078
2015-11-21,59.0,52.0,45.0,40.5,54.0,48.0,43.5,40.0,,
2015-11-22,58.5,51.5,44.5,40.0,53.5,47.5,43.0,39.5,,
2015-11-23,58.5,51.5,44.5,40.0,53.5,47.5,43.0,39.5,26.15,46.84099960327148
2015-11-24,58.5,51.5,44.5,40.0,53.5,47.5,43.0,39.5,,46.98300170898438
2015-11-25,58.5,51.5,44.5,40.0,53.5,47.5,43.0,39.5,,46.97000122070312
2015-11-26,58.5,51.5,44.5,40.0,53.5,47.5,43.0,39.5,,46.88299942016602
2015-11-27,58.5,51.5,44.5,40.0,53.5,47.5,43.0,39.5,,47.00299835205078
2015-11-28,58.5,51.5,44.5,40.0,53.5,47.5,43.0,39.5,,
2015-11-29,58.0,51.0,44.0,39.5,53.0,47.0,42.5,39.0,,
2015-11-30,58.0,51.0,44.0,39.5,53.0,47.0,42.5,39.0,26.05,47.09299850463867
2015-12-01,58.0,51.0,44.0,39.5,53.0,47.0,42.5,39.0,,47.01300048828125
2015-12-02,58.0,51.0,44.0,39.5,53.0,47.0,42.5,39.0,,47.01200103759766
2015-12-03,58.0,51.0,44.0,39.5,53.0,47.0,42.5,39.0,,47.07099914550781
2015-12-04,58.0,51.0,44.0,39.5,53.0,47.0,42.5,39.0,,46.86899948120117
2015-12-05,58.0,51.0,44.0,39.5,53.0,47.0,42.5,39.0,,
2015-12-06,58.0,51.0,44.0,39.5,53.0,47.0,42.5,39.0,,
2015-12-07,58.0,51.0,44.0,39.5,53.0,47.0,42.5,39.0,26.05,46.92499923706055
2015-12-08,58.5,51.5,44.5,40.0,53.5,47.5,43.0,39.5,,46.95600128173828
2015-12-09,58.5,51.5,44.5,40.0,53.5,47.5,43.0,39.5,,47.01699829101562
2015-12-10,58.5,51.5,44.5,40.0,53.5,47.5,43.0,39.5,,47.09999847412109
2015-12-11,58.5,51.5,44.5,40.0,53.5,47.5,43.0,39.5,,47.09099960327148
2015-12-12,58.5,51.5,44.5,40.0,53.5,47.5,43.0,39.5,,
2015-12-13,58.5,51.5,44.5,40.0,53.5,47.5,43.0,39.5,,
2015-12-14,58.5,51.5,44.5,40.0,53.5,47.5,43.0,39.5,24.4,47.33499908447266
2015-12-15,59.0,52.0,45.0,40.5,54.0,48.0,43.5,40.0,,47.38999938964844
2015-12-16,59.0,52.0,45.0,40.5,54.0,48.0,43.5,40.0,,47.24100112915039
2015-12-17,59.0,52.0,45.0,40.5,54.0,48.0,43.5,40.0,,47.1349983215332
2015-12-18,59.0,52.0,45.0,40.5,54.0,48.0,43.5,40.0,,47.34999847412109
2015-12-19,59.0,52.0,45.0,40.5,54.0,48.0,43.5,40.0,,
2015-12-20,59.0,52.0,45.0,40.5,54.0,48.0,43.5,40.0,,
2015-12-21,59.0,52.0,45.0,40.5,54.0,48.0,43.5,40.0,22.65,47.14799880981445
2015-12-22,59.5,52.5,45.5,41.0,54.5,48.5,44.0,40.5,,47.21799850463867
2015-12-23,59.5,52.5,45.5,41.0,54.5,48.5,44.0,40.5,,47.09000015258789
2015-12-24,59.5,52.5,45.5,41.0,54.5,48.5,44.0,40.5,,47.04299926757812
2015-12-25,59.5,52.5,45.5,41.0,54.5,48.5,44.0,40.5,,47.10300064086914
2015-12-26,59.5,52.5,45.5,41.0,54.5,48.5,44.0,40.5,,
2015-12-27,59.5,52.5,45.5,41.0,54.5,48.5,44.0,40.5,,
2015-12-28,59.5,52.5,45.5,41.0,54.5,48.5,44.0,40.5,22.65,47.04700088500977
2015-12-29,60.0,53.0,46.0,41.5,55.0,49.0,44.5,41.0,,46.93899917602539
2015-12-30,60.0,53.0,46.0,41.5,55.0,49.0,44.5,41.0,,46.81100082397461
2015-12-31,60.0,53.0,46.0,41.5,55.0,49.0,44.5,41.0,,46.78799819946289
2016-01-01,60.0,53.0,46.0,41.5,55.0,49.0,44.5,41.0,,46.7130012512207
2016-01-02,60.0,53.0,46.0,41.5,55.0,49.0,44.5,41.0,,
2016-01-03,60.0,53.0,46.0,41.5,55.0,49.0,44.5,41.0,,
2016-01-04,60.0,53.0,46.0,41.5,55.0,49.0,44.5,41.0,22.65,46.76200103759766
2016-01-05,60.0,53.0,46.0,41.5,55.0,49.0,44.5,41.0,,46.96699905395508
2016-01-06,60.0,53.0,46.0,41.5,55.0,49.0,44.5,41.0,,46.74100112915039
2016-01-07,60.0,53.0,46.0,41.5,55.0,49.0,44.5,41.0,,46.95199966430664
2016-01-08,59.0,52.0,45.0,40.0,54.5,48.0,43.5,40.0,,46.97499847412109
2016-01-09,59.0,52.0,45.0,40.0,54.5,48.0,43.5,40.0,,
2016-01-10,59.0,52.0,45.0,40.0,54.5,48.0,43.5,40.0,,
2016-01-11,59.0,52.0,45.0,40.0,54.5,48.0,43.5,40.0,21.4,47.12799835205078
2016-01-12,59.0,52.0,45.0,40.0,54.5,48.0,43.5,40.0,,47.0989990234375
2016-01-13,59.0,52.0,45.0,40.0,54.5,48.0,43.5,40.0,,47.24900054931641
2016-01-14,59.0,52.0,45.0,40.0,54.5,48.0,43.5,40.0,,47.36100006103516
2016-01-15,58.5,51.5,44.5,39.5,54.0,47.5,43.0,39.5,,47.61100006103516
2016-01-16,58.5,51.5,44.5,39.5,54.0,47.5,43.0,39.5,,
2016-01-17,58.5,51.5,44.5,39.5,54.0,47.5,43.0,39.5,,
2016-01-18,58.5,51.5,44.5,39.5,54.0,47.5,43.0,39.5,19.85,47.73500061035156
2016-01-19,58.5,51.5,44.5,39.5,54.0,47.5,43.0,39.5,,47.65299987792969
2016-01-20,58.5,51.5,44.5,39.5,54.0,47.5,43.0,39.5,,47.58000183105469
2016-01-21,58.5,51.5,44.5,39.5,54.0,47.5,43.0,39.5,,47.72499847412109
2016-01-22,58.0,51.0,44.0,39.0,54.0,47.0,42.5,39.0,,47.79100036621094
2016-01-23,58.0,51.0,44.0,39.0,54.0,47.0,42.5,39.0,,
2016-01-24,58.0,51.0,44.0,39.0,54.0,47.0,42.5,39.0,,
2016-01-25,58.0,51.0,44.0,39.0,54.0,47.0,42.5,39.0,18.4,47.6349983215332
2016-01-26,58.0,51.0,44.0,39.0,54.0,47.0,42.5,39.0,,47.87699890136719
2016-01-27,58.0,51.0,44.0,39.0,54.0,47.0,42.5,39.0,,47.88899993896484
2016-01-28,58.0,51.0,44.0,39.0,54.0,47.0,42.5,39.0,,47.8120002746582
2016-01-29,57.5,50.5,43.5,38.5,53.5,46.5,42.0,38.5,,47.63800048828125
2016-01-30,57.5,50.5,43.5,38.5,53.5,46.5,42.0,38.5,,
2016-01-31,57.5,50.5,43.5,38.5,53.5,46.5,42.0,38.5,,
2016-02-01,57.5,50.5,43.5,38.5,53.5,46.5,42.0,38.5,19.15,47.60499954223633
2016-02-02,57.5,50.5,43.5,38.5,53.5,46.5,42.0,38.5,,47.51800155639648
2016-02-03,57.5,50.5,43.5,38.5,53.5,46.5,42.0,38.5,,47.79000091552734
2016-02-04,57.5,50.5,43.5,38.5,53.5,46.5,42.0,38.5,,47.63999938964844
2016-02-05,57.5,50.5,43.5,38.5,53.5,46.5,42.0,38.5,,47.39099884033203
2016-02-06,57.5,50.5,43.5,38.5,53.5,46.5,42.0,38.5,,
2016-02-07,57.5,50.5,43.5,38.5,53.5,46.5,42.0,38.5,,
2016-02-08,57.5,50.5,43.5,38.5,53.5,46.5,42.0,38.5,18.45,47.68500137329102
2016-02-09,57.0,50.0,43.0,38.0,53.0,46.0,41.5,38.0,,47.75
2016-02-10,57.0,50.0,43.0,38.0,53.0,46.0,41.5,38.0,,47.50099945068359
2016-02-11,57.0,50.0,43.0,38.0,53.0,46.0,41.5,38.0,,47.2869987487793
2016-02-12,57.0,50.0,43.0,38.0,53.0,46.0,41.5,38.0,,47.43500137329102
2016-02-13,57.0,50.0,43.0,38.0,53.0,46.0,41.5,38.0,,
2016-02-14,57.0,50.0,43.0,38.0,53.0,46.0,41.5,38.0,,
2016-02-15,57.0,50.0,43.0,38.0,53.0,46.0,41.5,38.0,18.45,46.41500091552734
2016-02-16,56.5,49.5,42.5,37.5,52.5,45.5,41.0,37.5,,47.25099945068359
2016-02-17,56.5,49.5,42.5,37.5,52.5,45.5,41.0,37.5,,47.44900131225586
2016-02-18,56.5,49.5,42.5,37.5,52.5,45.5,41.0,37.5,,47.45999908447266
2016-02-19,56.5,49.5,42.5,37.5,52.5,45.5,41.0,37.5,,47.40000152587891
2016-02-20,56.5,49.5,42.5,37.5,52.5,45.5,41.0,37.5,,
2016-02-21,56.5,49.5,42.5,37.5,52.5,45.5,41.0,37.5,,
2016-02-22,56.5,49.5,42.5,37.5,52.5,45.5,41.0,37.5,19.55,47.54199981689453
2016-02-23,56.0,49.0,42.0,37.0,52.0,45.0,40.5,37.0,,47.49499893188477
2016-02-24,56.0,49.0,42.0,37.0,52.0,45.0,40.5,37.0,,47.51100158691406
2016-02-25,56.0,49.0,42.0,37.0,52.0,45.0,40.5,37.0,,47.54000091552734
2016-02-26,56.0,49.0,42.0,37.0,52.0,45.0,40.5,37.0,,47.48099899291992
2016-02-27,56.0,49.0,42.0,37.0,52.0,45.0,40.5,37.0,,
2016-02-28,56.0,49.0,42.0,37.0,52.0,45.0,40.5,37.0,,
2016-02-29,56.0,49.0,42.0,37.0,52.0,45.0,40.5,37.0,19.55,47.38100051879883
2016-03-01,56.0,49.0,42.0,37.0,52.0,45.0,40.5,37.0,,47.41999816894531
2016-03-02,56.0,49.0,42.0,37.0,52.0,45.0,40.5,37.0,,47.01399993896484
2016-03-03,56.0,49.0,42.0,37.0,52.0,45.0,40.5,37.0,,47.05699920654297
2016-03-04,56.0,49.0,42.0,37.0,52.0,45.0,40.5,37.0,,46.82799911499023
2016-03-05,56.0,49.0,42.0,37.0,52.0,45.0,40.5,37.0,,
2016-03-06,56.0,49.0,42.0,37.0,52.0,45.0,40.5,37.0,,
2016-03-07,56.0,49.0,42.0,37.0,52.0,45.0,40.5,37.0,20.8,46.61299896240234
2016-03-08,56.0,49.0,42.0,37.0,52.0,45.0,40.5,37.0,,46.75899887084961
2016-03-09,56.0,49.0,42.0,37.0,52.0,45.0,40.5,37.0,,46.81399917602539
2016-03-10,56.0,49.0,42.0,37.0,52.0,45.0,40.5,37.0,,46.68399810791016
2016-03-11,56.0,49.0,42.0,37.0,52.0,45.0,40.5,37.0,,46.7400016784668
2016-03-12,56.0,49.0,42.0,37.0,52.0,45.0,40.5,37.0,,
2016-03-13,56.0,49.0,42.0,37.0,52.0,45.0,40.5,37.0,,
2016-03-14,56.0,49.0,42.0,37.0,52.0,45.0,40.5,37.0,22.15,46.33499908447266
2016-03-15,56.0,49.0,42.0,37.0,52.0,45.0,40.5,37.0,,46.47499847412109
2016-03-16,56.0,49.0,42.0,37.0,52.0,45.0,40.5,37.0,,46.60699844360352
2016-03-17,56.0,49.0,42.0,37.0,52.0,45.0,40.5,37.0,,46.36399841308594
2016-03-18,56.0,49.0,42.0,37.0,52.0,45.0,40.5,37.0,,45.99399948120117
2016-03-19,56.0,49.0,42.0,37.0,52.0,45.0,40.5,37.0,,
2016-03-20,56.0,49.0,42.0,37.0,52.0,45.0,40.5,37.0,,
2016-03-21,56.0,49.0,42.0,37.0,52.0,45.0,40.5,37.0,22.15,46.35499954223633
2016-03-22,56.0,49.0,42.0,37.0,52.0,45.0,40.5,37.0,,46.2869987487793
2016-03-23,56.0,49.0,42.0,37.0,52.0,45.0,40.5,37.0,,46.1349983215332
2016-03-24,56.0,49.0,42.0,37.0,52.0,45.0,40.5,37.0,,46.31900024414062
2016-03-25,56.0,49.0,42.0,37.0,52.0,45.0,40.5,37.0,,46.27899932861328
2016-03-26,56.0,49.0,42.0,37.0,52.0,45.0,40.5,37.0,,
2016-03-27,56.0,49.0,42.0,37.0,52.0,45.0,40.5,37.0,,
2016-03-28,56.0,49.0,42.0,37.0,52.0,45.0,40.5,37.0,22.25,46.33300018310547
2016-03-29,56.0,49.0,42.0,37.0,52.0,45.0,40.5,37.0,,46.33000183105469
2016-03-30,56.0,49.0,42.0,37.0,52.0,45.0,40.5,37.0,,46.21699905395508
2016-03-31,56.0,49.0,42.0,37.0,52.0,45.0,40.5,37.0,,45.7400016784668
2016-04-01,56.0,49.0,42.0,37.0,52.0,45.0,40.5,37.0,,45.80300140380859
2016-04-02,56.0,49.0,42.0,37.0,52.0,45.0,40.5,37.0,,
2016-04-03,56.0,49.0,42.0,37.0,52.0,45.0,40.5,37.0,,
2016-04-04,56.0,49.0,42.0,37.0,52.0,45.0,40.5,37.0,21.9,45.96500015258789
2016-04-05,56.0,49.0,42.0,37.0,52.0,45.0,40.5,37.0,,46.15999984741211
2016-04-06,56.0,49.0,42.0,37.0,52.0,45.0,40.5,37.0,,46.24200057983398
2016-04-07,56.0,49.0,42.0,37.0,52.0,45.0,40.5,37.0,,46.05599975585938
2016-04-08,56.0,49.0,42.2,37.2,52.0,45.0,40.8,37.3,,46.15499877929688
2016-04-09,56.0,49.0,42.2,37.2,52.0,45.0,40.8,37.3,,
2016-04-10,56.0,49.0,42.2,37.2,52.0,45.0,40.8,37.3,,
2016-04-11,56.0,49.0,42.2,37.2,52.0,45.0,40.8,37.3,22.5,45.97100067138672
2016-04-12,56.0,49.0,42.2,37.2,52.0,45.0,40.8,37.3,,45.97999954223633
2016-04-13,56.0,49.0,42.2,37.2,52.0,45.0,40.8,37.3,,45.90000152587891
2016-04-14,56.0,49.0,42.2,37.2,52.0,45.0,40.8,37.3,,45.9370002746582
2016-04-15,56.5,49.5,42.5,37.5,52.5,45.5,41.2,37.75,,46.22999954223633
2016-04-16,56.5,49.5,42.5,37.5,52.5,45.5,41.2,37.75,,
2016-04-17,56.5,49.5,42.5,37.5,52.5,45.5,41.2,37.75,,
2016-04-18,56.5,49.5,42.5,37.5,52.5,45.5,41.2,37.75,23.15,46.04499816894531
2016-04-19,56.5,49.5,42.5,37.5,52.5,45.5,41.2,37.75,,46.03900146484375
2016-04-20,56.5,49.5,42.5,37.5,52.5,45.5,41.2,37.75,,45.92699813842773
2016-04-21,56.5,49.5,42.5,37.5,52.5,45.5,41.2,37.75,,46.14699935913086
2016-04-22,57.0,50.0,43.0,38.0,53.0,46.0,41.8,38.0,,46.45999908447266
2016-04-23,57.0,50.0,43.0,38.0,53.0,46.0,41.8,38.0,,
2016-04-24,57.0,50.0,43.0,38.0,53.0,46.0,41.8,38.0,,
2016-04-25,57.0,50.0,43.0,38.0,53.0,46.0,41.8,38.0,23.95,46.72000122070312
2016-04-26,57.0,50.0,43.0,38.0,53.0,46.0,41.8,38.0,,46.77999877929688
2016-04-27,57.0,50.0,43.0,38.0,53.0,46.0,41.8,38.0,,46.73500061035156
2016-04-28,57.0,50.0,43.0,38.0,53.0,46.0,41.8,38.0,,46.81900024414062
2016-04-29,58.0,51.0,43.5,38.5,53.5,46.5,42.2,38.5,,46.71200180053711
2016-04-30,58.0,51.0,43.5,38.5,53.5,46.5,42.2,38.5,,
2016-05-01,58.0,51.0,43.5,38.5,53.5,46.5,42.2,38.5,,
2016-05-02,58.0,51.0,43.5,38.5,53.5,46.5,42.2,38.5,25.25,46.93500137329102
2016-05-03,58.0,51.0,43.5,38.5,53.5,46.5,42.2,38.5,,46.95399856567383
2016-05-04,58.0,51.0,43.5,38.5,53.5,46.5,42.2,38.5,,46.90200042724609
2016-05-05,58.0,51.0,43.5,38.5,53.5,46.5,42.2,38.5,,47.14400100708008
2016-05-06,58.0,51.0,43.5,38.5,53.5,46.5,42.2,38.5,,47.2599983215332
2016-05-07,58.0,51.0,43.5,38.5,53.5,46.5,42.2,38.5,,
2016-05-08,58.0,51.0,43.5,38.5,53.5,46.5,42.2,38.5,,
2016-05-09,58.0,51.0,43.5,38.5,53.5,46.5,42.2,38.5,25.0,46.99499893188477
2016-05-10,58.0,51.0,43.5,38.5,53.5,46.5,42.2,38.5,,47.15800094604492
2016-05-11,58.0,51.0,43.5,38.5,53.5,46.5,42.2,38.5,,46.63000106811523
2016-05-12,58.0,51.0,43.5,38.5,53.5,46.5,42.2,38.5,,46.35800170898438
2016-05-13,58.0,51.0,43.5,38.5,53.5,46.5,42.2,38.5,,46.4379997253418
2016-05-14,58.0,51.0,43.5,38.5,53.5,46.5,42.2,38.5,,
2016-05-15,58.5,51.5,44.0,39.0,54.0,47.0,42.5,39.0,,
2016-05-16,58.5,51.5,44.0,39.0,54.0,47.0,42.5,39.0,25.0,46.65999984741211
2016-05-17,58.5,51.5,44.0,39.0,54.0,47.0,42.5,39.0,,46.36100006103516
2016-05-18,58.5,51.5,44.0,39.0,54.0,47.0,42.5,39.0,,46.27799987792969
2016-05-19,58.5,51.5,44.0,39.0,54.0,47.0,42.5,39.0,,46.61999893188477
2016-05-20,58.5,51.5,44.0,39.0,54.0,47.0,42.5,39.0,,46.65999984741211
2016-05-21,58.5,51.5,44.0,39.0,54.0,47.0,42.5,39.0,,
2016-05-22,58.5,51.5,44.0,39.0,54.0,47.0,42.5,39.0,,
2016-05-23,58.5,51.5,44.0,39.0,54.0,47.0,42.5,39.0,26.15,46.69100189208984
2016-05-24,58.5,51.5,44.0,39.0,54.0,47.0,42.5,39.0,,46.56499862670898
2016-05-25,58.5,51.5,44.0,39.0,54.0,47.0,42.5,39.0,,46.59199905395508
2016-05-26,58.5,51.5,44.0,39.0,54.0,47.0,42.5,39.0,,46.61000061035156
2016-05-27,58.5,51.5,44.0,39.0,54.0,47.0,42.5,39.0,,46.54199981689453
2016-05-28,58.5,51.5,44.0,39.0,54.0,47.0,42.5,39.0,,
2016-05-29,58.5,51.5,44.0,39.0,54.0,47.0,42.5,39.0,,
2016-05-30,58.5,51.5,44.0,39.0,54.0,47.0,42.5,39.0,26.75,46.57899856567383
2016-05-31,58.5,51.5,44.0,39.0,54.0,47.0,42.5,39.0,,46.63000106811523
2016-06-01,58.5,51.5,44.0,39.0,54.0,47.0,42.5,39.0,,46.61899948120117
2016-06-02,58.5,51.5,44.0,39.0,54.0,47.0,42.5,39.0,,46.46699905395508
2016-06-03,58.5,51.5,44.0,39.0,54.0,47.0,42.5,39.0,,46.43899917602539
2016-06-04,58.5,51.5,44.0,39.0,54.0,47.0,42.5,39.0,,
2016-06-05,58.5,51.5,44.0,39.0,54.0,47.0,42.5,39.0,,
2016-06-06,58.5,51.5,44.0,39.0,54.0,47.0,42.5,39.0,26.75,46.16500091552734
2016-06-07,58.5,51.5,44.0,39.0,54.0,47.0,42.5,39.0,,46.11000061035156
2016-06-08,59.0,52.0,44.2,39.2,54.5,47.5,42.8,39.2,,45.90000152587891
2016-06-09,59.0,52.0,44.2,39.2,54.5,47.5,42.8,39.2,,45.74300003051758
2016-06-10,59.0,52.0,44.2,39.2,54.5,47.5,42.8,39.2,,45.86199951171875
2016-06-11,59.0,52.0,44.2,39.2,54.5,47.5,42.8,39.2,,
2016-06-12,59.0,52.0,44.2,39.2,54.5,47.5,42.8,39.2,,
2016-06-13,59.0,52.0,44.2,39.2,54.5,47.5,42.8,39.2,27.85,46.0099983215332
2016-06-14,59.0,52.0,44.2,39.2,54.5,47.5,42.8,39.2,,46.00600051879883
2016-06-15,60.0,53.0,44.5,39.5,55.0,48.0,43.0,39.5,,46.15900039672852
2016-06-16,60.0,53.0,44.5,39.5,55.0,48.0,43.0,39.5,,46.1879997253418
2016-06-17,60.0,53.0,44.5,39.5,55.0,48.0,43.0,39.5,,46.31000137329102
2016-06-18,60.0,53.0,44.5,39.5,55.0,48.0,43.0,39.5,,
2016-06-19,60.0,53.0,44.5,39.5,55.0,48.0,43.0,39.5,,
2016-06-20,60.0,53.0,44.5,39.5,55.0,48.0,43.0,39.5,27.45,46.02099990844727
2016-06-21,60.0,53.0,44.5,39.5,55.0,48.0,43.0,39.5,,46.20999908447266
2016-06-22,61.0,54.0,45.0,40.0,55.5,48.5,43.5,40.0,,46.2140007019043
2016-06-23,61.0,54.0,45.0,40.0,55.5,48.5,43.5,40.0,,46.2599983215332
2016-06-24,61.0,54.0,45.0,40.0,55.5,48.5,43.5,40.0,,46.36000061035156
2016-06-25,61.0,54.0,45.0,40.0,55.5,48.5,43.5,40.0,,
2016-06-26,61.0,54.0,45.0,40.0,55.5,48.5,43.5,40.0,,
2016-06-27,61.0,54.0,45.0,40.0,55.5,48.5,43.5,40.0,28.15,46.84700012207031
2016-06-28,61.0,54.0,45.0,40.0,55.5,48.5,43.5,40.0,,47.11600112915039
2016-06-29,62.0,55.0,45.5,40.5,56.0,49.0,44.0,40.5,,46.93000030517578
2016-06-30,62.0,55.0,45.5,40.5,56.0,49.0,44.0,40.5,,46.80500030517578
2016-07-01,62.0,55.0,45.5,40.5,56.0,49.0,44.0,40.5,,47.01499938964844
2016-07-02,62.0,55.0,45.5,40.5,56.0,49.0,44.0,40.5,,
2016-07-03,62.0,55.0,45.5,40.5,56.0,49.0,44.0,40.5,,
2016-07-04,62.0,55.0,45.5,40.5,56.0,49.0,44.0,40.5,28.15,46.8390007019043
2016-07-05,62.0,55.0,45.5,40.5,56.0,49.0,44.0,40.5,,46.72999954223633
2016-07-06,62.0,55.0,45.5,40.5,56.0,49.0,44.0,40.5,,46.94300079345703
2016-07-07,62.0,55.0,45.5,40.5,56.0,49.0,44.0,40.5,,46.94100189208984
2016-07-08,62.0,55.0,45.5,40.5,56.0,49.0,44.0,40.5,,47.00600051879883
2016-07-09,62.0,55.0,45.5,40.5,56.0,49.0,44.0,40.5,,
2016-07-10,62.0,55.0,45.5,40.5,56.0,49.0,44.0,40.5,,
2016-07-11,62.0,55.0,45.5,40.5,56.0,49.0,44.0,40.5,27.4,47.05899810791016
2016-07-12,62.0,55.0,45.5,40.5,56.0,49.0,44.0,40.5,,47.22900009155273
2016-07-13,62.0,55.0,45.5,40.5,56.0,49.0,44.0,40.5,,47.20000076293945
2016-07-14,62.0,55.0,45.5,40.5,56.0,49.0,44.0,40.5,,47.0359992980957
2016-07-15,62.0,55.5,45.8,40.8,56.0,49.5,44.2,40.8,,46.70800018310547
2016-07-16,62.0,55.5,45.8,40.8,56.0,49.5,44.2,40.8,,
2016-07-17,62.0,55.5,45.8,40.8,56.0,49.5,44.2,40.8,,
2016-07-18,62.0,55.5,45.8,40.8,56.0,49.5,44.2,40.8,26.85,46.66999816894531
2016-07-19,62.0,55.5,45.8,40.8,56.0,49.5,44.2,40.8,,46.61299896240234
2016-07-20,62.0,55.5,45.8,40.8,56.0,49.5,44.2,40.8,,46.84000015258789
2016-07-21,62.0,55.5,45.8,40.8,56.0,49.5,44.2,40.8,,47.01300048828125
2016-07-22,62.0,55.5,45.8,40.8,56.0,49.5,44.2,40.8,,46.9640007019043
2016-07-23,62.0,55.5,45.8,40.8,56.0,49.5,44.2,40.8,,
2016-07-24,62.0,55.5,45.8,40.8,56.0,49.5,44.2,40.8,,
2016-07-25,62.0,55.5,45.8,40.8,56.0,49.5,44.2,40.8,26.35,46.9900016784668
2016-07-26,62.0,55.5,45.8,40.8,56.0,49.5,44.2,40.8,,47.02500152587891
2016-07-27,62.0,55.5,45.8,40.8,56.0,49.5,44.2,40.8,,47.02199935913086
2016-07-28,62.0,55.5,45.8,40.8,56.0,49.5,44.2,40.8,,47.02099990844727
2016-07-29,62.0,56.0,46.0,41.0,56.0,50.0,44.5,41.0,,46.99300003051758
2016-07-30,62.0,56.0,46.0,41.0,56.0,50.0,44.5,41.0,,
2016-07-31,62.0,56.0,46.0,41.0,56.0,50.0,44.5,41.0,,
2016-08-01,62.0,56.0,46.0,41.0,56.0,50.0,44.5,41.0,25.35,46.89099884033203
2016-08-02,62.0,56.0,46.0,41.0,56.0,50.0,44.5,41.0,,46.90700149536133
2016-08-03,62.0,56.0,46.0,41.0,56.0,50.0,44.5,41.0,,46.90299987792969
2016-08-04,62.0,56.0,46.0,41.0,56.0,50.0,44.5,41.0,,46.90900039672852
2016-08-05,62.0,56.0,46.0,41.0,56.0,50.0,44.5,41.0,,46.86899948120117
2016-08-06,62.0,56.0,46.0,41.0,56.0,50.0,44.5,41.0,,
2016-08-07,62.0,56.0,46.0,41.0,56.0,50.0,44.5,41.0,,
2016-08-08,62.0,55.5,45.5,40.5,56.0,49.5,44.0,40.5,25.35,46.87400054931641
2016-08-09,62.0,55.5,45.5,40.5,56.0,49.5,44.0,40.5,,46.83399963378906
2016-08-10,62.0,55.5,45.5,40.5,56.0,49.5,44.0,40.5,,46.72600173950195
2016-08-11,62.0,55.5,45.5,40.5,56.0,49.5,44.0,40.5,,46.51800155639648
2016-08-12,62.0,55.5,45.5,40.5,56.0,49.5,44.0,40.5,,46.52199935913086
2016-08-13,62.0,55.5,45.5,40.5,56.0,49.5,44.0,40.5,,
2016-08-14,62.0,55.5,45.5,40.5,56.0,49.5,44.0,40.5,,
2016-08-15,62.0,55.0,45.0,40.0,56.0,49.0,43.5,40.0,26.05,46.55799865722656
2016-08-16,62.0,55.0,45.0,40.0,56.0,49.0,43.5,40.0,,46.18500137329102
2016-08-17,62.0,55.0,45.0,40.0,56.0,49.0,43.5,40.0,,46.14300155639648
2016-08-18,62.0,55.0,45.0,40.0,56.0,49.0,43.5,40.0,,46.2599983215332
2016-08-19,62.0,55.0,45.0,40.0,56.0,49.0,43.5,40.0,,46.15299987792969
2016-08-20,62.0,55.0,45.0,40.0,56.0,49.0,43.5,40.0,,
2016-08-21,62.0,55.0,45.0,40.0,56.0,49.0,43.5,40.0,,
2016-08-22,61.5,54.5,44.5,39.5,55.5,48.5,43.0,39.5,27.5,46.37799835205078
2016-08-23,61.5,54.5,44.5,39.5,55.5,48.5,43.0,39.5,,46.39300155639648
2016-08-24,61.5,54.5,44.5,39.5,55.5,48.5,43.0,39.5,,46.32699966430664
2016-08-25,61.5,54.5,44.5,39.5,55.5,48.5,43.0,39.5,,46.35699844360352
2016-08-26,61.5,54.5,44.5,39.5,55.5,48.5,43.0,39.5,,46.21200180053711
2016-08-27,61.5,54.5,44.5,39.5,55.5,48.5,43.0,39.5,,
2016-08-28,61.5,54.5,44.5,39.5,55.5,48.5,43.0,39.5,,
2016-08-29,61.0,54.0,44.0,39.0,55.0,48.0,42.5,39.0,27.8,46.25500106811523
2016-08-30,61.0,54.0,44.0,39.0,55.0,48.0,42.5,39.0,,46.22000122070312
2016-08-31,61.0,54.0,44.0,39.0,55.0,48.0,42.5,39.0,,46.42200088500977
2016-09-01,61.0,54.0,44.0,39.0,55.0,48.0,42.5,39.0,,46.51900100708008
2016-09-02,61.0,54.0,44.0,39.0,55.0,48.0,42.5,39.0,,46.54899978637695
2016-09-03,61.0,54.0,44.0,39.0,55.0,48.0,42.5,39.0,,
2016-09-04,61.0,54.0,44.0,39.0,55.0,48.0,42.5,39.0,,
2016-09-05,61.0,54.0,44.0,39.0,55.0,48.0,42.5,39.0,27.3,46.61000061035156
2016-09-06,61.0,54.0,44.0,39.0,55.0,48.0,42.5,39.0,,46.39400100708008
2016-09-07,61.0,54.0,44.0,39.0,55.0,48.0,42.5,39.0,,46.33300018310547
2016-09-08,60.5,53.5,43.5,38.5,54.5,47.5,42.0,38.5,,46.58200073242188
2016-09-09,60.5,53.5,43.5,38.5,54.5,47.5,42.0,38.5,,46.93999862670898
2016-09-10,60.5,53.5,43.5,38.5,54.5,47.5,42.0,38.5,,
2016-09-11,60.5,53.5,43.5,38.5,54.5,47.5,42.0,38.5,,
2016-09-12,60.5,53.5,43.5,38.5,54.5,47.5,42.0,38.5,26.7,47.21900177001953
2016-09-13,60.5,53.5,43.5,38.5,54.5,47.5,42.0,38.5,,47.30699920654297
2016-09-14,60.5,53.5,43.5,38.5,54.5,47.5,42.0,38.5,,47.5099983215332
2016-09-15,60.0,53.0,43.0,38.0,54.0,47.0,41.5,38.0,,47.2599983215332
2016-09-16,60.0,53.0,43.0,38.0,54.0,47.0,41.5,38.0,,47.35300064086914
2016-09-17,60.0,53.0,43.0,38.0,54.0,47.0,41.5,38.0,,
2016-09-18,60.0,53.0,43.0,38.0,54.0,47.0,41.5,38.0,,
2016-09-19,60.0,53.0,43.0,38.0,54.0,47.0,41.5,38.0,27.45,47.92399978637695
2016-09-20,60.0,53.0,43.0,38.0,54.0,47.0,41.5,38.0,,47.74399948120117
2016-09-21,60.0,53.0,43.0,38.0,54.0,47.0,41.5,38.0,,47.65999984741211
2016-09-22,59.5,52.5,42.5,37.5,53.5,46.5,41.0,37.5,,47.48300170898438
2016-09-23,59.5,52.5,42.5,37.5,53.5,46.5,41.0,37.5,,47.70199966430664
2016-09-24,59.5,52.5,42.5,37.5,53.5,46.5,41.0,37.5,,
2016-09-25,59.5,52.5,42.5,37.5,53.5,46.5,41.0,37.5,,
2016-09-26,59.5,52.5,42.5,37.5,53.5,46.5,41.0,37.5,27.65,48.10599899291992
2016-09-27,59.5,52.5,42.5,37.5,53.5,46.5,41.0,37.5,,48.19900131225586
2016-09-28,59.5,52.5,42.5,37.5,53.5,46.5,41.0,37.5,,48.18099975585938
2016-09-29,59.0,52.0,42.0,37.0,53.0,46.0,40.5,37.0,,48.15800094604492
2016-09-30,59.0,52.0,42.0,37.0,53.0,46.0,40.5,37.0,,48.1870002746582
2016-10-01,59.0,52.0,42.0,37.0,53.0,46.0,40.5,37.0,,
2016-10-02,59.0,52.0,42.0,37.0,53.0,46.0,40.5,37.0,,
2016-10-03,59.0,52.0,42.0,37.0,53.0,46.0,40.5,37.0,28.15,48.27299880981445
2016-10-04,59.0,52.0,42.0,37.0,53.0,46.0,40.5,37.0,,48.09000015258789
2016-10-05,59.0,52.0,42.0,37.0,53.0,46.0,40.5,37.0,,48.24900054931641
2016-10-06,59.0,52.0,42.0,37.0,53.0,46.0,40.5,37.0,,48.13600158691406
2016-10-07,59.0,52.0,42.0,37.0,53.0,46.0,40.5,37.0,,48.15299987792969
2016-10-08,58.5,51.5,41.5,36.5,52.5,45.5,40.2,36.8,,
2016-10-09,58.5,51.5,41.5,36.5,52.5,45.5,40.2,36.8,,
2016-10-10,58.5,51.5,41.5,36.5,52.5,45.5,40.2,36.8,29.5,48.30799865722656
2016-10-11,58.5,51.5,41.5,36.5,52.5,45.5,40.2,36.8,,48.27500152587891
2016-10-12,58.5,51.5,41.5,36.5,52.5,45.5,40.2,36.8,,48.68000030517578
2016-10-13,58.5,51.5,41.5,36.5,52.5,45.5,40.2,36.8,,48.44699859619141
2016-10-14,58.5,51.5,41.5,36.5,52.5,45.5,40.2,36.8,,48.20199966430664
2016-10-15,58.0,51.0,41.0,36.0,52.0,45.0,40.0,36.5,,
2016-10-16,58.0,51.0,41.0,36.0,52.0,45.0,40.0,36.5,,
2016-10-17,58.0,51.0,41.0,36.0,52.0,45.0,40.0,36.5,29.95,48.34299850463867
2016-10-18,58.0,51.0,41.0,36.0,52.0,45.0,40.0,36.5,,48.34000015258789
2016-10-19,58.0,51.0,41.0,36.0,52.0,45.0,40.0,36.5,,48.01499938964844
2016-10-20,58.0,51.0,41.0,36.0,52.0,45.0,40.0,36.5,,47.75600051879883
2016-10-21,58.0,51.0,41.0,36.0,52.0,45.0,40.0,36.5,,47.93500137329102
2016-10-22,57.5,50.5,40.5,35.8,51.5,44.5,39.8,36.2,,
2016-10-23,57.5,50.5,40.5,35.8,51.5,44.5,39.8,36.2,,
2016-10-24,57.5,50.5,40.5,35.8,51.5,44.5,39.8,36.2,29.95,48.30500030517578
2016-10-25,57.5,50.5,40.5,35.8,51.5,44.5,39.8,36.2,,48.09299850463867
2016-10-26,57.5,50.5,40.5,35.8,51.5,44.5,39.8,36.2,,48.07199859619141
2016-10-27,57.5,50.5,40.5,35.8,51.5,44.5,39.8,36.2,,48.20100021362305
2016-10-28,57.5,50.5,40.5,35.8,51.5,44.5,39.8,36.2,,48.36299896240234
2016-10-29,57.0,50.0,40.0,35.5,51.0,44.0,39.5,36.0,,
2016-10-30,57.0,50.0,40.0,35.5,51.0,44.0,39.5,36.0,,
2016-10-31,57.0,50.0,40.0,35.5,51.0,44.0,39.5,36.0,29.7,48.47999954223633
2016-11-01,57.0,50.0,40.0,35.5,51.0,44.0,39.5,36.0,,48.31900024414062
2016-11-02,57.0,50.0,40.0,35.5,51.0,44.0,39.5,36.0,,48.19699859619141
2016-11-03,57.0,50.0,40.0,35.5,51.0,44.0,39.5,36.0,,48.13100051879883
2016-11-04,57.0,50.0,40.0,35.5,51.0,44.0,39.5,36.0,,48.21599960327148
2016-11-05,57.0,50.0,40.0,35.5,51.0,44.0,39.5,36.0,,
2016-11-06,57.0,50.0,40.0,35.5,51.0,44.0,39.5,36.0,,
2016-11-07,57.0,50.0,40.0,35.5,51.0,44.0,39.5,36.0,28.85,48.54499816894531
2016-11-08,56.5,49.5,39.5,35.0,50.5,43.5,39.0,35.5,,48.54999923706055
2016-11-09,56.5,49.5,39.5,35.0,50.5,43.5,39.0,35.5,,48.43999862670898
2016-11-10,56.5,49.5,39.5,35.0,50.5,43.5,39.0,35.5,,48.77000045776367
2016-11-11,56.5,49.5,39.5,35.0,50.5,43.5,39.0,35.5,,48.83000183105469
2016-11-12,56.5,49.5,39.5,35.0,50.5,43.5,39.0,35.5,,
2016-11-13,56.5,49.5,39.5,35.0,50.5,43.5,39.0,35.5,,
2016-11-14,56.5,49.5,39.5,35.0,50.5,43.5,39.0,35.5,27.55,48.76499938964844
2016-11-15,56.0,49.0,39.0,34.5,50.0,43.0,38.5,35.0,,48.90399932861328
2016-11-16,56.0,49.0,39.0,34.5,50.0,43.0,38.5,35.0,,49.03799819946289
2016-11-17,56.0,49.0,39.0,34.5,50.0,43.0,38.5,35.0,,43.70299911499023
2016-11-18,56.0,49.0,39.0,34.5,50.0,43.0,38.5,35.0,,49.45999908447266
2016-11-19,56.0,49.0,39.0,34.5,50.0,43.0,38.5,35.0,,
2016-11-20,56.0,49.0,39.0,34.5,50.0,43.0,38.5,35.0,,
2016-11-21,56.0,49.0,39.0,34.5,50.0,43.0,38.5,35.0,27.65,49.65499877929688
2016-11-22,56.0,49.0,39.0,34.5,50.0,43.0,38.5,35.0,,49.6870002746582
2016-11-23,56.0,49.0,39.0,34.5,50.0,43.0,38.5,35.0,,49.71500015258789
2016-11-24,56.0,49.0,39.0,34.5,50.0,43.0,38.5,35.0,,49.81000137329102
2016-11-25,56.0,49.0,39.0,34.5,50.0,43.0,38.5,35.0,,49.8390007019043
2016-11-26,56.0,49.0,39.0,34.5,50.0,43.0,38.5,35.0,,
2016-11-27,56.0,49.0,39.0,34.5,50.0,43.0,38.5,35.0,,
2016-11-28,56.0,49.0,39.0,34.5,50.0,43.0,38.5,35.0,28.25,49.84500122070312
2016-11-29,56.0,49.0,39.0,34.5,50.0,43.0,38.5,35.0,,49.58599853515625
2016-11-30,56.0,49.0,39.0,34.5,50.0,43.0,38.5,35.0,,49.57799911499023
2016-12-01,56.0,49.0,39.0,34.5,50.0,43.0,38.5,35.0,,49.69499969482422
2016-12-02,56.0,49.0,39.0,34.5,50.0,43.0,38.5,35.0,,49.62099838256836
2016-12-03,56.0,49.0,39.0,34.5,50.0,43.0,38.5,35.0,,
2016-12-04,56.0,49.0,39.0,34.5,50.0,43.0,38.5,35.0,,
2016-12-05,56.0,49.0,39.0,34.5,50.0,43.0,38.5,35.0,29.65,49.61000061035156
2016-12-06,56.0,49.0,39.0,34.5,50.0,43.0,38.5,35.0,,49.53099822998047
2016-12-07,56.0,49.0,39.0,34.5,50.0,43.0,38.5,35.0,,49.54999923706055
2016-12-08,56.5,49.5,39.5,35.0,50.5,43.5,39.0,35.5,,49.48899841308594
2016-12-09,56.5,49.5,39.5,35.0,50.5,43.5,39.0,35.5,,49.55199813842773
2016-12-10,56.5,49.5,39.5,35.0,50.5,43.5,39.0,35.5,,
2016-12-11,56.5,49.5,39.5,35.0,50.5,43.5,39.0,35.5,,
2016-12-12,56.5,49.5,39.5,35.0,50.5,43.5,39.0,35.5,30.05,49.90499877929688
2016-12-13,56.5,49.5,39.5,35.0,50.5,43.5,39.0,35.5,,49.66899871826172
2016-12-14,56.5,49.5,39.5,35.0,50.5,43.5,39.0,35.5,,49.68299865722656
2016-12-15,57.0,50.0,40.0,35.5,51.0,44.0,39.5,36.0,,49.58200073242188
2016-12-16,57.0,50.0,40.0,35.5,51.0,44.0,39.5,36.0,,49.81399917602539
2016-12-17,57.0,50.0,40.0,35.5,51.0,44.0,39.5,36.0,,
2016-12-18,57.0,50.0,40.0,35.5,51.0,44.0,39.5,36.0,,
2016-12-19,57.0,50.0,40.0,35.5,51.0,44.0,39.5,36.0,30.05,50.03099822998047
2016-12-20,57.0,50.0,40.0,35.5,51.0,44.0,39.5,36.0,,49.85800170898438
2016-12-21,57.0,50.0,40.0,35.5,51.0,44.0,39.5,36.0,,49.84400177001953
2016-12-22,57.0,50.0,40.0,35.5,51.0,44.0,39.5,36.0,,49.84299850463867
2016-12-23,57.0,50.0,40.0,35.5,51.0,44.0,39.5,36.0,,49.68099975585938
2016-12-24,57.0,50.0,40.0,35.5,51.0,44.0,39.5,36.0,,
2016-12-25,57.0,50.0,40.0,35.5,51.0,44.0,39.5,36.0,,
2016-12-26,57.0,50.0,40.0,35.5,51.0,44.0,39.5,36.0,30.55,49.76699829101562
2016-12-27,57.0,50.0,40.0,35.5,51.0,44.0,39.5,36.0,,49.77500152587891
2016-12-28,57.0,50.0,40.0,35.5,51.0,44.0,39.5,36.0,,49.65299987792969
2016-12-29,57.0,50.0,40.0,35.5,51.0,44.0,39.5,36.0,,49.67200088500977
2016-12-30,57.0,50.0,40.0,35.5,51.0,44.0,39.5,36.0,,49.41899871826172
2016-12-31,57.0,50.0,40.0,35.5,51.0,44.0,39.5,36.0,,
2017-01-01,57.0,50.0,40.0,35.5,51.0,44.0,39.5,36.0,,
2017-01-02,57.0,50.0,40.0,35.5,51.0,44.0,39.5,36.0,31.25,49.59600067138672
2017-01-03,57.0,50.0,40.0,35.5,51.0,44.0,39.5,36.0,,49.60499954223633
2017-01-04,57.0,50.0,40.0,35.5,51.0,44.0,39.5,36.0,,49.63299942016602
2017-01-05,57.0,50.0,40.0,35.5,51.0,44.0,39.5,36.0,,49.56000137329102
2017-01-06,57.0,50.0,40.0,35.5,51.0,44.0,39.5,36.0,,49.14799880981445
2017-01-07,57.0,50.0,40.0,35.5,51.0,44.0,39.5,36.0,,
2017-01-08,57.0,50.0,40.0,35.5,51.0,44.0,39.5,36.0,,
2017-01-09,57.0,50.0,40.0,35.5,51.0,44.0,39.5,36.0,31.25,49.55300140380859
2017-01-10,57.5,50.5,40.5,36.0,51.5,44.5,40.0,36.5,,49.43000030517578
2017-01-11,57.5,50.5,40.5,36.0,51.5,44.5,40.0,36.5,,49.45199966430664
2017-01-12,57.5,50.5,40.5,36.0,51.5,44.5,40.0,36.5,,49.47800064086914
2017-01-13,57.5,50.5,40.5,36.0,51.5,44.5,40.0,36.5,,49.45299911499023
2017-01-14,57.5,50.5,40.5,36.0,51.5,44.5,40.0,36.5,,
2017-01-15,57.5,50.5,40.5,36.0,51.5,44.5,40.0,36.5,,
2017-01-16,57.5,50.5,40.5,36.0,51.5,44.5,40.0,36.5,31.25,49.8120002746582
2017-01-17,58.0,51.0,41.0,36.5,52.0,45.0,40.5,37.0,,49.86899948120117
2017-01-18,58.0,51.0,41.0,36.5,52.0,45.0,40.5,37.0,,49.69100189208984
2017-01-19,58.0,51.0,41.0,36.5,52.0,45.0,40.5,37.0,,49.66999816894531
2017-01-20,58.0,51.0,41.0,36.5,52.0,45.0,40.5,37.0,,49.84700012207031
2017-01-21,58.0,51.0,41.0,36.5,52.0,45.0,40.5,37.0,,
2017-01-22,58.0,51.0,41.0,36.5,52.0,45.0,40.5,37.0,,
2017-01-23,58.0,51.0,41.0,36.5,52.0,45.0,40.5,37.0,31.85,49.92100143432617
2017-01-24,58.0,51.0,41.0,36.5,52.0,45.0,40.5,37.0,,49.72000122070312
2017-01-25,58.0,51.0,41.0,36.5,52.0,45.0,40.5,37.0,,49.70999908447266
2017-01-26,58.0,51.0,41.0,36.5,52.0,45.0,40.5,37.0,,49.52000045776367
2017-01-27,58.0,51.0,41.0,36.5,52.0,45.0,40.5,37.0,,49.65599822998047
2017-01-28,58.0,51.0,41.0,36.5,52.0,45.0,40.5,37.0,,
2017-01-29,58.0,51.0,41.0,36.5,52.0,45.0,40.5,37.0,,
2017-01-30,58.0,51.0,41.0,36.5,52.0,45.0,40.5,37.0,31.85,49.63899993896484
2017-01-31,58.0,51.0,41.0,36.5,52.0,45.0,40.5,37.0,,49.67499923706055
2017-02-01,58.0,51.0,41.0,36.5,52.0,45.0,40.5,37.0,,49.62099838256836
2017-02-02,58.0,51.0,41.0,36.5,52.0,45.0,40.5,37.0,,49.68000030517578
2017-02-03,58.0,51.0,41.0,36.5,52.0,45.0,40.5,37.0,,49.7599983215332
2017-02-04,58.0,51.0,41.0,36.5,52.0,45.0,40.5,37.0,,
2017-02-05,58.0,51.0,41.0,36.5,52.0,45.0,40.5,37.0,,
2017-02-06,58.0,51.0,41.0,36.5,52.0,45.0,40.5,37.0,31.35,49.63800048828125
2017-02-07,58.0,51.0,41.0,36.5,52.0,45.0,40.5,37.0,,49.47999954223633
2017-02-08,58.5,51.5,41.5,37.0,52.5,45.5,41.0,37.5,,49.61899948120117
2017-02-09,58.5,51.5,41.5,37.0,52.5,45.5,41.0,37.5,,49.75099945068359
2017-02-10,58.5,51.5,41.5,37.0,52.5,45.5,41.0,37.5,,49.7400016784668
2017-02-11,58.5,51.5,41.5,37.0,52.5,45.5,41.0,37.5,,
2017-02-12,58.5,51.5,41.5,37.0,52.5,45.5,41.0,37.5,,
2017-02-13,58.5,51.5,41.5,37.0,52.5,45.5,41.0,37.5,31.95,49.90499877929688
2017-02-14,58.5,51.5,41.5,37.0,52.5,45.5,41.0,37.5,,49.78799819946289
2017-02-15,59.0,52.0,42.0,37.5,53.0,46.0,41.5,38.0,,49.73699951171875
2017-02-16,59.0,52.0,42.0,37.5,53.0,46.0,41.5,38.0,,49.80899810791016
2017-02-17,59.0,52.0,42.0,37.5,53.0,46.0,41.5,38.0,,49.82600021362305
2017-02-18,59.0,52.0,42.0,37.5,53.0,46.0,41.5,38.0,,
2017-02-19,59.0,52.0,42.0,37.5,53.0,46.0,41.5,38.0,,
2017-02-20,59.0,52.0,42.0,37.5,53.0,46.0,41.5,38.0,31.95,50.10200119018555
2017-02-21,59.0,52.0,42.0,37.5,53.0,46.0,41.5,38.0,,50.30500030517578
2017-02-22,60.0,53.0,43.0,38.0,53.5,46.5,42.0,38.5,,50.12599945068359
2017-02-23,60.0,53.0,43.0,38.0,53.5,46.5,42.0,38.5,,50.07500076293945
2017-02-24,60.0,53.0,43.0,38.0,53.5,46.5,42.0,38.5,,50.06999969482422
2017-02-25,60.0,53.0,43.0,38.0,53.5,46.5,42.0,38.5,,
2017-02-26,60.0,53.0,43.0,38.0,53.5,46.5,42.0,38.5,,
2017-02-27,60.0,53.0,43.0,38.0,53.5,46.5,42.0,38.5,31.75,50.15900039672852
2017-02-28,60.0,53.0,43.0,38.0,53.5,46.5,42.0,38.5,,50.0989990234375
2017-03-01,60.0,53.0,43.0,38.0,53.5,46.5,42.0,38.5,,50.13399887084961
2017-03-02,60.0,53.0,43.0,38.0,53.5,46.5,42.0,38.5,,50.17200088500977
2017-03-03,60.0,53.0,43.0,38.0,53.5,46.5,42.0,38.5,,50.15900039672852
2017-03-04,60.0,53.0,43.0,38.0,53.5,46.5,42.0,38.5,,
2017-03-05,60.0,53.0,43.0,38.0,53.5,46.5,42.0,38.5,,
2017-03-06,60.0,53.0,43.0,38.0,53.5,46.5,42.0,38.5,32.1,48.76699829101562
2017-03-07,60.0,53.0,43.0,38.0,53.5,46.5,42.0,38.5,,50.25500106811523
2017-03-08,60.5,53.5,43.5,38.5,54.0,47.0,42.5,39.0,,50.14199829101562
2017-03-09,60.5,53.5,43.5,38.5,54.0,47.0,42.5,39.0,,50.18399810791016
2017-03-10,60.5,53.5,43.5,38.5,54.0,47.0,42.5,39.0,,50.23899841308594
2017-03-11,60.5,53.5,43.5,38.5,54.0,47.0,42.5,39.0,,
2017-03-12,60.5,53.5,43.5,38.5,54.0,47.0,42.5,39.0,,
2017-03-13,60.5,53.5,43.5,38.5,54.0,47.0,42.5,39.0,31.1,50.25299835205078
2017-03-14,60.5,53.5,43.5,38.5,54.0,47.0,42.5,39.0,,50.13999938964844
2017-03-15,61.0,54.0,44.0,39.0,54.5,47.5,43.0,39.5,,50.17599868774414
2017-03-16,61.0,54.0,44.0,39.0,54.5,47.5,43.0,39.5,,50.07400131225586
2017-03-17,61.0,54.0,44.0,39.0,54.5,47.5,43.0,39.5,,49.88700103759766
2017-03-18,61.0,54.0,44.0,39.0,54.5,47.5,43.0,39.5,,
2017-03-19,61.0,54.0,44.0,39.0,54.5,47.5,43.0,39.5,,
2017-03-20,61.0,54.0,44.0,39.0,54.5,47.5,43.0,39.5,30.1,50.17599868774414
2017-03-21,61.0,54.0,44.0,39.0,54.5,47.5,43.0,39.5,,49.95899963378906
2017-03-22,62.0,55.0,45.0,40.0,55.0,48.0,43.5,40.0,,50.0989990234375
2017-03-23,62.0,55.0,45.0,40.0,55.0,48.0,43.5,40.0,,50.10100173950195
2017-03-24,62.0,55.0,45.0,40.0,55.0,48.0,43.5,40.0,,50.26900100708008
2017-03-25,62.0,55.0,45.0,40.0,55.0,48.0,43.5,40.0,,
2017-03-26,62.0,55.0,45.0,40.0,55.0,48.0,43.5,40.0,,
2017-03-27,62.0,55.0,45.0,40.0,55.0,48.0,43.5,40.0,30.1,50.17599868774414
2017-03-28,62.0,55.0,45.0,40.0,55.0,48.0,43.5,40.0,,49.9900016784668
2017-03-29,62.0,55.0,45.0,40.0,55.0,48.0,43.5,40.0,,50.03200149536133
2017-03-30,62.0,55.0,45.0,40.0,55.0,48.0,43.5,40.0,,50.0620002746582
2017-03-31,62.0,55.0,45.0,40.0,55.0,48.0,43.5,40.0,,50.07099914550781
2017-04-01,62.0,55.0,45.0,40.0,55.0,48.0,43.5,40.0,,
2017-04-02,62.0,55.0,45.0,40.0,55.0,48.0,43.5,40.0,,
2017-04-03,62.0,55.0,45.0,40.0,55.0,48.0,43.5,40.0,30.5,50.16400146484375
2017-04-04,62.0,55.0,45.0,40.0,55.0,48.0,43.5,40.0,,49.9900016784668
2017-04-05,62.0,55.0,45.0,40.0,55.0,48.0,43.5,40.0,,50.08000183105469
2017-04-06,62.0,55.0,45.0,40.0,55.0,48.0,43.5,40.0,,49.99499893188477
2017-04-07,62.0,55.0,45.0,40.0,55.0,48.0,43.5,40.0,,50.03900146484375
2017-04-08,62.5,55.5,45.5,40.5,55.5,48.5,44.0,40.5,,
2017-04-09,62.5,55.5,45.5,40.5,55.5,48.5,44.0,40.5,,
2017-04-10,62.5,55.5,45.5,40.5,55.5,48.5,44.0,40.5,31.6,48.84199905395508
2017-04-11,62.5,55.5,45.5,40.5,55.5,48.5,44.0,40.5,,49.40999984741211
2017-04-12,62.5,55.5,45.5,40.5,55.5,48.5,44.0,40.5,,49.49700164794922
2017-04-13,62.5,55.5,45.5,40.5,55.5,48.5,44.0,40.5,,49.28300094604492
2017-04-14,62.5,55.5,45.5,40.5,55.5,48.5,44.0,40.5,,49.41500091552734
2017-04-15,63.0,56.0,46.0,41.0,56.0,49.0,44.5,41.0,,
2017-04-16,63.0,56.0,46.0,41.0,56.0,49.0,44.5,41.0,,
2017-04-17,63.0,56.0,46.0,41.0,56.0,49.0,44.5,41.0,32.1,49.43399810791016
2017-04-18,63.0,56.0,46.0,41.0,56.0,49.0,44.5,41.0,,49.54000091552734
2017-04-19,63.0,56.0,46.0,41.0,56.0,49.0,44.5,41.0,,49.54199981689453
2017-04-20,63.0,56.0,46.0,41.0,56.0,49.0,44.5,41.0,,49.59400177001953
2017-04-21,63.0,56.0,46.0,41.0,56.0,49.0,44.5,41.0,,49.68099975585938
2017-04-22,64.0,57.0,46.5,41.5,56.5,49.5,45.0,41.5,,
2017-04-23,64.0,57.0,46.5,41.5,56.5,49.5,45.0,41.5,,
2017-04-24,64.0,57.0,46.5,41.5,56.5,49.5,45.0,41.5,31.4,49.8390007019043
2017-04-25,64.0,57.0,46.5,41.5,56.5,49.5,45.0,41.5,,49.68000030517578
2017-04-26,64.0,57.0,46.5,41.5,56.5,49.5,45.0,41.5,,49.51599884033203
2017-04-27,64.0,57.0,46.5,41.5,56.5,49.5,45.0,41.5,,49.74399948120117
2017-04-28,64.0,57.0,46.5,41.5,56.5,49.5,45.0,41.5,,49.82899856567383
2017-04-29,64.0,57.0,46.5,41.5,56.5,49.5,45.0,41.5,,
2017-04-30,64.0,57.0,46.5,41.5,56.5,49.5,45.0,41.5,,
2017-05-01,64.0,57.0,46.5,41.5,56.5,49.5,45.0,41.5,30.7,50.20399856567383
2017-05-02,64.0,57.0,46.5,41.5,56.5,49.5,45.0,41.5,,50.01699829101562
2017-05-03,64.0,57.0,46.5,41.5,56.5,49.5,45.0,41.5,,49.88899993896484
2017-05-04,64.0,57.0,46.5,41.5,56.5,49.5,45.0,41.5,,49.82899856567383
2017-05-05,64.0,57.0,46.5,41.5,56.5,49.5,45.0,41.5,,49.7599983215332
2017-05-06,64.0,57.0,46.5,41.5,56.5,49.5,45.0,41.5,,
2017-05-07,64.0,57.0,46.5,41.5,56.5,49.5,45.0,41.5,,
2017-05-08,64.5,57.5,47.0,42.0,57.0,50.0,45.5,42.0,29.6,49.74399948120117
2017-05-09,64.5,57.5,47.0,42.0,57.0,50.0,45.5,42.0,,49.75
2017-05-10,64.5,57.5,47.0,42.0,57.0,50.0,45.5,42.0,,49.86000061035156
2017-05-11,64.5,57.5,47.0,42.0,57.0,50.0,45.5,42.0,,49.77299880981445
2017-05-12,64.5,57.5,47.0,42.0,57.0,50.0,45.5,42.0,,49.80199813842773
2017-05-13,64.5,57.5,47.0,42.0,57.0,50.0,45.5,42.0,,
2017-05-14,64.5,57.5,47.0,42.0,57.0,50.0,45.5,42.0,,
2017-05-15,65.0,58.0,47.5,42.5,57.0,50.0,45.8,42.3,30.4,49.69699859619141
2017-05-16,65.0,58.0,47.5,42.5,57.0,50.0,45.8,42.3,,49.5099983215332
2017-05-17,65.0,58.0,47.5,42.5,57.0,50.0,45.8,42.3,,49.51699829101562
2017-05-18,65.0,58.0,47.5,42.5,57.0,50.0,45.8,42.3,,49.65499877929688
2017-05-19,65.0,58.0,47.5,42.5,57.0,50.0,45.8,42.3,,49.70500183105469
2017-05-20,65.0,58.0,47.5,42.5,57.0,50.0,45.8,42.3,,
2017-05-21,65.0,58.0,47.5,42.5,57.0,50.0,45.8,42.3,,
2017-05-22,65.5,58.5,48.0,43.0,57.5,50.5,46.0,42.5,30.8,49.68199920654297
2017-05-23,65.5,58.5,48.0,43.0,57.5,50.5,46.0,42.5,,49.61800003051758
2017-05-24,65.5,58.5,48.0,43.0,57.5,50.5,46.0,42.5,,49.76800155639648
2017-05-25,65.5,58.5,48.0,43.0,57.5,50.5,46.0,42.5,,49.84700012207031
2017-05-26,65.5,58.5,48.0,43.0,57.5,50.5,46.0,42.5,,49.81399917602539
2017-05-27,65.5,58.5,48.0,43.0,57.5,50.5,46.0,42.5,,
2017-05-28,65.5,58.5,48.0,43.0,57.5,50.5,46.0,42.5,,
2017-05-29,65.5,58.5,48.0,43.0,57.5,50.5,46.0,42.5,30.4,49.74900054931641
2017-05-30,65.5,58.5,48.0,43.0,57.5,50.5,46.0,42.5,,49.67699813842773
2017-05-31,65.5,58.5,48.0,43.0,57.5,50.5,46.0,42.5,,49.69400024414062
2017-06-01,65.5,58.5,48.0,43.0,57.5,50.5,46.0,42.5,,49.78400039672852
2017-06-02,65.5,58.5,48.0,43.0,57.5,50.5,46.0,42.5,,49.65999984741211
2017-06-03,65.5,58.5,48.0,43.0,57.5,50.5,46.0,42.5,,
2017-06-04,65.5,58.5,48.0,43.0,57.5,50.5,46.0,42.5,,
2017-06-05,65.5,58.5,48.0,43.0,57.5,50.5,46.0,42.5,29.8,49.61700057983398
2017-06-06,65.5,58.5,48.0,43.0,57.5,50.5,46.0,42.5,,49.27500152587891
2017-06-07,65.5,58.5,48.0,43.0,57.5,50.5,46.0,42.5,,49.36000061035156
2017-06-08,66.0,59.0,48.5,43.5,58.0,51.0,46.5,43.0,,49.35300064086914
2017-06-09,66.0,59.0,48.5,43.5,58.0,51.0,46.5,43.0,,49.40800094604492
2017-06-10,66.0,59.0,48.5,43.5,58.0,51.0,46.5,43.0,,
2017-06-11,66.0,59.0,48.5,43.5,58.0,51.0,46.5,43.0,,
2017-06-12,66.0,59.0,48.5,43.5,58.0,51.0,46.5,43.0,29.2,49.49599838256836
2017-06-13,66.0,59.0,48.5,43.5,58.0,51.0,46.5,43.0,,49.39599990844727
2017-06-14,66.0,59.0,48.5,43.5,58.0,51.0,46.5,43.0,,49.40499877929688
2017-06-15,66.0,59.0,48.5,43.5,58.0,51.0,46.5,43.0,,49.37400054931641
2017-06-16,66.0,59.0,48.5,43.5,58.0,51.0,46.5,43.0,,49.72100067138672
2017-06-17,66.0,59.0,48.5,43.5,58.0,51.0,46.5,43.0,,
2017-06-18,66.0,59.0,48.5,43.5,58.0,51.0,46.5,43.0,,
2017-06-19,66.0,59.0,48.5,43.5,58.0,51.0,46.5,43.0,28.3,49.84999847412109
2017-06-20,66.0,59.0,48.5,43.5,58.0,51.0,46.5,43.0,,49.86000061035156
2017-06-21,66.0,59.0,48.5,43.5,58.0,51.0,46.5,43.0,,49.95199966430664
2017-06-22,66.5,59.5,49.0,44.0,58.5,51.5,47.0,43.5,,50.15399932861328
2017-06-23,66.5,59.5,49.0,44.0,58.5,51.5,47.0,43.5,,50.20000076293945
2017-06-24,66.5,59.5,49.0,44.0,58.5,51.5,47.0,43.5,,
2017-06-25,66.5,59.5,49.0,44.0,58.5,51.5,47.0,43.5,,
2017-06-26,66.5,59.5,49.0,44.0,58.5,51.5,47.0,43.5,28.3,50.0099983215332
2017-06-27,66.5,59.5,49.0,44.0,58.5,51.5,47.0,43.5,,50.10400009155273
2017-06-28,66.5,59.5,49.0,44.0,58.5,51.5,47.0,43.5,,50.21900177001953
2017-06-29,66.5,59.5,49.0,44.0,58.5,51.5,47.0,43.5,,50.375
2017-06-30,66.5,59.5,49.0,44.0,58.5,51.5,47.0,43.5,,50.41799926757812
2017-07-01,66.5,59.5,49.0,44.0,58.5,51.5,47.0,43.5,,
2017-07-02,66.5,59.5,49.0,44.0,58.5,51.5,47.0,43.5,,
2017-07-03,66.5,59.5,49.0,44.0,58.5,51.5,47.0,43.5,29.0,50.38600158691406
2017-07-04,66.5,59.5,49.0,44.0,58.5,51.5,47.0,43.5,,50.42599868774414
2017-07-05,66.5,59.5,49.0,44.0,58.5,51.5,47.0,43.5,,50.32600021362305
2017-07-06,66.5,59.5,49.0,44.0,58.5,51.5,47.0,43.5,,50.36600112915039
2017-07-07,66.5,59.5,49.0,44.0,58.5,51.5,47.0,43.5,,50.54100036621094
2017-07-08,67.0,60.0,49.5,44.5,59.0,52.0,47.5,44.0,,
2017-07-09,67.0,60.0,49.5,44.5,59.0,52.0,47.5,44.0,,
2017-07-10,67.0,60.0,49.5,44.5,59.0,52.0,47.5,44.0,29.7,50.61800003051758
2017-07-11,67.0,60.0,49.5,44.5,59.0,52.0,47.5,44.0,,
2017-07-12,67.0,60.0,49.5,44.5,59.0,52.0,47.5,44.0,,50.61299896240234
2017-07-13,67.0,60.0,49.5,44.5,59.0,52.0,47.5,44.0,,50.33200073242188
2017-07-14,67.0,60.0,49.5,44.5,59.0,52.0,47.5,44.0,,50.43999862670898
2017-07-15,67.0,60.0,49.5,44.5,59.0,52.0,47.5,44.0,,
2017-07-16,67.0,60.0,49.5,44.5,59.0,52.0,47.5,44.0,,
2017-07-17,67.0,60.0,49.5,44.5,59.0,52.0,47.5,44.0,29.3,50.51399993896484
2017-07-18,67.0,60.0,49.5,44.5,59.0,52.0,47.5,44.0,,50.55799865722656
2017-07-19,67.0,60.0,49.5,44.5,59.0,52.0,47.5,44.0,,50.63800048828125
2017-07-20,67.0,60.0,49.5,44.5,59.0,52.0,47.5,44.0,,50.80500030517578
2017-07-21,67.0,60.0,49.5,44.5,59.0,52.0,47.5,44.0,,50.52999877929688
2017-07-22,67.5,60.5,50.0,45.0,59.5,52.5,48.0,44.5,,
2017-07-23,67.5,60.5,50.0,45.0,59.5,52.5,48.0,44.5,,
2017-07-24,67.5,60.5,50.0,45.0,59.5,52.5,48.0,44.5,29.95,50.6619987487793
2017-07-25,67.5,60.5,50.0,45.0,59.5,52.5,48.0,44.5,,50.60800170898438
2017-07-26,67.5,60.5,50.0,45.0,59.5,52.5,48.0,44.5,,50.42399978637695
2017-07-27,67.5,60.5,50.0,45.0,59.5,52.5,48.0,44.5,,50.48699951171875
2017-07-28,67.5,60.5,50.0,45.0,59.5,52.5,48.0,44.5,,50.42599868774414
2017-07-29,67.5,60.5,50.0,45.0,59.5,52.5,48.0,44.5,,
2017-07-30,67.5,60.5,50.0,45.0,59.5,52.5,48.0,44.5,,
2017-07-31,67.5,60.5,50.0,45.0,59.5,52.5,48.0,44.5,30.45,50.53799819946289
2017-08-01,67.5,60.5,50.0,45.0,59.5,52.5,48.0,44.5,,50.33200073242188
2017-08-02,67.5,60.5,50.0,45.0,59.5,52.5,48.0,44.5,,50.29499816894531
2017-08-03,67.5,60.5,50.0,45.0,59.5,52.5,48.0,44.5,,50.26800155639648
2017-08-04,67.5,60.5,50.0,45.0,59.5,52.5,48.0,44.5,,50.17300033569336
2017-08-05,67.5,60.5,50.0,45.0,59.5,52.5,48.0,44.5,,
2017-08-06,67.5,60.5,50.0,45.0,59.5,52.5,48.0,44.5,,
2017-08-07,67.5,60.5,50.0,45.0,59.5,52.5,48.0,44.5,30.95,50.33200073242188
2017-08-08,68.0,61.0,50.5,45.5,60.0,53.0,48.5,45.0,,50.23300170898438
2017-08-09,68.0,61.0,50.5,45.5,60.0,53.0,48.5,45.0,,50.40499877929688
2017-08-10,68.0,61.0,50.5,45.5,60.0,53.0,48.5,45.0,,50.51200103759766
2017-08-11,68.0,61.0,50.5,45.5,60.0,53.0,48.5,45.0,,50.74800109863281
2017-08-12,68.0,61.0,50.5,45.5,60.0,53.0,48.5,45.0,,
2017-08-13,68.0,61.0,50.5,45.5,60.0,53.0,48.5,45.0,,
2017-08-14,68.0,61.0,50.5,45.5,60.0,53.0,48.5,45.0,30.55,50.99300003051758
2017-08-15,68.0,61.0,50.5,45.5,60.0,53.0,48.5,45.0,,51.11399841308594
2017-08-16,68.0,61.0,50.5,45.5,60.0,53.0,48.5,45.0,,51.30400085449219
2017-08-17,68.0,61.0,50.5,45.5,60.0,53.0,48.5,45.0,,51.23899841308594
2017-08-18,68.0,61.0,50.5,45.5,60.0,53.0,48.5,45.0,,51.24700164794922
2017-08-19,68.0,61.0,50.5,45.5,60.0,53.0,48.5,45.0,,
2017-08-20,68.0,61.0,50.5,45.5,60.0,53.0,48.5,45.0,,
2017-08-21,68.0,61.0,50.5,45.5,60.0,53.0,48.5,45.0,30.95,51.38299942016602
2017-08-22,68.5,61.5,51.0,46.0,60.5,53.5,49.0,45.5,,51.35699844360352
2017-08-23,68.5,61.5,51.0,46.0,60.5,53.5,49.0,45.5,,51.16799926757812
2017-08-24,68.5,61.5,51.0,46.0,60.5,53.5,49.0,45.5,,51.00199890136719
2017-08-25,68.5,61.5,51.0,46.0,60.5,53.5,49.0,45.5,,50.89199829101562
2017-08-26,68.5,61.5,51.0,46.0,60.5,53.5,49.0,45.5,,
2017-08-27,68.5,61.5,51.0,46.0,60.5,53.5,49.0,45.5,,
2017-08-28,68.5,61.5,51.0,46.0,60.5,53.5,49.0,45.5,31.55,51.00899887084961
2017-08-29,68.5,61.5,51.0,46.0,60.5,53.5,49.0,45.5,,50.80199813842773
2017-08-30,68.5,61.5,51.0,46.0,60.5,53.5,49.0,45.5,,51.04000091552734
2017-08-31,68.5,61.5,51.0,46.0,60.5,53.5,49.0,45.5,,51.02299880981445
2017-09-01,68.5,61.5,51.0,46.0,60.5,53.5,49.0,45.5,,51.04399871826172
2017-09-02,68.5,61.5,51.0,46.0,60.5,53.5,49.0,45.5,,
2017-09-03,68.5,61.5,51.0,46.0,60.5,53.5,49.0,45.5,,
2017-09-04,68.5,61.5,51.0,46.0,60.5,53.5,49.0,45.5,32.15,51.04499816894531
2017-09-05,68.5,61.5,51.0,46.0,60.5,53.5,49.0,45.5,,51.04700088500977
2017-09-06,68.5,61.5,51.0,46.0,60.5,53.5,49.0,45.5,,50.95999908447266
2017-09-07,68.5,61.5,51.0,46.0,60.5,53.5,49.0,45.5,,50.90399932861328
2017-09-08,68.0,61.0,50.5,45.5,60.0,53.0,48.5,45.0,,50.56999969482422
2017-09-09,68.0,61.0,50.5,45.5,60.0,53.0,48.5,45.0,,
2017-09-10,68.0,61.0,50.5,45.5,60.0,53.0,48.5,45.0,,
2017-09-11,68.0,61.0,50.5,45.5,60.0,53.0,48.5,45.0,32.8,50.81700134277344
2017-09-12,68.0,61.0,50.5,45.5,60.0,53.0,48.5,45.0,,50.77500152587891
2017-09-13,68.0,61.0,50.5,45.5,60.0,53.0,48.5,45.0,,50.77000045776367
2017-09-14,68.0,61.0,50.5,45.5,60.0,53.0,48.5,45.0,,50.95999908447266
2017-09-15,68.0,61.0,50.5,45.5,60.0,53.0,48.5,45.0,,51.14500045776367
2017-09-16,68.0,61.0,50.5,45.5,60.0,53.0,48.5,45.0,,
2017-09-17,68.0,61.0,50.5,45.5,60.0,53.0,48.5,45.0,,
2017-09-18,67.5,60.5,50.0,45.0,59.5,52.5,48.0,44.5,33.4,51.28400039672852
2017-09-19,67.5,60.5,50.0,45.0,59.5,52.5,48.0,44.5,,51.08399963378906
2017-09-20,67.5,60.5,50.0,45.0,59.5,52.5,48.0,44.5,,50.8650016784668
2017-09-21,67.5,60.5,50.0,45.0,59.5,52.5,48.0,44.5,,50.81399917602539
2017-09-22,67.5,60.5,50.0,45.0,59.5,52.5,48.0,44.5,,50.8650016784668
2017-09-23,67.5,60.5,50.0,45.0,59.5,52.5,48.0,44.5,,
2017-09-24,67.5,60.5,50.0,45.0,59.5,52.5,48.0,44.5,,
2017-09-25,67.5,60.5,50.0,45.0,59.5,52.5,48.0,44.5,33.4,50.57400131225586
2017-09-26,67.5,60.5,50.0,45.0,59.5,52.5,48.0,44.5,,50.68500137329102
2017-09-27,67.5,60.5,50.0,45.0,59.5,52.5,48.0,44.5,,50.79499816894531
2017-09-28,67.5,60.5,50.0,45.0,59.5,52.5,48.0,44.5,,50.92499923706055
2017-09-29,67.5,60.5,50.0,45.0,59.5,52.5,48.0,44.5,,50.74900054931641
2017-09-30,67.5,60.5,50.0,45.0,59.5,52.5,48.0,44.5,,
2017-10-01,67.5,60.5,50.0,45.0,59.5,52.5,48.0,44.5,,
2017-10-02,67.5,60.5,50.0,45.0,59.5,52.5,48.0,44.5,32.8,50.87799835205078
2017-10-03,67.5,60.5,50.0,45.0,59.5,52.5,48.0,44.5,,50.96200180053711
2017-10-04,67.5,60.5,50.0,45.0,59.5,52.5,48.0,44.5,,50.92300033569336
2017-10-05,67.0,60.0,49.5,44.5,59.0,52.0,47.5,44.0,,50.86299896240234
2017-10-06,67.0,60.0,49.5,44.5,59.0,52.0,47.5,44.0,,50.88700103759766
2017-10-07,67.0,60.0,49.5,44.5,59.0,52.0,47.5,44.0,,
2017-10-08,67.0,60.0,49.5,44.5,59.0,52.0,47.5,44.0,,
2017-10-09,67.0,60.0,49.5,44.5,59.0,52.0,47.5,44.0,32.8,51.2140007019043
2017-10-10,67.0,60.0,49.5,44.5,59.0,52.0,47.5,44.0,,51.09999847412109
2017-10-11,67.0,60.0,49.5,44.5,59.0,52.0,47.5,44.0,,51.31900024414062
2017-10-12,66.5,59.5,49.0,44.0,58.5,51.5,47.0,43.5,,51.23799896240234
2017-10-13,66.5,59.5,49.0,44.0,58.5,51.5,47.0,43.5,,51.36999893188477
2017-10-14,66.5,59.5,49.0,44.0,58.5,51.5,47.0,43.5,,
2017-10-15,66.5,59.5,49.0,44.0,58.5,51.5,47.0,43.5,,
2017-10-16,66.5,59.5,49.0,44.0,58.5,51.5,47.0,43.5,32.15,51.27799987792969
2017-10-17,66.5,59.5,49.0,44.0,58.5,51.5,47.0,43.5,,51.15000152587891
2017-10-18,66.5,59.5,49.0,44.0,58.5,51.5,47.0,43.5,,51.20600128173828
2017-10-19,66.0,59.0,48.5,43.5,58.0,51.0,46.5,43.0,,51.25
2017-10-20,66.0,59.0,48.5,43.5,58.0,51.0,46.5,43.0,,51.38100051879883
2017-10-21,66.0,59.0,48.5,43.5,58.0,51.0,46.5,43.0,,
2017-10-22,66.0,59.0,48.5,43.5,58.0,51.0,46.5,43.0,,
2017-10-23,66.0,59.0,48.5,43.5,58.0,51.0,46.5,43.0,32.4,51.53200149536133
2017-10-24,66.0,59.0,48.5,43.5,58.0,51.0,46.5,43.0,,51.38600158691406
2017-10-25,66.0,59.0,48.5,43.5,58.0,51.0,46.5,43.0,,51.65999984741211
2017-10-26,65.5,58.5,48.0,43.0,57.5,50.5,46.0,42.5,,51.58499908447266
2017-10-27,65.5,58.5,48.0,43.0,57.5,50.5,46.0,42.5,,51.87200164794922
2017-10-28,65.5,58.5,48.0,43.0,57.5,50.5,46.0,42.5,,
2017-10-29,65.5,58.5,48.0,43.0,57.5,50.5,46.0,42.5,,
2017-10-30,65.5,58.5,48.0,43.0,57.5,50.5,46.0,42.5,33.0,51.66799926757812
2017-10-31,65.5,58.5,48.0,43.0,57.5,50.5,46.0,42.5,,51.52899932861328
2017-11-01,65.5,58.5,48.0,43.0,57.5,50.5,46.0,42.5,,51.49499893188477
2017-11-02,65.5,58.5,48.0,43.0,57.5,50.5,46.0,42.5,,51.40499877929688
2017-11-03,65.5,58.5,48.0,43.0,57.5,50.5,46.0,42.5,,51.25600051879883
2017-11-04,65.5,58.5,48.0,43.0,57.5,50.5,46.0,42.5,,
2017-11-05,65.5,58.5,48.0,43.0,57.5,50.5,46.0,42.5,,
2017-11-06,65.5,58.5,48.0,43.0,57.5,50.5,46.0,42.5,34.1,51.27199935913086
2017-11-07,65.5,58.5,48.0,43.0,57.5,50.5,46.0,42.5,,51.17499923706055
2017-11-08,65.0,58.0,47.5,42.5,57.0,50.0,45.5,42.0,,51.17800140380859
2017-11-09,65.0,58.0,47.5,42.5,57.0,50.0,45.5,42.0,,51.13000106811523
2017-11-10,65.0,58.0,47.5,42.5,57.0,50.0,45.5,42.0,,51.21799850463867
2017-11-11,65.0,58.0,47.5,42.5,57.0,50.0,45.5,42.0,,
2017-11-12,65.0,58.0,47.5,42.5,57.0,50.0,45.5,42.0,,
2017-11-13,65.0,58.0,47.5,42.5,57.0,50.0,45.5,42.0,35.05,51.11199951171875
2017-11-14,65.0,58.0,47.5,42.5,57.0,50.0,45.5,42.0,,51.06600189208984
2017-11-15,64.5,57.5,47.0,42.0,56.5,49.5,45.0,41.5,,51.02999877929688
2017-11-16,64.5,57.5,47.0,42.0,56.5,49.5,45.0,41.5,,
2017-11-17,64.5,57.5,47.0,42.0,56.5,49.5,45.0,41.5,,50.625
2017-11-18,64.5,57.5,47.0,42.0,56.5,49.5,45.0,41.5,,
2017-11-19,64.5,57.5,47.0,42.0,56.5,49.5,45.0,41.5,,
2017-11-20,64.5,57.5,47.0,42.0,56.5,49.5,45.0,41.5,35.05,50.82099914550781
2017-11-21,64.5,57.5,47.0,42.0,56.5,49.5,45.0,41.5,,50.6510009765625
2017-11-22,64.0,57.0,46.5,41.5,56.0,49.0,44.5,41.0,,50.45999908447266
2017-11-23,64.0,57.0,46.5,41.5,56.0,49.0,44.5,41.0,,50.47999954223633
2017-11-24,64.0,57.0,46.5,41.5,56.0,49.0,44.5,41.0,,50.37200164794922
2017-11-25,64.0,57.0,46.5,41.5,56.0,49.0,44.5,41.0,,
2017-11-26,64.0,57.0,46.5,41.5,56.0,49.0,44.5,41.0,,
2017-11-27,64.0,57.0,46.5,41.5,56.0,49.0,44.5,41.0,35.05,50.62400054931641
2017-11-28,64.0,57.0,46.5,41.5,56.0,49.0,44.5,41.0,,50.15700149536133
2017-11-29,63.5,56.5,46.0,41.0,55.5,48.5,44.0,40.5,,50.2130012512207
2017-11-30,63.5,56.5,46.0,41.0,55.5,48.5,44.0,40.5,,50.13600158691406
2017-12-01,63.5,56.5,46.0,41.0,55.5,48.5,44.0,40.5,,50.13299942016602
2017-12-02,63.5,56.5,46.0,41.0,55.5,48.5,44.0,40.5,,
2017-12-03,63.5,56.5,46.0,41.0,55.5,48.5,44.0,40.5,,
2017-12-04,63.5,56.5,46.0,41.0,55.5,48.5,44.0,40.5,35.05,50.27999877929688
2017-12-05,63.5,56.5,46.0,41.0,55.5,48.5,44.0,40.5,,50.5369987487793
2017-12-06,63.5,56.5,46.0,41.0,55.5,48.5,44.0,40.5,,50.51300048828125
2017-12-07,63.5,56.5,46.0,41.0,55.5,48.5,44.0,40.5,,50.5890007019043
2017-12-08,64.0,57.0,46.5,41.5,56.0,49.0,44.5,41.0,,50.53099822998047
2017-12-09,64.0,57.0,46.5,41.5,56.0,49.0,44.5,41.0,,
2017-12-10,64.0,57.0,46.5,41.5,56.0,49.0,44.5,41.0,,
2017-12-11,64.0,57.0,46.5,41.5,56.0,49.0,44.5,41.0,34.55,50.48099899291992
2017-12-12,64.0,57.0,46.5,41.5,56.0,49.0,44.5,41.0,,50.22000122070312
2017-12-13,64.0,57.0,46.5,41.5,56.0,49.0,44.5,41.0,,50.34600067138672
2017-12-14,64.0,57.0,46.5,41.5,56.0,49.0,44.5,41.0,,50.36399841308594
2017-12-15,64.5,57.5,47.0,42.0,56.5,49.5,45.0,41.5,,50.29800033569336
2017-12-16,64.5,57.5,47.0,42.0,56.5,49.5,45.0,41.5,,
2017-12-17,64.5,57.5,47.0,42.0,56.5,49.5,45.0,41.5,,
2017-12-18,64.5,57.5,47.0,42.0,56.5,49.5,45.0,41.5,34.7,50.42800140380859
2017-12-19,64.5,57.5,47.0,42.0,56.5,49.5,45.0,41.5,,50.36899948120117
2017-12-20,64.5,57.5,47.0,42.0,56.5,49.5,45.0,41.5,,50.13600158691406
2017-12-21,64.5,57.5,47.0,42.0,56.5,49.5,45.0,41.5,,50.02000045776367
2017-12-22,65.0,58.0,47.5,42.5,57.0,50.0,45.5,42.0,,50.08499908447266
2017-12-23,65.0,58.0,47.5,42.5,57.0,50.0,45.5,42.0,,
2017-12-24,65.0,58.0,47.5,42.5,57.0,50.0,45.5,42.0,,
2017-12-25,65.0,58.0,47.5,42.5,57.0,50.0,45.5,42.0,34.7,50.09000015258789
2017-12-26,65.0,58.0,47.5,42.5,57.0,50.0,45.5,42.0,,49.81399917602539
2017-12-27,65.0,58.0,47.5,42.5,57.0,50.0,45.5,42.0,,49.80300140380859
2017-12-28,65.0,58.0,47.5,42.5,57.0,50.0,45.5,42.0,,49.73099899291992
2017-12-29,65.0,58.0,47.5,42.5,57.0,50.0,45.5,42.0,,49.75
2017-12-30,65.0,58.0,47.5,42.5,57.0,50.0,45.5,42.0,,
2017-12-31,65.0,58.0,47.5,42.5,57.0,50.0,45.5,42.0,,
2018-01-01,65.0,58.0,47.5,42.5,57.0,50.0,45.5,42.0,34.7,49.95399856567383
2018-01-02,65.0,58.0,47.5,42.5,57.0,50.0,45.5,42.0,,49.90999984741211
2018-01-03,65.0,58.0,47.5,42.5,57.0,50.0,45.5,42.0,,49.90999984741211
2018-01-04,65.0,58.0,47.5,42.5,57.0,50.0,45.5,42.0,,49.77000045776367
2018-01-05,65.0,58.0,47.5,42.5,57.0,50.0,45.5,42.0,,49.75199890136719
2018-01-06,65.5,58.5,48.0,43.0,57.5,50.5,46.0,42.5,,
2018-01-07,65.5,58.5,48.0,43.0,57.5,50.5,46.0,42.5,,
2018-01-08,65.5,58.5,48.0,43.0,57.5,50.5,46.0,42.5,35.4,49.79700088500977
2018-01-09,65.5,58.5,48.0,43.0,57.5,50.5,46.0,42.5,,50.0359992980957
2018-01-10,65.5,58.5,48.0,43.0,57.5,50.5,46.0,42.5,,50.17499923706055
2018-01-11,65.5,58.5,48.0,43.0,57.5,50.5,46.0,42.5,,50.30500030517578
2018-01-12,65.5,58.5,48.0,43.0,57.5,50.5,46.0,42.5,,50.24800109863281
2018-01-13,66.0,59.0,48.5,43.5,58.0,51.0,46.5,43.0,,
2018-01-14,66.0,59.0,48.5,43.5,58.0,51.0,46.5,43.0,,
2018-01-15,66.0,59.0,48.5,43.5,58.0,51.0,46.5,43.0,38.45,50.41899871826172
2018-01-16,66.0,59.0,48.5,43.5,58.0,51.0,46.5,43.0,,50.25500106811523
2018-01-17,66.0,59.0,48.5,43.5,58.0,51.0,46.5,43.0,,50.42300033569336
2018-01-18,66.0,59.0,48.5,43.5,58.0,51.0,46.5,43.0,,50.59500122070312
2018-01-19,66.0,59.0,48.5,43.5,58.0,51.0,46.5,43.0,,50.67900085449219
2018-01-20,66.5,59.5,49.0,44.0,58.5,51.5,47.0,43.5,,
2018-01-21,66.5,59.5,49.0,44.0,58.5,51.5,47.0,43.5,,
2018-01-22,66.5,59.5,49.0,44.0,58.5,51.5,47.0,43.5,39.1,50.74100112915039
2018-01-23,66.5,59.5,49.0,44.0,58.5,51.5,47.0,43.5,,50.88999938964844
2018-01-24,66.5,59.5,49.0,44.0,58.5,51.5,47.0,43.5,,50.98199844360352
2018-01-25,66.5,59.5,49.0,44.0,58.5,51.5,47.0,43.5,,50.72700119018555
2018-01-26,66.5,59.5,49.0,44.0,58.5,51.5,47.0,43.5,,50.72499847412109
2018-01-27,67.0,60.0,49.5,44.5,59.0,52.0,47.5,44.0,,
2018-01-28,67.0,60.0,49.5,44.5,59.0,52.0,47.5,44.0,,
2018-01-29,67.0,60.0,49.5,44.5,59.0,52.0,47.5,44.0,39.85,50.93000030517578
2018-01-30,67.0,60.0,49.5,44.5,59.0,52.0,47.5,44.0,,51.18299865722656
2018-01-31,67.0,60.0,49.5,44.5,59.0,52.0,47.5,44.0,,51.26900100708008
2018-02-01,67.0,60.0,49.5,44.5,59.0,52.0,47.5,44.0,,51.24200057983398
2018-02-02,67.0,60.0,49.5,44.5,59.0,52.0,47.5,44.0,,51.43899917602539
2018-02-03,67.0,60.0,49.5,44.5,59.0,52.0,47.5,44.0,,
2018-02-04,67.0,60.0,49.5,44.5,59.0,52.0,47.5,44.0,,
2018-02-05,67.0,60.0,49.5,44.5,59.0,52.0,47.5,44.0,40.3,51.47000122070312
2018-02-06,67.0,60.0,49.5,44.5,59.0,52.0,47.5,44.0,,51.38999938964844
2018-02-07,67.0,60.0,49.5,44.5,59.0,52.0,47.5,44.0,,51.29899978637695
2018-02-08,67.5,60.5,50.0,45.0,59.5,52.5,48.0,44.5,,51.14199829101562
2018-02-09,67.5,60.5,50.0,45.0,59.5,52.5,48.0,44.5,,51.6150016784668
2018-02-10,67.5,60.5,50.0,45.0,59.5,52.5,48.0,44.5,,
2018-02-11,67.5,60.5,50.0,45.0,59.5,52.5,48.0,44.5,,
2018-02-12,67.5,60.5,50.0,45.0,59.5,52.5,48.0,44.5,39.25,51.65000152587891
2018-02-13,67.5,60.5,50.0,45.0,59.5,52.5,48.0,44.5,,51.83499908447266
2018-02-14,67.5,60.5,50.0,45.0,59.5,52.5,48.0,44.5,,51.97999954223633
2018-02-15,68.0,61.0,50.5,45.5,60.0,53.0,48.5,45.0,,51.99900054931641
2018-02-16,68.0,61.0,50.5,45.5,60.0,53.0,48.5,45.0,,52.12200164794922
2018-02-17,68.0,61.0,50.5,45.5,60.0,53.0,48.5,45.0,,
2018-02-18,68.0,61.0,50.5,45.5,60.0,53.0,48.5,45.0,,
2018-02-19,68.0,61.0,50.5,45.5,60.0,53.0,48.5,45.0,38.15,52.29899978637695
2018-02-20,68.0,61.0,50.5,45.5,60.0,53.0,48.5,45.0,,52.20700073242188
2018-02-21,68.0,61.0,50.5,45.5,60.0,53.0,48.5,45.0,,52.15800094604492
2018-02-22,68.5,61.5,51.0,46.0,60.5,53.5,49.0,45.5,,51.98500061035156
2018-02-23,68.5,61.5,51.0,46.0,60.5,53.5,49.0,45.5,,51.75600051879883
2018-02-24,68.5,61.5,51.0,46.0,60.5,53.5,49.0,45.5,,
2018-02-25,68.5,61.5,51.0,46.0,60.5,53.5,49.0,45.5,,
2018-02-26,68.5,61.5,51.0,46.0,60.5,53.5,49.0,45.5,38.95,51.68899917602539
2018-02-27,68.5,61.5,51.0,46.0,60.5,53.5,49.0,45.5,,51.7239990234375
2018-02-28,68.5,61.5,51.0,46.0,60.5,53.5,49.0,45.5,,52.13399887084961
2018-03-01,68.5,61.5,51.0,46.0,60.5,53.5,49.0,45.5,,51.97700119018555
2018-03-02,68.5,61.5,51.0,46.0,60.5,53.5,49.0,45.5,,51.70000076293945
2018-03-03,68.5,61.5,51.0,46.0,60.5,53.5,49.0,45.5,,
2018-03-04,68.5,61.5,51.0,46.0,60.5,53.5,49.0,45.5,,
2018-03-05,68.5,61.5,51.0,46.0,60.5,53.5,49.0,45.5,39.6,51.92900085449219
2018-03-06,68.5,61.5,51.0,46.0,60.5,53.5,49.0,45.5,,51.83499908447266
2018-03-07,68.5,61.5,51.0,46.0,60.5,53.5,49.0,45.5,,51.86800003051758
2018-03-08,69.0,62.0,51.5,46.5,61.0,54.0,49.5,46.0,,51.92900085449219
2018-03-09,69.0,62.0,51.5,46.5,61.0,54.0,49.5,46.0,,52.03499984741211
2018-03-10,69.0,62.0,51.5,46.5,61.0,54.0,49.5,46.0,,
2018-03-11,69.0,62.0,51.5,46.5,61.0,54.0,49.5,46.0,,
2018-03-12,69.0,62.0,51.5,46.5,61.0,54.0,49.5,46.0,38.9,51.98699951171875
2018-03-13,69.0,62.0,51.5,46.5,61.0,54.0,49.5,46.0,,51.92200088500977
2018-03-14,69.0,62.0,51.5,46.5,61.0,54.0,49.5,46.0,,51.85300064086914
2018-03-15,69.5,62.5,52.0,47.0,61.5,54.5,50.0,46.5,,51.93000030517578
2018-03-16,69.5,62.5,52.0,47.0,61.5,54.5,50.0,46.5,,52.02199935913086
2018-03-17,69.5,62.5,52.0,47.0,61.5,54.5,50.0,46.5,,
2018-03-18,69.5,62.5,52.0,47.0,61.5,54.5,50.0,46.5,,
2018-03-19,69.5,62.5,52.0,47.0,61.5,54.5,50.0,46.5,38.9,51.9109992980957
2018-03-20,69.5,62.5,52.0,47.0,61.5,54.5,50.0,46.5,,51.98300170898438
2018-03-21,69.5,62.5,52.0,47.0,61.5,54.5,50.0,46.5,,52.01300048828125
2018-03-22,70.0,63.0,52.5,47.5,62.0,55.0,50.5,47.0,,51.99100112915039
2018-03-23,70.0,63.0,52.5,47.5,62.0,55.0,50.5,47.0,,52.30899810791016
2018-03-24,70.0,63.0,52.5,47.5,62.0,55.0,50.5,47.0,,
2018-03-25,70.0,63.0,52.5,47.5,62.0,55.0,50.5,47.0,,
2018-03-26,70.0,63.0,52.5,47.5,62.0,55.0,50.5,47.0,40.6,52.39300155639648
2018-03-27,70.0,63.0,52.5,47.5,62.0,55.0,50.5,47.0,,52.13700103759766
2018-03-28,70.0,63.0,52.5,47.5,62.0,55.0,50.5,47.0,,52.30300140380859
2018-03-29,70.0,63.0,52.5,47.5,62.0,55.0,50.5,47.0,,52.16999816894531
2018-03-30,70.0,63.0,52.5,47.5,62.0,55.0,50.5,47.0,,52.19699859619141
2018-03-31,70.0,63.0,52.5,47.5,62.0,55.0,50.5,47.0,,
2018-04-01,70.0,63.0,52.5,47.5,62.0,55.0,50.5,47.0,,
2018-04-02,70.0,63.0,52.5,47.5,62.0,55.0,50.5,47.0,40.6,52.16299819946289
2018-04-03,70.0,63.0,52.5,47.5,62.0,55.0,50.5,47.0,,52.11000061035156
2018-04-04,70.0,63.0,52.5,47.5,62.0,55.0,50.5,47.0,,51.86000061035156
2018-04-05,70.0,63.0,52.5,47.5,62.0,55.0,50.5,47.0,,51.97600173950195
2018-04-06,70.0,63.0,52.5,47.5,62.0,55.0,50.5,47.0,,51.88000106811523
2018-04-07,70.0,63.0,52.5,47.5,62.0,55.0,50.5,47.0,,
2018-04-08,71.0,64.0,53.0,48.0,62.5,55.5,51.0,47.5,,
2018-04-09,71.0,64.0,53.0,48.0,62.5,55.5,51.0,47.5,40.6,52.03400039672852
2018-04-10,71.0,64.0,53.0,48.0,62.5,55.5,51.0,47.5,,51.87900161743164
2018-04-11,71.0,64.0,53.0,48.0,62.5,55.5,51.0,47.5,,51.81499862670898
2018-04-12,71.0,64.0,53.0,48.0,62.5,55.5,51.0,47.5,,51.95999908447266
2018-04-13,71.0,64.0,53.0,48.0,62.5,55.5,51.0,47.5,,51.84999847412109
2018-04-14,71.0,64.0,53.0,48.0,62.5,55.5,51.0,47.5,,
2018-04-15,72.0,65.0,54.0,49.0,63.0,56.0,51.5,48.0,,
2018-04-16,72.0,65.0,54.0,49.0,63.0,56.0,51.5,48.0,41.55,51.94599914550781
2018-04-17,72.0,65.0,54.0,49.0,63.0,56.0,51.5,48.0,,51.94599914550781
2018-04-18,72.0,65.0,54.0,49.0,63.0,56.0,51.5,48.0,,52.15999984741211
2018-04-19,72.0,65.0,54.0,49.0,63.0,56.0,51.5,48.0,,52.08000183105469
2018-04-20,72.0,65.0,54.0,49.0,63.0,56.0,51.5,48.0,,52.12699890136719
2018-04-21,72.0,65.0,54.0,49.0,63.0,56.0,51.5,48.0,,
2018-04-22,72.5,65.5,54.5,49.5,63.5,56.5,52.0,48.5,,
2018-04-23,72.5,65.5,54.5,49.5,63.5,56.5,52.0,48.5,42.15,52.21699905395508
2018-04-24,72.5,65.5,54.5,49.5,63.5,56.5,52.0,48.5,,52.29000091552734
2018-04-25,72.5,65.5,54.5,49.5,63.5,56.5,52.0,48.5,,52.19300079345703
2018-04-26,72.5,65.5,54.5,49.5,63.5,56.5,52.0,48.5,,52.13800048828125
2018-04-27,72.5,65.5,54.5,49.5,63.5,56.5,52.0,48.5,,51.97800064086914
2018-04-28,72.5,65.5,54.5,49.5,63.5,56.5,52.0,48.5,,
2018-04-29,73.0,66.0,55.0,50.0,64.0,57.0,52.5,49.0,,
2018-04-30,73.0,66.0,55.0,50.0,64.0,57.0,52.5,49.0,42.15,51.61999893188477
2018-05-01,73.0,66.0,55.0,50.0,64.0,57.0,52.5,49.0,,51.72000122070312
2018-05-02,73.0,66.0,55.0,50.0,64.0,57.0,52.5,49.0,,51.72999954223633
2018-05-03,73.0,66.0,55.0,50.0,64.0,57.0,52.5,49.0,,51.73400115966797
2018-05-04,73.0,66.0,55.0,50.0,64.0,57.0,52.5,49.0,,51.63800048828125
2018-05-05,73.0,66.0,55.0,50.0,64.0,57.0,52.5,49.0,,
2018-05-06,73.0,66.0,55.0,50.0,64.0,57.0,52.5,49.0,,
2018-05-07,73.0,66.0,55.0,50.0,64.0,57.0,52.5,49.0,43.15,51.6619987487793
2018-05-08,73.5,66.5,55.5,50.5,64.5,57.5,53.0,49.5,,51.7400016784668
2018-05-09,73.5,66.5,55.5,50.5,64.5,57.5,53.0,49.5,,51.9900016784668
2018-05-10,73.5,66.5,55.5,50.5,64.5,57.5,53.0,49.5,,51.85499954223633
2018-05-11,73.5,66.5,55.5,50.5,64.5,57.5,53.0,49.5,,51.85499954223633
2018-05-12,73.5,66.5,55.5,50.5,64.5,57.5,53.0,49.5,,
2018-05-13,73.5,66.5,55.5,50.5,64.5,57.5,53.0,49.5,,
2018-05-14,73.5,66.5,55.5,50.5,64.5,57.5,53.0,49.5,44.25,52.44900131225586
2018-05-15,74.0,67.0,56.0,51.0,65.0,58.0,53.5,50.0,,52.31000137329102
2018-05-16,74.0,67.0,56.0,51.0,65.0,58.0,53.5,50.0,,52.45999908447266
2018-05-17,74.0,67.0,56.0,51.0,65.0,58.0,53.5,50.0,,52.3849983215332
2018-05-18,74.0,67.0,56.0,51.0,65.0,58.0,53.5,50.0,,52.13100051879883
2018-05-19,74.0,67.0,56.0,51.0,65.0,58.0,53.5,50.0,,
2018-05-20,74.0,67.0,56.0,51.0,65.0,58.0,53.5,50.0,,
2018-05-21,74.0,67.0,56.0,51.0,65.0,58.0,53.5,50.0,45.45,52.39099884033203
2018-05-22,74.5,67.5,56.5,51.5,65.5,58.5,54.0,50.5,,52.33000183105469
2018-05-23,74.5,67.5,56.5,51.5,65.5,58.5,54.0,50.5,,52.19400024414062
2018-05-24,74.5,67.5,56.5,51.5,65.5,58.5,54.0,50.5,,52.47999954223633
2018-05-25,74.5,67.5,56.5,51.5,65.5,58.5,54.0,50.5,,52.39400100708008
2018-05-26,74.5,67.5,56.5,51.5,65.5,58.5,54.0,50.5,,
2018-05-27,74.5,67.5,56.5,51.5,65.5,58.5,54.0,50.5,,
2018-05-28,74.5,67.5,56.5,51.5,65.5,58.5,54.0,50.5,45.45,52.64400100708008
2018-05-29,74.5,67.5,56.5,51.5,65.5,58.5,54.0,50.5,,52.37400054931641
2018-05-30,74.5,67.5,56.5,51.5,65.5,58.5,54.0,50.5,,52.73500061035156
2018-05-31,74.5,67.5,56.5,51.5,65.5,58.5,54.0,50.5,,52.56999969482422
2018-06-01,74.5,67.5,56.5,51.5,65.5,58.5,54.0,50.5,,52.16899871826172
2018-06-02,74.5,67.5,56.5,51.5,65.5,58.5,54.0,50.5,,
2018-06-03,74.5,67.5,56.5,51.5,65.5,58.5,54.0,50.5,,
2018-06-04,74.5,67.5,56.5,51.5,65.5,58.5,54.0,50.5,44.35,52.51499938964844
2018-06-05,74.5,67.5,56.5,51.5,65.5,58.5,54.0,50.5,,52.58300018310547
2018-06-06,74.5,67.5,56.5,51.5,65.5,58.5,54.0,50.5,,52.23699951171875
2018-06-07,74.5,67.5,56.5,51.5,65.5,58.5,54.0,50.5,,52.28900146484375
2018-06-08,75.0,68.0,57.0,52.0,66.0,59.0,54.5,51.0,,52.50799942016602
2018-06-09,75.0,68.0,57.0,52.0,66.0,59.0,54.5,51.0,,
2018-06-10,75.0,68.0,57.0,52.0,66.0,59.0,54.5,51.0,,
2018-06-11,75.0,68.0,57.0,52.0,66.0,59.0,54.5,51.0,43.75,52.89300155639648
2018-06-12,75.0,68.0,57.0,52.0,66.0,59.0,54.5,51.0,,53.05699920654297
2018-06-13,75.0,68.0,57.0,52.0,66.0,59.0,54.5,51.0,,53.22999954223633
2018-06-14,75.0,68.0,57.0,52.0,66.0,59.0,54.5,51.0,,53.07899856567383
2018-06-15,75.5,68.5,57.5,52.5,66.5,59.5,55.0,51.5,,53.23099899291992
2018-06-16,75.5,68.5,57.5,52.5,66.5,59.5,55.0,51.5,,
2018-06-17,75.5,68.5,57.5,52.5,66.5,59.5,55.0,51.5,,
2018-06-18,75.5,68.5,57.5,52.5,66.5,59.5,55.0,51.5,43.2,53.44499969482422
2018-06-19,75.5,68.5,57.5,52.5,66.5,59.5,55.0,51.5,,53.31999969482422
2018-06-20,75.5,68.5,57.5,52.5,66.5,59.5,55.0,51.5,,53.27899932861328
2018-06-21,75.5,68.5,57.5,52.5,66.5,59.5,55.0,51.5,,53.45999908447266
2018-06-22,76.0,69.0,58.0,53.0,67.0,60.0,55.5,52.0,,53.19599914550781
2018-06-23,76.0,69.0,58.0,53.0,67.0,60.0,55.5,52.0,,
2018-06-24,76.0,69.0,58.0,53.0,67.0,60.0,55.5,52.0,,
2018-06-25,76.0,69.0,58.0,53.0,67.0,60.0,55.5,52.0,43.85,53.27500152587891
2018-06-26,76.0,69.0,58.0,53.0,67.0,60.0,55.5,52.0,,53.33700180053711
2018-06-27,76.0,69.0,58.0,53.0,67.0,60.0,55.5,52.0,,53.59999847412109
2018-06-28,76.0,69.0,58.0,53.0,67.0,60.0,55.5,52.0,,53.70000076293945
2018-06-29,76.0,69.0,58.0,53.0,67.0,60.0,55.5,52.0,,53.35200119018555
2018-06-30,76.0,69.0,58.0,53.0,67.0,60.0,55.5,52.0,,
2018-07-01,76.0,69.0,58.0,53.0,67.0,60.0,55.0,52.0,,
2018-07-02,76.0,69.0,58.0,53.0,67.0,60.0,55.0,52.0,44.5,53.36100006103516
2018-07-03,76.0,69.0,58.0,53.0,67.0,60.0,55.0,52.0,,53.34500122070312
2018-07-04,76.0,69.0,58.0,53.0,67.0,60.0,55.0,52.0,,53.27000045776367
2018-07-05,76.0,69.0,58.0,53.0,67.0,60.0,55.0,52.0,,53.33000183105469
2018-07-06,76.5,69.5,58.5,53.5,67.5,60.5,55.5,52.5,,53.47000122070312
2018-07-07,76.5,69.5,58.5,53.5,67.5,60.5,55.5,52.5,,
2018-07-08,76.5,69.5,58.5,53.5,67.5,60.5,55.5,52.5,,
2018-07-09,76.5,69.5,58.5,53.5,67.5,60.5,55.5,52.5,44.5,53.3390007019043
2018-07-10,76.5,69.5,58.5,53.5,67.5,60.5,55.5,52.5,,53.37200164794922
2018-07-11,76.5,69.5,58.5,53.5,67.5,60.5,55.5,52.5,,53.68000030517578
2018-07-12,76.5,69.5,58.5,53.5,67.5,60.5,55.5,52.5,,53.49100112915039
2018-07-13,76.5,69.5,58.5,53.5,67.5,60.5,55.5,52.5,,53.27999877929688
2018-07-14,77.0,70.0,59.0,54.0,68.0,61.0,56.0,53.0,,
2018-07-15,77.0,70.0,59.0,54.0,68.0,61.0,56.0,53.0,,
2018-07-16,77.0,70.0,59.0,54.0,68.0,61.0,56.0,53.0,43.6,53.52199935913086
2018-07-17,77.0,70.0,59.0,54.0,68.0,61.0,56.0,53.0,,53.35800170898438
2018-07-18,77.0,70.0,59.0,54.0,68.0,61.0,56.0,53.0,,53.30300140380859
2018-07-19,77.0,70.0,59.0,54.0,68.0,61.0,56.0,53.0,,53.20999908447266
2018-07-20,77.0,70.0,59.0,54.0,68.0,61.0,56.0,53.0,,53.63999938964844
2018-07-21,77.0,70.0,59.0,54.0,68.0,61.0,56.0,53.0,,
2018-07-22,77.5,70.5,59.5,54.5,68.5,61.5,56.5,53.5,,
2018-07-23,77.5,70.5,59.5,54.5,68.5,61.5,56.5,53.5,43.2,53.34700012207031
2018-07-24,77.5,70.5,59.5,54.5,68.5,61.5,56.5,53.5,,53.45299911499023
2018-07-25,77.5,70.5,59.5,54.5,68.5,61.5,56.5,53.5,,53.18000030517578
2018-07-26,77.5,70.5,59.5,54.5,68.5,61.5,56.5,53.5,,53.07300186157227
2018-07-27,77.5,70.5,59.5,54.5,68.5,61.5,56.5,53.5,,53.26300048828125
2018-07-28,77.5,70.5,59.5,54.5,68.5,61.5,56.5,53.5,,
2018-07-29,78.0,71.0,60.0,55.0,69.0,62.0,57.0,54.0,,
2018-07-30,78.0,71.0,60.0,55.0,69.0,62.0,57.0,54.0,43.8,53.21699905395508
2018-07-31,78.0,71.0,60.0,55.0,69.0,62.0,57.0,54.0,,53.00699996948242
2018-08-01,78.0,71.0,60.0,55.0,69.0,62.0,57.0,54.0,,52.9119987487793
2018-08-02,78.0,71.0,60.0,55.0,69.0,62.0,57.0,54.0,,52.88899993896484
2018-08-03,78.0,71.0,60.0,55.0,69.0,62.0,57.0,54.0,,53.17699813842773
2018-08-04,78.0,71.0,60.0,55.0,69.0,62.0,57.0,54.0,,
2018-08-05,78.0,71.0,60.0,55.0,69.0,62.0,57.0,54.0,,
2018-08-06,78.0,71.0,60.0,55.0,69.0,62.0,57.0,54.0,43.8,53.05500030517578
2018-08-07,78.0,71.0,60.0,55.0,69.0,62.0,57.0,54.0,,52.86999893188477
2018-08-08,78.5,71.5,60.5,55.5,69.5,62.5,57.5,54.5,,52.77199935913086
2018-08-09,78.5,71.5,60.5,55.5,69.5,62.5,57.5,54.5,,53.00199890136719
2018-08-10,78.5,71.5,60.5,55.5,69.5,62.5,57.5,54.5,,53.0099983215332
2018-08-11,78.5,71.5,60.5,55.5,69.5,62.5,57.5,54.5,,
2018-08-12,78.5,71.5,60.5,55.5,69.5,62.5,57.5,54.5,,
2018-08-13,78.5,71.5,60.5,55.5,69.5,62.5,57.5,54.5,43.8,53.2400016784668
2018-08-14,78.5,71.5,60.5,55.5,69.5,62.5,57.5,54.5,,53.51900100708008
2018-08-15,79.0,72.0,61.0,56.0,70.0,63.0,58.0,55.0,,53.34199905395508
2018-08-16,79.0,72.0,61.0,56.0,70.0,63.0,58.0,55.0,,53.47700119018555
2018-08-17,79.0,72.0,61.0,56.0,70.0,63.0,58.0,55.0,,53.29499816894531
2018-08-18,79.0,72.0,61.0,56.0,70.0,63.0,58.0,55.0,,
2018-08-19,79.0,72.0,61.0,56.0,70.0,63.0,58.0,55.0,,
2018-08-20,79.0,72.0,61.0,56.0,70.0,63.0,58.0,55.0,44.05,53.32500076293945
2018-08-21,79.0,72.0,61.0,56.0,70.0,63.0,58.0,55.0,,53.19800186157227
2018-08-22,79.5,72.5,61.5,56.5,70.5,63.5,58.5,55.5,,53.2599983215332
2018-08-23,79.5,72.5,61.5,56.5,70.5,63.5,58.5,55.5,,53.26200103759766
2018-08-24,79.5,72.5,61.5,56.5,70.5,63.5,58.5,55.5,,53.37200164794922
2018-08-25,79.5,72.5,61.5,56.5,70.5,63.5,58.5,55.5,,
2018-08-26,79.5,72.5,61.5,56.5,70.5,63.5,58.5,55.5,,
2018-08-27,79.5,72.5,61.5,56.5,70.5,63.5,58.5,55.5,44.65,53.36399841308594
2018-08-28,79.5,72.5,61.5,56.5,70.5,63.5,58.5,55.5,,53.18000030517578
2018-08-29,80.0,73.0,62.0,57.0,71.0,64.0,59.0,56.0,,53.25
2018-08-30,80.0,73.0,62.0,57.0,71.0,64.0,59.0,56.0,,53.26100158691406
2018-08-31,80.0,73.0,62.0,57.0,71.0,64.0,59.0,56.0,,53.33399963378906
2018-09-01,80.0,73.0,62.0,57.0,71.0,64.0,59.0,56.0,,
2018-09-02,80.0,73.0,62.0,57.0,71.0,64.0,59.0,56.0,,
2018-09-03,80.0,73.0,62.0,57.0,71.0,64.0,59.0,56.0,45.3,53.45999908447266
2018-09-04,80.0,73.0,62.0,57.0,71.0,64.0,59.0,56.0,,53.40399932861328
2018-09-05,80.0,73.0,62.0,57.0,71.0,64.0,59.0,56.0,,53.77999877929688
2018-09-06,80.0,73.0,62.0,57.0,71.0,64.0,59.0,56.0,,53.57500076293945
2018-09-07,80.0,73.0,62.0,57.0,71.0,64.0,59.0,56.0,,53.85499954223633
2018-09-08,80.5,73.5,62.5,57.5,71.5,64.5,59.5,56.5,,
2018-09-09,80.5,73.5,62.5,57.5,71.5,64.5,59.5,56.5,,
2018-09-10,80.5,73.5,62.5,57.5,71.5,64.5,59.5,56.5,45.95,53.72499847412109
2018-09-11,80.5,73.5,62.5,57.5,71.5,64.5,59.5,56.5,,53.80500030517578
2018-09-12,80.5,73.5,62.5,57.5,71.5,64.5,59.5,56.5,,53.82799911499023
2018-09-13,80.5,73.5,62.5,57.5,71.5,64.5,59.5,56.5,,53.84000015258789
2018-09-14,81.0,74.0,63.0,58.0,72.0,65.0,60.0,57.0,,53.88999938964844
2018-09-15,81.0,74.0,63.0,58.0,72.0,65.0,60.0,57.0,,
2018-09-16,81.0,74.0,63.0,58.0,72.0,65.0,60.0,57.0,,
2018-09-17,81.0,74.0,63.0,58.0,72.0,65.0,60.0,57.0,46.4,54.09999847412109
2018-09-18,81.0,74.0,63.0,58.0,72.0,65.0,60.0,57.0,,54.02199935913086
2018-09-19,81.0,74.0,63.0,58.0,72.0,65.0,60.0,57.0,,53.9370002746582
2018-09-20,81.0,74.0,63.0,58.0,72.0,65.0,60.0,57.0,,53.93099975585938
2018-09-21,80.5,73.5,62.5,57.5,71.5,64.5,59.5,56.5,,53.96099853515625
2018-09-22,80.5,73.5,62.5,57.5,71.5,64.5,59.5,56.5,,
2018-09-23,80.5,73.5,62.5,57.5,71.5,64.5,59.5,56.5,,
2018-09-24,80.5,73.5,62.5,57.5,71.5,64.5,59.5,56.5,46.8,54.23099899291992
2018-09-25,80.0,73.0,62.0,57.0,71.0,64.0,59.0,56.0,,54.09700012207031
2018-09-26,80.0,73.0,62.0,57.0,71.0,64.0,59.0,56.0,,53.90999984741211
2018-09-27,80.0,73.0,62.0,57.0,71.0,64.0,59.0,56.0,,54.09600067138672
2018-09-28,80.0,73.0,62.0,57.0,71.0,64.0,59.0,56.0,,54.02999877929688
2018-09-29,79.5,72.5,61.5,56.5,70.5,63.5,58.5,55.5,,
2018-09-30,79.5,72.5,61.5,56.5,70.5,63.5,58.5,55.5,,
2018-10-01,79.0,72.0,61.0,56.0,70.0,63.0,58.0,55.0,48.15,53.96500015258789
2018-10-02,79.0,72.0,61.0,56.0,70.0,63.0,58.0,55.0,,54.16999816894531
2018-10-03,79.0,72.0,61.0,56.0,70.0,63.0,58.0,55.0,,53.70500183105469
2018-10-04,79.0,72.0,61.0,56.0,70.0,63.0,58.0,55.0,,54.14500045776367
2018-10-05,79.0,72.0,61.0,56.0,70.0,63.0,58.0,55.0,,54.18399810791016
2018-10-06,79.0,72.0,61.0,56.0,70.0,63.0,58.0,55.0,,
2018-10-07,79.0,72.0,61.0,56.0,70.0,63.0,58.0,55.0,,
2018-10-08,78.0,71.0,60.0,55.0,69.0,62.0,57.0,54.0,49.6,54.125
2018-10-09,78.0,71.0,60.0,55.0,69.0,62.0,57.0,54.0,,54.0099983215332
2018-10-10,78.0,71.0,60.0,55.0,69.0,62.0,57.0,54.0,,54.04899978637695
2018-10-11,78.0,71.0,60.0,55.0,69.0,62.0,57.0,54.0,,54.01499938964844
2018-10-12,78.0,71.0,60.0,55.0,69.0,62.0,57.0,54.0,,53.93999862670898
2018-10-13,78.0,71.0,60.0,55.0,69.0,62.0,57.0,54.0,,
2018-10-14,78.0,71.0,60.0,55.0,69.0,62.0,57.0,54.0,,
2018-10-15,76.0,69.0,58.0,53.0,68.0,60.0,55.0,52.0,49.6,54.04999923706055
2018-10-16,76.0,69.0,58.0,53.0,68.0,60.0,55.0,52.0,,53.9010009765625
2018-10-17,76.0,69.0,58.0,53.0,68.0,60.0,55.0,52.0,,53.82400131225586
2018-10-18,76.0,69.0,58.0,53.0,68.0,60.0,55.0,52.0,,53.91999816894531
2018-10-19,76.0,69.0,58.0,53.0,68.0,60.0,55.0,52.0,,54.0
2018-10-20,76.0,69.0,58.0,53.0,68.0,60.0,55.0,52.0,,
2018-10-21,76.0,69.0,58.0,53.0,68.0,60.0,55.0,52.0,,
2018-10-22,74.0,67.0,56.0,50.0,66.0,58.0,53.0,49.0,48.55,53.70299911499023
2018-10-23,74.0,67.0,56.0,50.0,66.0,58.0,53.0,49.0,,53.40999984741211
2018-10-24,74.0,67.0,56.0,50.0,66.0,58.0,53.0,49.0,,53.64599990844727
2018-10-25,74.0,67.0,56.0,50.0,66.0,58.0,53.0,49.0,,53.73699951171875
2018-10-26,74.0,67.0,56.0,50.0,66.0,58.0,53.0,49.0,,53.63600158691406
2018-10-27,74.0,67.0,56.0,50.0,66.0,58.0,53.0,49.0,,
2018-10-28,74.0,67.0,56.0,50.0,66.0,58.0,53.0,49.0,,
2018-10-29,72.0,65.0,54.0,48.0,64.0,56.0,50.0,47.0,47.5,53.56999969482422
2018-10-30,72.0,65.0,54.0,48.0,64.0,56.0,50.0,47.0,,53.47499847412109
2018-10-31,72.0,65.0,54.0,48.0,64.0,56.0,50.0,47.0,,53.40999984741211
2018-11-01,72.0,65.0,54.0,48.0,64.0,56.0,50.0,47.0,,53.30599975585938
2018-11-02,72.0,65.0,54.0,48.0,64.0,56.0,50.0,47.0,,53.11899948120117
2018-11-03,72.0,65.0,54.0,48.0,64.0,56.0,50.0,47.0,,
2018-11-04,72.0,65.0,54.0,48.0,64.0,56.0,50.0,47.0,,
2018-11-05,72.0,65.0,54.0,48.0,64.0,56.0,50.0,47.0,46.4,53.15000152587891
2018-11-06,72.0,65.0,54.0,48.0,64.0,56.0,50.0,47.0,,53.11000061035156
2018-11-07,72.0,65.0,54.0,48.0,64.0,56.0,50.0,47.0,,52.90900039672852
2018-11-08,70.0,63.0,52.0,46.0,62.0,54.0,48.0,45.0,,52.75
2018-11-09,70.0,63.0,52.0,46.0,62.0,54.0,48.0,45.0,,52.84999847412109
2018-11-10,70.0,63.0,52.0,46.0,62.0,54.0,48.0,45.0,,
2018-11-11,70.0,63.0,52.0,46.0,62.0,54.0,48.0,45.0,,
2018-11-12,70.0,63.0,52.0,46.0,62.0,54.0,48.0,45.0,44.3,53.11700057983398
2018-11-13,70.0,63.0,52.0,46.0,62.0,54.0,48.0,45.0,,53.15999984741211
2018-11-14,70.0,63.0,52.0,46.0,62.0,54.0,48.0,45.0,,53.04499816894531
2018-11-15,68.0,61.0,50.0,44.0,60.0,52.0,46.0,43.0,,52.95999908447266
2018-11-16,68.0,61.0,50.0,44.0,60.0,52.0,46.0,43.0,,52.54199981689453
2018-11-17,68.0,61.0,50.0,44.0,60.0,52.0,46.0,43.0,,
2018-11-18,68.0,61.0,50.0,44.0,60.0,52.0,46.0,43.0,,
2018-11-19,68.0,61.0,50.0,44.0,60.0,52.0,46.0,43.0,43.1,52.56499862670898
2018-11-20,68.0,61.0,50.0,44.0,60.0,52.0,46.0,43.0,,52.43000030517578
2018-11-21,68.0,61.0,50.0,44.0,60.0,52.0,46.0,43.0,,52.33000183105469
2018-11-22,66.0,59.0,48.0,42.0,58.0,50.0,44.0,40.0,,52.06999969482422
2018-11-23,66.0,59.0,48.0,42.0,58.0,50.0,44.0,40.0,,52.29999923706055
2018-11-24,66.0,59.0,48.0,42.0,58.0,50.0,44.0,40.0,,
2018-11-25,66.0,59.0,48.0,42.0,58.0,50.0,44.0,40.0,,
2018-11-26,66.0,59.0,48.0,42.0,58.0,50.0,44.0,40.0,41.0,52.38899993896484
2018-11-27,66.0,59.0,48.0,42.0,58.0,50.0,44.0,40.0,,52.31999969482422
2018-11-28,66.0,59.0,48.0,42.0,58.0,50.0,44.0,40.0,,52.56999969482422
2018-11-29,64.0,57.0,46.0,40.0,57.0,49.0,43.0,39.0,,52.36100006103516
2018-11-30,64.0,57.0,46.0,40.0,57.0,49.0,43.0,39.0,,52.25899887084961
2018-12-01,64.0,57.0,46.0,40.0,57.0,49.0,43.0,39.0,,
2018-12-02,64.0,57.0,46.0,40.0,57.0,49.0,43.0,39.0,,
2018-12-03,64.0,57.0,46.0,40.0,57.0,49.0,43.0,39.0,38.9,52.40999984741211
2018-12-04,64.0,57.0,46.0,40.0,57.0,49.0,43.0,39.0,,52.3380012512207
2018-12-05,64.0,57.0,46.0,40.0,57.0,49.0,43.0,39.0,,52.77000045776367
2018-12-06,64.0,57.0,46.0,40.0,57.0,49.0,43.0,39.0,,52.63000106811523
2018-12-07,64.0,57.0,46.0,40.0,57.0,49.0,43.0,39.0,,52.5989990234375
2018-12-08,62.0,55.0,45.0,39.0,56.0,48.0,42.0,38.0,,
2018-12-09,62.0,55.0,45.0,39.0,56.0,48.0,42.0,38.0,,
2018-12-10,62.0,55.0,45.0,39.0,56.0,48.0,42.0,38.0,38.9,52.77500152587891
2018-12-11,62.0,55.0,45.0,39.0,56.0,48.0,42.0,38.0,,52.70999908447266
2018-12-12,62.0,55.0,45.0,39.0,56.0,48.0,42.0,38.0,,52.61999893188477
2018-12-13,62.0,55.0,45.0,39.0,56.0,48.0,42.0,38.0,,52.58000183105469
2018-12-14,62.0,55.0,45.0,39.0,56.0,48.0,42.0,38.0,,52.50299835205078
2018-12-15,60.0,53.0,44.0,38.0,55.0,47.0,41.0,37.0,,
2018-12-16,60.0,53.0,44.0,38.0,55.0,47.0,41.0,37.0,,
2018-12-17,60.0,53.0,44.0,38.0,55.0,47.0,41.0,37.0,38.9,53.05199813842773
2018-12-18,60.0,53.0,44.0,38.0,55.0,47.0,41.0,37.0,,52.84000015258789
2018-12-19,60.0,53.0,44.0,38.0,55.0,47.0,41.0,37.0,,52.83000183105469
2018-12-20,60.0,53.0,44.0,38.0,55.0,47.0,41.0,37.0,,53.06000137329102
2018-12-21,60.0,53.0,44.0,38.0,55.0,47.0,41.0,37.0,,53.11999893188477
2018-12-22,58.0,51.0,43.0,37.0,54.0,46.0,40.0,36.0,,
2018-12-23,58.0,51.0,43.0,37.0,54.0,46.0,40.0,36.0,,
2018-12-24,58.0,51.0,43.0,37.0,54.0,46.0,40.0,36.0,37.45,52.93899917602539
2018-12-25,58.0,51.0,43.0,37.0,54.0,46.0,40.0,36.0,,52.96500015258789
2018-12-26,58.0,51.0,43.0,37.0,54.0,46.0,40.0,36.0,,53.02000045776367
2018-12-27,58.0,51.0,43.0,37.0,54.0,46.0,40.0,36.0,,52.72000122070312
2018-12-28,58.0,51.0,43.0,37.0,54.0,46.0,40.0,36.0,,52.57799911499023
2018-12-29,58.0,51.0,43.0,37.0,54.0,46.0,40.0,36.0,,
2018-12-30,58.0,51.0,43.0,37.0,54.0,46.0,40.0,36.0,,
2018-12-31,58.0,51.0,43.0,37.0,54.0,46.0,40.0,36.0,35.55,52.51499938964844
2019-01-01,58.0,51.0,43.0,37.0,54.0,46.0,40.0,36.0,,52.4900016784668
2019-01-02,58.0,51.0,43.0,37.0,54.0,46.0,40.0,36.0,,52.47000122070312
2019-01-03,58.0,51.0,43.0,37.0,54.0,46.0,40.0,36.0,,52.54999923706055
2019-01-04,58.0,51.0,43.0,37.0,54.0,46.0,40.0,36.0,,52.56999969482422
2019-01-05,58.0,51.0,43.0,37.0,54.0,46.0,40.0,36.0,,
2019-01-06,58.0,51.0,43.0,37.0,54.0,46.0,40.0,36.0,,
2019-01-07,58.0,51.0,43.0,37.0,54.0,46.0,40.0,36.0,36.25,52.38000106811523
2019-01-08,57.5,50.5,42.5,36.5,53.5,45.5,39.5,35.5,,52.29499816894531
2019-01-09,57.5,50.5,42.5,36.5,53.5,45.5,39.5,35.5,,52.5
2019-01-10,57.5,50.5,42.5,36.5,53.5,45.5,39.5,35.5,,52.20899963378906
2019-01-11,57.5,50.5,42.5,36.5,53.5,45.5,39.5,35.5,,52.11399841308594
2019-01-12,57.5,50.5,42.5,36.5,53.5,45.5,39.5,35.5,,
2019-01-13,57.5,50.5,42.5,36.5,53.5,45.5,39.5,35.5,,
2019-01-14,57.5,50.5,42.5,36.5,53.5,45.5,39.5,35.5,38.55,52.16999816894531
2019-01-15,57.0,50.0,42.0,36.0,53.0,45.0,39.0,35.0,,52.09500122070312
2019-01-16,57.0,50.0,42.0,36.0,53.0,45.0,39.0,35.0,,52.11999893188477
2019-01-17,57.0,50.0,42.0,36.0,53.0,45.0,39.0,35.0,,52.04399871826172
2019-01-18,57.0,50.0,42.0,36.0,53.0,45.0,39.0,35.0,,52.36000061035156
2019-01-19,57.0,50.0,42.0,36.0,53.0,45.0,39.0,35.0,,
2019-01-20,57.0,50.0,42.0,36.0,53.0,45.0,39.0,35.0,,
2019-01-21,57.0,50.0,42.0,36.0,53.0,45.0,39.0,35.0,38.55,52.67200088500977
2019-01-22,56.5,49.5,41.5,35.5,52.5,44.5,38.5,34.5,,52.89500045776367
2019-01-23,56.5,49.5,41.5,35.5,52.5,44.5,38.5,34.5,,52.84000015258789
2019-01-24,56.5,49.5,41.5,35.5,52.5,44.5,38.5,34.5,,52.56000137329102
2019-01-25,56.5,49.5,41.5,35.5,52.5,44.5,38.5,34.5,,52.69599914550781
2019-01-26,56.5,49.5,41.5,35.5,52.5,44.5,38.5,34.5,,
2019-01-27,56.5,49.5,41.5,35.5,52.5,44.5,38.5,34.5,,
2019-01-28,56.5,49.5,41.5,35.5,52.5,44.5,38.5,34.5,39.25,52.54299926757812
2019-01-29,56.0,49.0,41.0,35.0,52.0,44.0,38.0,34.0,,52.38899993896484
2019-01-30,56.0,49.0,41.0,35.0,52.0,44.0,38.0,34.0,,52.33100128173828
2019-01-31,56.0,49.0,41.0,35.0,52.0,44.0,38.0,34.0,,52.02000045776367
2019-02-01,56.0,49.0,41.0,35.0,52.0,44.0,38.0,34.0,,52.01300048828125
2019-02-02,56.0,49.0,41.0,35.0,52.0,44.0,38.0,34.0,,
2019-02-03,56.0,49.0,41.0,35.0,52.0,44.0,38.0,34.0,,
2019-02-04,56.0,49.0,41.0,35.0,52.0,44.0,38.0,34.0,39.25,52.36399841308594
2019-02-05,56.0,49.0,41.0,35.0,52.0,44.0,38.0,34.0,,52.38000106811523
2019-02-06,56.0,49.0,41.0,35.0,52.0,44.0,38.0,34.0,,52.25500106811523
2019-02-07,56.0,49.0,41.0,35.0,52.0,44.0,38.0,34.0,,52.31499862670898
2019-02-08,55.5,48.5,40.5,34.5,51.5,43.5,37.5,33.5,,52.15000152587891
2019-02-09,55.5,48.5,40.5,34.5,51.5,43.5,37.5,33.5,,
2019-02-10,55.5,48.5,40.5,34.5,51.5,43.5,37.5,33.5,,
2019-02-11,55.5,48.5,40.5,34.5,51.5,43.5,37.5,33.5,40.3,52.11999893188477
2019-02-12,55.5,48.5,40.5,34.5,51.5,43.5,37.5,33.5,,52.09400177001953
2019-02-13,55.5,48.5,40.5,34.5,51.5,43.5,37.5,33.5,,51.97999954223633
2019-02-14,55.5,48.5,40.5,34.5,51.5,43.5,37.5,33.5,,52.50099945068359
2019-02-15,55.0,48.0,40.0,34.0,51.0,43.0,37.0,33.0,,52.13700103759766
2019-02-16,55.0,48.0,40.0,34.0,51.0,43.0,37.0,33.0,,
2019-02-17,55.0,48.0,40.0,34.0,51.0,43.0,37.0,33.0,,
2019-02-18,55.0,48.0,40.0,34.0,51.0,43.0,37.0,33.0,41.35,52.41999816894531
2019-02-19,55.0,48.0,40.0,34.0,51.0,43.0,37.0,33.0,,52.18299865722656
2019-02-20,55.0,48.0,40.0,34.0,51.0,43.0,37.0,33.0,,52.07600021362305
2019-02-21,55.0,48.0,40.0,34.0,51.0,43.0,37.0,33.0,,51.84000015258789
2019-02-22,54.5,47.5,39.5,33.5,50.5,42.5,36.5,32.5,,52.15000152587891
2019-02-23,54.5,47.5,39.5,33.5,50.5,42.5,36.5,32.5,,
2019-02-24,54.5,47.5,39.5,33.5,50.5,42.5,36.5,32.5,,
2019-02-25,54.5,47.5,39.5,33.5,50.5,42.5,36.5,32.5,42.4,51.93999862670898
2019-02-26,54.5,47.5,39.5,33.5,50.5,42.5,36.5,32.5,,51.93999862670898
2019-02-27,54.5,47.5,39.5,33.5,50.5,42.5,36.5,32.5,,51.82699966430664
2019-02-28,54.5,47.5,39.5,33.5,50.5,42.5,36.5,32.5,,51.84999847412109
2019-03-01,54.5,47.5,39.5,33.5,50.5,42.5,36.5,32.5,,51.90000152587891
2019-03-02,54.5,47.5,39.5,33.5,50.5,42.5,36.5,32.5,,
2019-03-03,54.5,47.5,39.5,33.5,50.5,42.5,36.5,32.5,,
2019-03-04,54.5,47.5,39.5,33.5,50.5,42.5,36.5,32.5,42.3,51.87099838256836
2019-03-05,54.5,47.5,39.5,33.5,50.5,42.5,36.5,32.5,,51.65999984741211
2019-03-06,54.5,47.5,39.5,33.5,50.5,42.5,36.5,32.5,,52.15000152587891
2019-03-07,54.5,47.5,39.5,33.5,50.5,42.5,36.5,32.5,,52.06700134277344
2019-03-08,54.0,47.0,39.0,33.0,50.0,42.0,36.0,32.0,,52.2400016784668
2019-03-09,54.0,47.0,39.0,33.0,50.0,42.0,36.0,32.0,,
2019-03-10,54.0,47.0,39.0,33.0,50.0,42.0,36.0,32.0,,
2019-03-11,54.0,47.0,39.0,33.0,50.0,42.0,36.0,32.0,42.3,52.25099945068359
2019-03-12,54.0,47.0,39.0,33.0,50.0,42.0,36.0,32.0,,52.40200042724609
2019-03-13,54.0,47.0,39.0,33.0,50.0,42.0,36.0,32.0,,52.7599983215332
2019-03-14,54.0,47.0,39.0,33.0,50.0,42.0,36.0,32.0,,52.51599884033203
2019-03-15,53.5,46.5,38.5,32.5,49.5,41.5,35.5,31.5,,52.83000183105469
2019-03-16,53.5,46.5,38.5,32.5,49.5,41.5,35.5,31.5,,
2019-03-17,53.5,46.5,38.5,32.5,49.5,41.5,35.5,31.5,,
2019-03-18,53.5,46.5,38.5,32.5,49.5,41.5,35.5,31.5,42.3,52.63399887084961
2019-03-19,53.5,46.5,38.5,32.5,49.5,41.5,35.5,31.5,,52.5260009765625
2019-03-20,53.5,46.5,38.5,32.5,49.5,41.5,35.5,31.5,,52.68999862670898
2019-03-21,53.5,46.5,38.5,32.5,49.5,41.5,35.5,31.5,,52.68899917602539
2019-03-22,53.0,46.0,38.0,32.0,49.0,41.0,35.0,31.0,,52.4379997253418
2019-03-23,53.0,46.0,38.0,32.0,49.0,41.0,35.0,31.0,,
2019-03-24,53.0,46.0,38.0,32.0,49.0,41.0,35.0,31.0,,
2019-03-25,53.0,46.0,38.0,32.0,49.0,41.0,35.0,31.0,41.7,52.62099838256836
2019-03-26,53.0,46.0,38.0,32.0,49.0,41.0,35.0,31.0,,52.36000061035156
2019-03-27,53.0,46.0,38.0,32.0,49.0,41.0,35.0,31.0,,52.5
2019-03-28,53.0,46.0,38.0,32.0,49.0,41.0,35.0,31.0,,52.84999847412109
2019-03-29,52.5,45.5,37.5,31.5,48.5,40.5,34.5,30.5,,52.63000106811523
2019-03-30,52.5,45.5,37.5,31.5,48.5,40.5,34.5,30.5,,
2019-03-31,52.5,45.5,37.5,31.5,48.5,40.5,34.5,30.5,,
2019-04-01,52.5,45.5,37.5,31.5,48.5,40.5,34.5,30.5,41.7,52.65900039672852
2019-04-02,52.5,45.5,37.5,31.5,48.5,40.5,34.5,30.5,,52.52000045776367
2019-04-03,52.5,45.5,37.5,31.5,48.5,40.5,34.5,30.5,,52.45999908447266
2019-04-04,52.5,45.5,37.5,31.5,48.5,40.5,34.5,30.5,,51.95199966430664
2019-04-05,52.0,45.0,37.0,31.0,48.0,40.0,34.0,30.0,,52.09700012207031
2019-04-06,52.0,45.0,37.0,31.0,48.0,40.0,34.0,30.0,,
2019-04-07,52.0,45.0,37.0,31.0,48.0,40.0,34.0,30.0,,
2019-04-08,52.0,45.0,37.0,31.0,48.0,40.0,34.0,30.0,41.8,52.06000137329102
2019-04-09,52.0,45.0,37.0,31.0,48.0,40.0,34.0,30.0,,52.22000122070312
2019-04-10,52.0,45.0,37.0,31.0,48.0,40.0,34.0,30.0,,51.88199996948242
2019-04-11,52.0,45.0,37.0,31.0,48.0,40.0,34.0,30.0,,51.73899841308594
2019-04-12,51.5,44.5,36.5,30.5,47.5,39.5,33.5,29.5,,52.18000030517578
2019-04-13,51.5,44.5,36.5,30.5,47.5,39.5,33.5,29.5,,
2019-04-14,51.5,44.5,36.5,30.5,47.5,39.5,33.5,29.5,,
2019-04-15,51.5,44.5,36.5,30.5,47.5,39.5,33.5,29.5,42.85,51.65900039672852
2019-04-16,51.5,44.5,36.5,30.5,47.5,39.5,33.5,29.5,,51.48300170898438
2019-04-17,51.5,44.5,36.5,30.5,47.5,39.5,33.5,29.5,,51.81000137329102
2019-04-18,51.5,44.5,36.5,30.5,47.5,39.5,33.5,29.5,,51.77000045776367
2019-04-19,51.5,44.5,36.5,30.5,47.5,39.5,33.5,29.5,,51.68500137329102
2019-04-20,51.5,44.5,36.5,30.5,47.5,39.5,33.5,29.5,,
2019-04-21,51.5,44.5,36.5,30.5,47.5,39.5,33.5,29.5,,
2019-04-22,51.0,44.0,36.0,30.0,47.0,39.0,33.0,29.0,43.65,51.67200088500977
2019-04-23,51.0,44.0,36.0,30.0,47.0,39.0,33.0,29.0,,52.11000061035156
2019-04-24,51.0,44.0,36.0,30.0,47.0,39.0,33.0,29.0,,52.20000076293945
2019-04-25,51.0,44.0,36.0,30.0,47.0,39.0,33.0,29.0,,52.27999877929688
2019-04-26,51.0,44.0,36.0,30.0,47.0,39.0,33.0,29.0,,52.04999923706055
2019-04-27,51.0,44.0,36.0,30.0,47.0,39.0,33.0,29.0,,
2019-04-28,51.0,44.0,36.0,30.0,47.0,39.0,33.0,29.0,,
2019-04-29,50.5,43.5,35.5,29.5,46.5,38.5,32.5,28.5,43.65,52.09799957275391
2019-04-30,50.5,43.5,35.5,29.5,46.5,38.5,32.5,28.5,,52.02000045776367
2019-05-01,50.5,43.5,35.5,29.5,46.5,38.5,32.5,28.5,,51.76900100708008
2019-05-02,50.5,43.5,35.5,29.5,46.5,38.5,32.5,28.5,,51.79999923706055
2019-05-03,50.5,43.5,35.5,29.5,46.5,38.5,32.5,28.5,,51.72999954223633
2019-05-04,50.5,43.5,35.5,29.5,46.5,38.5,32.5,28.5,,
2019-05-05,50.5,43.5,35.5,29.5,46.5,38.5,32.5,28.5,,
2019-05-06,50.0,43.0,35.0,29.0,46.0,38.0,32.0,28.0,42.75,51.78499984741211
2019-05-07,50.0,43.0,35.0,29.0,46.0,38.0,32.0,28.0,,51.84000015258789
2019-05-08,50.0,43.0,35.0,29.0,46.0,38.0,32.0,28.0,,51.94599914550781
2019-05-09,50.0,43.0,35.0,29.0,46.0,38.0,32.0,28.0,,52.08200073242188
2019-05-10,50.0,43.0,35.0,29.0,46.0,38.0,32.0,28.0,,52.29999923706055
2019-05-11,50.0,43.0,35.0,29.0,46.0,38.0,32.0,28.0,,
2019-05-12,50.0,43.0,35.0,29.0,46.0,38.0,32.0,28.0,,
2019-05-13,50.0,43.0,35.0,29.0,46.0,38.0,32.0,28.0,42.75,52.25
2019-05-14,49.5,42.5,34.5,28.5,45.5,37.5,31.5,27.5,,52.58000183105469
2019-05-15,49.5,42.5,34.5,28.5,45.5,37.5,31.5,27.5,,52.18899917602539
2019-05-16,49.5,42.5,34.5,28.5,45.5,37.5,31.5,27.5,,52.47499847412109
2019-05-17,49.5,42.5,34.5,28.5,45.5,37.5,31.5,27.5,,52.59999847412109
2019-05-18,49.5,42.5,34.5,28.5,45.5,37.5,31.5,27.5,,
2019-05-19,49.5,42.5,34.5,28.5,45.5,37.5,31.5,27.5,,
2019-05-20,49.5,42.5,34.5,28.5,45.5,37.5,31.5,27.5,43.7,52.66999816894531
2019-05-21,49.0,42.0,34.0,28.0,45.0,37.0,31.0,27.0,,52.5260009765625
2019-05-22,49.0,42.0,34.0,28.0,45.0,37.0,31.0,27.0,,
2019-05-23,49.0,42.0,34.0,28.0,45.0,37.0,31.0,27.0,,52.2859992980957
2019-05-24,49.0,42.0,34.0,28.0,45.0,37.0,31.0,27.0,,52.5
2019-05-25,49.0,42.0,34.0,28.0,45.0,37.0,31.0,27.0,,
2019-05-26,49.0,42.0,34.0,28.0,45.0,37.0,31.0,27.0,,
2019-05-27,49.0,42.0,34.0,28.0,45.0,37.0,31.0,27.0,43.35,52.12699890136719
2019-05-28,49.0,42.0,34.0,28.0,45.0,37.0,31.0,27.0,,52.0359992980957
2019-05-29,49.0,42.0,34.0,28.0,45.0,37.0,31.0,27.0,,52.31999969482422
2019-05-30,49.0,42.0,34.0,28.0,45.0,37.0,31.0,27.0,,52.40000152587891
2019-05-31,49.0,42.0,34.0,28.0,45.0,37.0,31.0,27.0,,52.15499877929688
2019-06-01,49.0,42.0,34.0,28.0,45.0,37.0,31.0,27.0,,
2019-06-02,49.0,42.0,34.0,28.0,45.0,37.0,31.0,27.0,,
2019-06-03,49.0,42.0,34.0,28.0,45.0,37.0,31.0,27.0,41.65,52.13999938964844
2019-06-04,49.0,42.0,34.0,28.0,45.0,37.0,31.0,27.0,,51.63000106811523
2019-06-05,49.0,42.0,34.0,28.0,45.0,37.0,31.0,27.0,,51.70000076293945
2019-06-06,49.0,42.0,34.0,28.0,45.0,37.0,31.0,27.0,,51.75
2019-06-07,49.0,42.0,34.0,28.0,45.0,37.0,31.0,27.0,,51.65000152587891
2019-06-08,49.0,42.0,34.0,28.0,45.0,37.0,31.0,27.0,,
2019-06-09,49.0,42.0,34.0,28.0,45.0,37.0,31.0,27.0,,
2019-06-10,49.0,42.0,34.0,28.0,45.0,37.0,31.0,27.0,39.05,51.90999984741211
2019-06-11,49.0,42.0,34.0,28.0,45.0,37.0,31.0,27.0,,52.09999847412109
2019-06-12,49.0,42.0,34.0,28.0,45.0,37.0,31.0,27.0,,51.81999969482422
2019-06-13,49.0,42.0,34.0,28.0,45.0,37.0,31.0,27.0,,51.88700103759766
2019-06-14,49.0,42.0,34.0,28.0,45.0,37.0,31.0,27.0,,51.90000152587891
2019-06-15,49.0,42.0,34.0,28.0,45.0,37.0,31.0,27.0,,
2019-06-16,49.0,42.0,34.0,28.0,45.0,37.0,31.0,27.0,,
2019-06-17,49.0,42.0,34.0,28.0,45.0,37.0,31.0,27.0,40.15,52.06000137329102
2019-06-18,49.0,42.0,34.0,28.0,45.0,37.0,31.0,27.0,,52.31000137329102
2019-06-19,49.0,42.0,34.0,28.0,45.0,37.0,31.0,27.0,,51.69400024414062
2019-06-20,49.0,42.0,34.0,28.0,45.0,37.0,31.0,27.0,,51.77500152587891
2019-06-21,49.0,42.0,34.0,28.0,45.0,37.0,31.0,27.0,,51.38000106811523
2019-06-22,49.5,42.5,34.5,28.5,45.5,37.5,31.5,27.5,,
2019-06-23,49.5,42.5,34.5,28.5,45.5,37.5,31.5,27.5,,
2019-06-24,49.5,42.5,34.5,28.5,45.5,37.5,31.5,27.5,40.45,51.44900131225586
2019-06-25,49.5,42.5,34.5,28.5,45.5,37.5,31.5,27.5,,51.35499954223633
2019-06-26,49.5,42.5,34.5,28.5,45.5,37.5,31.5,27.5,,51.27899932861328
2019-06-27,49.5,42.5,34.5,28.5,45.5,37.5,31.5,27.5,,51.19300079345703
2019-06-28,49.5,42.5,34.5,28.5,45.5,37.5,31.5,27.5,,51.06999969482422
2019-06-29,49.5,42.5,34.5,28.5,45.5,37.5,31.5,27.5,,
2019-06-30,49.5,42.5,34.5,28.5,45.5,37.5,31.5,27.5,,
2019-07-01,49.5,42.5,34.5,28.5,45.5,37.5,31.5,27.5,40.45,51.23500061035156
2019-07-02,49.5,42.5,34.5,28.5,45.5,37.5,31.5,27.5,,51.09999847412109
2019-07-03,49.5,42.5,34.5,28.5,45.5,37.5,31.5,27.5,,51.06499862670898
2019-07-04,49.5,42.5,34.5,28.5,45.5,37.5,31.5,27.5,,51.12799835205078
2019-07-05,49.5,42.5,34.5,28.5,45.5,37.5,31.5,27.5,,51.09999847412109
2019-07-06,49.5,42.5,34.5,28.5,45.5,37.5,31.5,27.5,,
2019-07-07,49.5,42.5,34.5,28.5,45.5,37.5,31.5,27.5,,
2019-07-08,49.0,42.0,34.0,28.0,45.0,37.0,31.0,27.0,40.45,51.32899856567383
2019-07-09,49.0,42.0,34.0,28.0,45.0,37.0,31.0,27.0,,51.34999847412109
2019-07-10,49.0,42.0,34.0,28.0,45.0,37.0,31.0,27.0,,51.40000152587891
2019-07-11,49.0,42.0,34.0,28.0,45.0,37.0,31.0,27.0,,51.29999923706055
2019-07-12,49.0,42.0,34.0,28.0,45.0,37.0,31.0,27.0,,51.17800140380859
2019-07-13,49.0,42.0,34.0,28.0,45.0,37.0,31.0,27.0,,
2019-07-14,49.0,42.0,34.0,28.0,45.0,37.0,31.0,27.0,,
2019-07-15,48.5,41.5,33.5,27.5,44.5,36.5,30.5,26.5,41.6,51.11000061035156
2019-07-16,48.5,41.5,33.5,27.5,44.5,36.5,30.5,26.5,,50.97800064086914
2019-07-17,48.5,41.5,33.5,27.5,44.5,36.5,30.5,26.5,,50.82799911499023
2019-07-18,48.5,41.5,33.5,27.5,44.5,36.5,30.5,26.5,,50.91400146484375
2019-07-19,48.5,41.5,33.5,27.5,44.5,36.5,30.5,26.5,,50.90000152587891
2019-07-20,48.5,41.5,33.5,27.5,44.5,36.5,30.5,26.5,,
2019-07-21,48.5,41.5,33.5,27.5,44.5,36.5,30.5,26.5,,
2019-07-22,48.0,41.0,33.0,27.0,44.0,36.0,30.0,26.0,41.35,51.06999969482422
2019-07-23,48.0,41.0,33.0,27.0,44.0,36.0,30.0,26.0,,51.04999923706055
2019-07-24,48.0,41.0,33.0,27.0,44.0,36.0,30.0,26.0,,51.29999923706055
2019-07-25,48.0,41.0,33.0,27.0,44.0,36.0,30.0,26.0,,51.22000122070312
2019-07-26,48.0,41.0,33.0,27.0,44.0,36.0,30.0,26.0,,51.22800064086914
2019-07-27,48.0,41.0,33.0,27.0,44.0,36.0,30.0,26.0,,
2019-07-28,48.0,41.0,33.0,27.0,44.0,36.0,30.0,26.0,,
2019-07-29,47.5,40.5,32.5,26.5,43.5,35.5,29.5,25.5,41.05,51.11100006103516
2019-07-30,47.5,40.5,32.5,26.5,43.5,35.5,29.5,25.5,,51.04000091552734
2019-07-31,47.5,40.5,32.5,26.5,43.5,35.5,29.5,25.5,,50.84999847412109
2019-08-01,47.5,40.5,32.5,26.5,43.5,35.5,29.5,25.5,,50.90999984741211
2019-08-02,47.5,40.5,32.5,26.5,43.5,35.5,29.5,25.5,,51.29999923706055
2019-08-03,47.5,40.5,32.5,26.5,43.5,35.5,29.5,25.5,,
2019-08-04,47.5,40.5,32.5,26.5,43.5,35.5,29.5,25.5,,
2019-08-05,47.0,40.0,32.0,26.0,43.0,35.0,29.0,25.0,40.55,51.61999893188477
2019-08-06,47.0,40.0,32.0,26.0,43.0,35.0,29.0,25.0,,52.31000137329102
2019-08-07,47.0,40.0,32.0,26.0,43.0,35.0,29.0,25.0,,52.04999923706055
2019-08-08,47.0,40.0,32.0,26.0,43.0,35.0,29.0,25.0,,52.36999893188477
2019-08-09,47.0,40.0,32.0,26.0,43.0,35.0,29.0,25.0,,51.95999908447266
2019-08-10,47.0,40.0,32.0,26.0,43.0,35.0,29.0,25.0,,
2019-08-11,47.0,40.0,32.0,26.0,43.0,35.0,29.0,25.0,,
2019-08-12,46.5,39.5,31.5,25.5,42.5,34.5,28.5,24.5,40.05,52.03400039672852
2019-08-13,46.5,39.5,31.5,25.5,42.5,34.5,28.5,24.5,,52.05599975585938
2019-08-14,46.5,39.5,31.5,25.5,42.5,34.5,28.5,24.5,,51.92800140380859
2019-08-15,46.5,39.5,31.5,25.5,42.5,34.5,28.5,24.5,,52.40000152587891
2019-08-16,46.5,39.5,31.5,25.5,42.5,34.5,28.5,24.5,,52.63600158691406
2019-08-17,46.5,39.5,31.5,25.5,42.5,34.5,28.5,24.5,,
2019-08-18,46.5,39.5,31.5,25.5,42.5,34.5,28.5,24.5,,
2019-08-19,46.0,39.0,31.0,25.0,42.0,34.0,28.0,24.0,40.05,52.36800003051758
2019-08-20,46.0,39.0,31.0,25.0,42.0,34.0,28.0,24.0,,52.44800186157227
2019-08-21,46.0,39.0,31.0,25.0,42.0,34.0,28.0,24.0,,52.32799911499023
2019-08-22,46.0,39.0,31.0,25.0,42.0,34.0,28.0,24.0,,52.22999954223633
2019-08-23,46.0,39.0,31.0,25.0,42.0,34.0,28.0,24.0,,52.34000015258789
2019-08-24,46.0,39.0,31.0,25.0,42.0,34.0,28.0,24.0,,
2019-08-25,46.0,39.0,31.0,25.0,42.0,34.0,28.0,24.0,,
2019-08-26,45.5,38.5,30.5,24.5,41.5,33.5,27.5,23.5,40.15,52.44900131225586
2019-08-27,45.5,38.5,30.5,24.5,41.5,33.5,27.5,23.5,,52.2869987487793
2019-08-28,45.5,38.5,30.5,24.5,41.5,33.5,27.5,23.5,,52.22800064086914
2019-08-29,45.5,38.5,30.5,24.5,41.5,33.5,27.5,23.5,,52.41999816894531
2019-08-30,45.5,38.5,30.5,24.5,41.5,33.5,27.5,23.5,,52.04899978637695
2019-08-31,45.5,38.5,30.5,24.5,41.5,33.5,27.5,23.5,,
2019-09-01,54.5,47.5,42.5,37.5,51.5,44.5,39.5,34.5,,
2019-09-02,54.5,47.5,42.5,37.5,51.5,44.5,39.5,34.5,40.55,52.15499877929688
2019-09-03,54.5,47.5,42.5,37.5,51.5,44.5,39.5,34.5,,52.26599884033203
2019-09-04,54.5,47.5,42.5,37.5,51.5,44.5,39.5,34.5,,52.25
2019-09-05,54.5,47.5,42.5,37.5,51.5,44.5,39.5,34.5,,51.86999893188477
2019-09-06,54.5,47.5,42.5,37.5,51.5,44.5,39.5,34.5,,51.79100036621094
2019-09-07,54.5,47.5,42.5,37.5,51.5,44.5,39.5,34.5,,
2019-09-08,54.5,47.5,42.5,37.5,51.5,44.5,39.5,34.5,,
2019-09-09,54.5,47.5,42.5,37.5,51.5,44.5,39.5,34.5,40.55,51.81600189208984
2019-09-10,54.5,47.5,42.5,37.5,51.5,44.5,39.5,34.5,,51.84999847412109
2019-09-11,54.5,47.5,42.5,37.5,51.5,44.5,39.5,34.5,,51.91400146484375
2019-09-12,54.5,47.5,42.5,37.5,51.5,44.5,39.5,34.5,,52.08000183105469
2019-09-13,54.5,47.5,42.5,37.5,51.5,44.5,39.5,34.5,,51.84000015258789
2019-09-14,54.5,47.5,42.5,37.5,51.5,44.5,39.5,34.5,,
2019-09-15,54.5,47.5,42.5,37.5,51.5,44.5,39.5,34.5,,
2019-09-16,54.5,47.5,42.5,37.5,51.5,44.5,39.5,34.5,40.55,51.93099975585938
2019-09-17,54.5,47.5,42.5,37.5,51.5,44.5,39.5,34.5,,52.13600158691406
2019-09-18,54.5,47.5,42.5,37.5,51.5,44.5,39.5,34.5,,52.12799835205078
2019-09-19,54.5,47.5,42.5,37.5,51.5,44.5,39.5,34.5,,51.97800064086914
2019-09-20,54.5,47.5,42.5,37.5,51.5,44.5,39.5,34.5,,52.22000122070312
2019-09-21,54.5,47.5,42.5,37.5,51.5,44.5,39.5,34.5,,
2019-09-22,54.5,47.5,42.5,37.5,51.5,44.5,39.5,34.5,,
2019-09-23,54.5,47.5,42.5,37.5,51.5,44.5,39.5,34.5,42.9,51.99300003051758
2019-09-24,54.5,47.5,42.5,37.5,51.5,44.5,39.5,34.5,,52.12599945068359
2019-09-25,54.5,47.5,42.5,37.5,51.5,44.5,39.5,34.5,,52.25
2019-09-26,54.5,47.5,42.5,37.5,51.5,44.5,39.5,34.5,,52.24800109863281
2019-09-27,54.5,47.5,42.5,37.5,51.5,44.5,39.5,34.5,,51.97800064086914
2019-09-28,54.5,47.5,42.5,37.5,51.5,44.5,39.5,34.5,,
2019-09-29,54.5,47.5,42.5,37.5,51.5,44.5,39.5,34.5,,
2019-09-30,54.5,47.5,42.5,37.5,51.5,44.5,39.5,34.5,42.35,51.93099975585938
2019-10-01,54.5,47.5,42.5,37.5,51.5,44.5,39.5,34.5,,51.83499908447266
2019-10-02,54.5,47.5,42.5,37.5,51.5,44.5,39.5,34.5,,52.0
2019-10-03,54.0,47.0,42.0,37.0,51.0,44.0,39.0,34.0,,51.98600006103516
2019-10-04,54.0,47.0,42.0,37.0,51.0,44.0,39.0,34.0,,51.67800140380859
2019-10-05,54.0,47.0,42.0,37.0,51.0,44.0,39.0,34.0,,
2019-10-06,54.0,47.0,42.0,37.0,51.0,44.0,39.0,34.0,,
2019-10-07,53.5,46.5,41.5,36.5,50.5,43.5,38.5,33.5,41.45,51.68500137329102
2019-10-08,53.5,46.5,41.5,36.5,50.5,43.5,38.5,33.5,,51.86000061035156
2019-10-09,53.5,46.5,41.5,36.5,50.5,43.5,38.5,33.5,,51.83000183105469
2019-10-10,53.0,46.0,41.0,36.0,50.0,43.0,38.0,33.0,,51.84000015258789
2019-10-11,53.0,46.0,41.0,36.0,50.0,43.0,38.0,33.0,,51.59000015258789
2019-10-12,53.0,46.0,41.0,36.0,50.0,43.0,38.0,33.0,,
2019-10-13,53.0,46.0,41.0,36.0,50.0,43.0,38.0,33.0,,
2019-10-14,53.0,46.0,41.0,36.0,50.0,43.0,38.0,33.0,41.2,51.49599838256836
2019-10-15,52.5,45.5,40.5,35.5,49.5,42.5,37.5,32.5,,51.52799987792969
2019-10-16,52.5,45.5,40.5,35.5,49.5,42.5,37.5,32.5,,51.59999847412109
2019-10-17,52.5,45.5,40.5,35.5,49.5,42.5,37.5,32.5,,51.52999877929688
2019-10-18,52.0,45.0,40.0,35.0,49.0,42.0,37.0,32.0,,51.12799835205078
2019-10-19,52.0,45.0,40.0,35.0,49.0,42.0,37.0,32.0,,
2019-10-20,52.0,45.0,40.0,35.0,49.0,42.0,37.0,32.0,,
2019-10-21,52.0,45.0,40.0,35.0,49.0,42.0,37.0,32.0,41.3,51.25
2019-10-22,52.0,45.0,40.0,35.0,49.0,42.0,37.0,32.0,,51.04999923706055
2019-10-23,52.0,45.0,40.0,35.0,49.0,42.0,37.0,32.0,,51.18000030517578
2019-10-24,51.5,44.5,39.5,34.5,48.5,41.5,36.5,31.5,,51.0
2019-10-25,51.5,44.5,39.5,34.5,48.5,41.5,36.5,31.5,,51.20000076293945
2019-10-26,51.5,44.5,39.5,34.5,48.5,41.5,36.5,31.5,,
2019-10-27,51.5,44.5,39.5,34.5,48.5,41.5,36.5,31.5,,
2019-10-28,51.0,44.0,39.0,34.0,48.0,41.0,36.0,31.0,42.0,51.20000076293945
2019-10-29,51.0,44.0,39.0,34.0,48.0,41.0,36.0,31.0,,51.14099884033203
2019-10-30,51.0,44.0,39.0,34.0,48.0,41.0,36.0,31.0,,51.06999969482422
2019-10-31,51.0,44.0,39.0,34.0,48.0,41.0,36.0,31.0,,50.87799835205078
2019-11-01,51.0,44.0,39.0,34.0,48.0,41.0,36.0,31.0,,50.75
2019-11-02,51.0,44.0,39.0,34.0,48.0,41.0,36.0,31.0,,
2019-11-03,51.0,44.0,39.0,34.0,48.0,41.0,36.0,31.0,,
2019-11-04,50.5,43.5,38.5,33.5,48.0,41.0,36.0,31.0,42.0,50.47999954223633
2019-11-05,50.5,43.5,38.5,33.5,48.0,41.0,36.0,31.0,,50.47800064086914
2019-11-06,50.5,43.5,38.5,33.5,48.0,41.0,36.0,31.0,,50.27362060546875
2019-11-07,50.5,43.5,38.5,33.5,48.0,41.0,36.0,31.0,,50.47584915161133
2019-11-08,50.5,43.5,38.5,33.5,48.0,41.0,36.0,31.0,,50.54999923706055
2019-11-09,50.5,43.5,38.5,33.5,48.0,41.0,36.0,31.0,,
2019-11-10,50.5,43.5,38.5,33.5,48.0,41.0,36.0,31.0,,
2019-11-11,50.0,43.0,38.0,33.0,47.5,40.5,35.5,30.5,42.8,50.52000045776367
2019-11-12,50.0,43.0,38.0,33.0,47.5,40.5,35.5,30.5,,50.70000076293945
2019-11-13,50.0,43.0,38.0,33.0,47.5,40.5,35.5,30.5,,50.65331268310547
2019-11-14,50.0,43.0,38.0,33.0,47.5,40.5,35.5,30.5,,50.77799987792969
2019-11-15,50.0,43.0,38.0,33.0,47.5,40.5,35.5,30.5,,50.57799911499023
2019-11-16,50.0,43.0,38.0,33.0,47.5,40.5,35.5,30.5,,
2019-11-17,50.0,43.0,38.0,33.0,47.5,40.5,35.5,30.5,,
2019-11-18,50.0,43.0,38.0,33.0,47.0,40.0,35.0,30.0,42.1,50.45469665527344
2019-11-19,50.0,43.0,38.0,33.0,47.0,40.0,35.0,30.0,,50.62799835205078
2019-11-20,50.0,43.0,38.0,33.0,47.0,40.0,35.0,30.0,,50.78400802612305
2019-11-21,50.0,43.0,38.0,33.0,47.0,40.0,35.0,30.0,,50.78485488891602
2019-11-22,50.0,43.0,38.0,33.0,47.0,40.0,35.0,30.0,,50.83499908447266
2019-11-23,50.0,43.0,38.0,33.0,47.0,40.0,35.0,30.0,,
2019-11-24,50.0,43.0,38.0,33.0,47.0,40.0,35.0,30.0,,
2019-11-25,49.5,42.5,37.5,32.5,47.0,40.0,35.0,30.0,42.1,50.89500045776367
2019-11-26,49.5,42.5,37.5,32.5,47.0,40.0,35.0,30.0,,50.79999923706055
2019-11-27,49.5,42.5,37.5,32.5,47.0,40.0,35.0,30.0,,50.83000183105469
2019-11-28,49.5,42.5,37.5,32.5,47.0,40.0,35.0,30.0,,50.79999923706055
2019-11-29,49.5,42.5,37.5,32.5,47.0,40.0,35.0,30.0,,50.75
2019-11-30,49.5,42.5,37.5,32.5,47.0,40.0,35.0,30.0,,
2019-12-01,49.5,42.5,37.5,32.5,47.0,40.0,35.0,30.0,,
2019-12-02,49.5,42.5,37.5,32.5,47.0,40.0,35.0,30.0,42.75,50.71813201904297
2019-12-03,49.5,42.5,37.5,32.5,47.0,40.0,35.0,30.0,,50.87799835205078
2019-12-04,49.5,42.5,37.5,32.5,47.0,40.0,35.0,30.0,,51.07799911499023
2019-12-05,49.5,42.5,37.5,32.5,47.0,40.0,35.0,30.0,,50.86000061035156
2019-12-06,49.5,42.5,37.0,32.0,47.0,40.0,35.0,30.0,,50.79100036621094
2019-12-07,49.5,42.5,37.0,32.0,47.0,40.0,35.0,30.0,,
2019-12-08,49.5,42.5,37.0,32.0,47.0,40.0,35.0,30.0,,
2019-12-09,49.5,42.5,37.0,32.0,47.0,40.0,35.0,30.0,42.65,50.73300170898438
2019-12-10,49.5,42.5,37.0,32.0,47.0,40.0,35.0,30.0,,50.81999969482422
2019-12-11,49.5,42.5,37.0,32.0,47.0,40.0,35.0,30.0,,50.77999877929688
2019-12-12,49.5,42.5,37.0,32.0,47.0,40.0,35.0,30.0,,50.64449691772461
2019-12-13,49.0,42.0,37.0,32.0,46.5,39.5,34.5,29.5,,50.42800140380859
2019-12-14,49.0,42.0,37.0,32.0,46.5,39.5,34.5,29.5,,
2019-12-15,49.0,42.0,37.0,32.0,46.5,39.5,34.5,29.5,,
2019-12-16,49.0,42.0,37.0,32.0,46.5,39.5,34.5,29.5,42.5,50.51499938964844
2019-12-17,49.0,42.0,37.0,32.0,46.5,39.5,34.5,29.5,,50.54800033569336
2019-12-18,49.0,42.0,37.0,32.0,46.5,39.5,34.5,29.5,,50.55799865722656
2019-12-19,49.0,42.0,37.0,32.0,46.5,39.5,34.5,29.5,,50.51413726806641
2019-12-20,49.0,42.0,37.0,32.0,46.5,39.5,34.5,29.5,,50.61999893188477
2019-12-21,49.0,42.0,37.0,32.0,46.5,39.5,34.5,29.5,,
2019-12-22,49.0,42.0,37.0,32.0,46.5,39.5,34.5,29.5,,
2019-12-23,49.0,42.0,37.0,32.0,46.5,39.5,34.5,29.5,43.65,50.75799942016602
2019-12-24,49.0,42.0,37.0,32.0,46.5,39.5,34.5,29.5,,50.76222610473633
2019-12-25,49.0,42.0,37.0,32.0,46.5,39.5,34.5,29.5,,50.81000137329102
2019-12-26,48.5,41.5,36.5,31.5,46.0,39.0,34.0,29.0,,50.79199981689453
2019-12-27,48.5,41.5,36.5,31.5,46.0,39.0,34.0,29.0,,50.68199920654297
2019-12-28,48.5,41.5,36.5,31.5,46.0,39.0,34.0,29.0,,
2019-12-29,48.5,41.5,36.5,31.5,46.0,39.0,34.0,29.0,,
2019-12-30,48.5,41.5,36.5,31.5,46.0,39.0,34.0,29.0,43.65,50.61999893188477
2019-12-31,48.5,41.5,36.5,31.5,46.0,39.0,34.0,29.0,,50.75199890136719
2020-01-01,48.5,41.5,36.5,31.5,46.0,39.0,34.0,29.0,,50.70000076293945
2020-01-02,48.5,41.5,36.5,31.5,46.0,39.0,34.0,29.0,,50.70000076293945
2020-01-03,48.5,41.5,36.5,31.5,46.0,39.0,34.0,29.0,,50.60359573364258
2020-01-04,48.5,41.5,36.5,31.5,46.0,39.0,34.0,29.0,,
2020-01-05,48.5,41.5,36.5,31.5,46.0,39.0,34.0,29.0,,
2020-01-06,48.5,41.5,36.5,31.5,46.0,39.0,34.0,29.0,43.65,51.06700134277344
2020-01-07,49.0,42.0,37.0,32.0,46.0,39.0,34.0,29.0,,51.16500091552734
2020-01-08,49.0,42.0,37.0,32.0,46.0,39.0,34.0,29.0,,50.98500061035156
2020-01-09,49.0,42.0,37.0,32.0,46.0,39.0,34.0,29.0,,50.44340515136719
2020-01-10,49.0,42.0,37.0,32.0,46.0,39.0,34.0,29.0,,50.65000152587891
2020-01-11,49.0,42.0,37.0,32.0,46.0,39.0,34.0,29.0,,
2020-01-12,49.0,42.0,37.0,32.0,46.0,39.0,34.0,29.0,,
2020-01-13,49.0,42.0,37.0,32.0,46.0,39.0,34.0,29.0,44.05,50.39658355712891
2020-01-14,49.5,42.5,37.5,32.5,46.5,39.5,34.5,29.5,,50.47999954223633
2020-01-15,49.5,42.5,37.5,32.5,46.5,39.5,34.5,29.5,,50.54999923706055
2020-01-16,49.5,42.5,37.5,32.5,46.5,39.5,34.5,29.5,,50.76599884033203
2020-01-17,49.5,42.5,37.5,32.5,46.5,39.5,34.5,29.5,,50.84000015258789
2020-01-18,49.5,42.5,37.5,32.5,46.5,39.5,34.5,29.5,,
2020-01-19,49.5,42.5,37.5,32.5,46.5,39.5,34.5,29.5,,
2020-01-20,49.5,42.5,37.5,32.5,46.5,39.5,34.5,29.5,43.15,50.81999969482422
2020-01-21,50.0,43.0,38.0,33.0,47.0,40.0,35.0,30.0,,50.88000106811523
2020-01-22,50.0,43.0,38.0,33.0,47.0,40.0,35.0,30.0,,51.0
2020-01-23,50.0,43.0,38.0,33.0,47.0,40.0,35.0,30.0,,50.98500061035156
2020-01-24,50.0,43.0,38.0,33.0,47.0,40.0,35.0,30.0,,50.97499847412109
2020-01-25,50.0,43.0,38.0,33.0,47.0,40.0,35.0,30.0,,
2020-01-26,50.0,43.0,38.0,33.0,47.0,40.0,35.0,30.0,,
2020-01-27,50.0,43.0,38.0,33.0,47.0,40.0,35.0,30.0,42.55,50.72999954223633
2020-01-28,50.0,43.0,38.0,33.0,47.0,40.0,35.0,30.0,,50.84799957275391
2020-01-29,50.0,43.0,38.0,33.0,47.0,40.0,35.0,30.0,,50.7130012512207
2020-01-30,50.0,43.0,38.0,33.0,47.0,40.0,35.0,30.0,,50.83000183105469
2020-01-31,50.0,43.0,38.0,33.0,47.0,40.0,35.0,30.0,,50.83880615234375
2020-02-01,50.0,43.0,38.0,33.0,47.0,40.0,35.0,30.0,,
2020-02-02,50.0,43.0,38.0,33.0,47.0,40.0,35.0,30.0,,
2020-02-03,50.0,43.0,38.0,33.0,47.0,40.0,35.0,30.0,40.4,50.76300048828125
2020-02-04,50.0,43.0,38.0,33.0,47.0,40.0,35.0,30.0,,50.86000061035156
2020-02-05,50.0,43.0,38.0,33.0,47.0,40.0,35.0,30.0,,50.75
2020-02-06,50.0,43.0,38.0,33.0,47.0,40.0,35.0,30.0,,50.75500106811523
2020-02-07,50.0,43.0,38.0,33.0,47.0,40.0,35.0,30.0,,50.66999816894531
2020-02-08,50.0,43.0,38.0,33.0,47.0,40.0,35.0,30.0,,
2020-02-09,50.0,43.0,38.0,33.0,47.0,40.0,35.0,30.0,,
2020-02-10,50.0,43.0,38.0,33.0,47.0,40.0,35.0,30.0,38.8,50.84999847412109
2020-02-11,50.0,43.0,38.0,33.0,47.0,40.0,35.0,30.0,,50.79999923706055
2020-02-12,50.0,43.0,38.0,33.0,47.0,40.0,35.0,30.0,,50.52299880981445
2020-02-13,50.0,43.0,38.0,33.0,47.0,40.0,35.0,30.0,,50.65000152587891
2020-02-14,50.0,43.0,38.0,33.0,47.0,40.0,35.0,30.0,,50.34196090698242
2020-02-15,50.0,43.0,38.0,33.0,47.0,40.0,35.0,30.0,,
2020-02-16,50.0,43.0,38.0,33.0,47.0,40.0,35.0,30.0,,
2020-02-17,50.0,43.0,38.0,33.0,47.0,40.0,35.0,30.0,39.15,50.41709518432617
2020-02-18,50.0,43.0,38.0,33.0,47.0,40.0,35.0,30.0,,50.54100036621094
2020-02-19,50.0,43.0,38.0,33.0,47.0,40.0,35.0,30.0,,50.65999984741211
2020-02-20,50.0,43.0,38.0,33.0,47.0,40.0,35.0,30.0,,50.56999969482422
2020-02-21,50.0,43.0,38.0,33.0,47.5,40.5,35.5,30.5,,50.66500091552734
2020-02-22,50.0,43.0,38.0,33.0,47.5,40.5,35.5,30.5,,
2020-02-23,50.0,43.0,38.0,33.0,47.5,40.5,35.5,30.5,,
2020-02-24,50.0,43.0,38.0,33.0,47.5,40.5,35.5,30.5,39.55,50.75204849243164
2020-02-25,50.0,43.0,38.0,33.0,47.5,40.5,35.5,30.5,,50.92239761352539
2020-02-26,50.0,43.0,38.0,33.0,47.5,40.5,35.5,30.5,,51.15000152587891
2020-02-27,50.0,43.0,38.0,33.0,47.5,40.5,35.5,30.5,,51.13000106811523
2020-02-28,50.0,43.0,38.0,33.0,47.5,40.5,35.5,30.5,,50.95000076293945
2020-02-29,50.0,43.0,38.0,33.0,47.5,40.5,35.5,30.5,,
2020-03-01,50.0,43.0,38.0,33.0,47.5,40.5,35.5,30.5,,
2020-03-02,50.0,43.0,38.0,33.0,47.5,40.5,35.5,30.5,38.15,50.82790756225586
2020-03-03,50.0,43.0,38.0,33.0,47.5,40.5,35.5,30.5,,50.58499908447266
2020-03-04,50.0,43.0,38.0,33.0,47.5,40.5,35.5,30.5,,50.70000076293945
2020-03-05,50.0,43.0,38.0,33.0,47.5,40.5,35.5,30.5,,50.6150016784668
2020-03-06,50.0,43.0,38.0,33.0,47.5,40.5,35.5,30.5,,50.45798110961914
2020-03-07,50.0,43.0,38.0,33.0,47.5,40.5,35.5,30.5,,
2020-03-08,50.0,43.0,38.0,33.0,47.5,40.5,35.5,30.5,,
2020-03-09,50.0,43.5,38.5,33.5,48.0,41.0,36.0,31.0,38.15,50.56000137329102
2020-03-10,50.0,43.5,38.5,33.5,48.0,41.0,36.0,31.0,,50.44618988037109
2020-03-11,50.0,43.5,38.5,33.5,48.0,41.0,36.0,31.0,,50.53499984741211
2020-03-12,50.0,43.5,38.5,33.5,48.0,41.0,36.0,31.0,,50.59999847412109
2020-03-13,51.0,44.0,39.0,34.0,49.0,42.0,37.0,32.0,,51.04499816894531
2020-03-14,51.0,44.0,39.0,34.0,49.0,42.0,37.0,32.0,,
2020-03-15,51.0,44.0,39.0,34.0,49.0,42.0,37.0,32.0,,
2020-03-16,51.0,44.0,39.0,34.0,49.0,42.0,37.0,32.0,37.45,51.02500152587891
2020-03-17,53.0,46.0,40.0,35.0,50.0,45.0,40.0,35.0,,52.22999954223633
2020-03-18,53.0,46.0,40.0,35.0,50.0,45.0,40.0,35.0,,51.59114074707031
2020-03-19,53.0,46.0,40.0,35.0,50.0,45.0,40.0,35.0,,52.09799957275391
2020-03-20,53.0,46.0,40.0,35.0,50.0,45.0,40.0,35.0,,52.45500183105469
2020-03-21,53.0,46.0,40.0,35.0,50.0,45.0,40.0,35.0,,
2020-03-22,53.0,46.0,40.0,35.0,50.0,45.0,40.0,35.0,,
2020-03-23,53.0,46.0,40.0,35.0,50.0,45.0,40.0,35.0,33.45,50.83833694458008
2020-03-24,53.0,46.0,40.0,35.0,50.0,45.0,40.0,35.0,,51.15999984741211
2020-03-25,53.0,46.0,40.0,35.0,50.0,45.0,40.0,35.0,,51.88000106811523
2020-03-26,53.0,46.0,40.0,35.0,50.0,45.0,40.0,35.0,,50.90200805664062
2020-03-27,53.0,46.0,40.0,35.0,50.0,45.0,40.0,35.0,,51.45000076293945
2020-03-28,53.0,46.0,40.0,35.0,50.0,45.0,40.0,35.0,,
2020-03-29,53.0,46.0,40.0,35.0,50.0,45.0,40.0,35.0,,
2020-03-30,53.0,46.0,40.0,35.0,50.0,45.0,40.0,35.0,31.45,51.07865142822266
2020-03-31,53.0,46.0,40.0,35.0,50.0,45.0,40.0,35.0,,51.38000106811523
2020-04-01,53.0,46.0,40.0,35.0,50.0,45.0,40.0,35.0,,50.72999954223633
2020-04-02,53.0,46.0,40.0,35.0,50.0,45.0,40.0,35.0,,51.47000122070312
2020-04-03,53.0,46.0,40.0,35.0,50.0,45.0,40.0,35.0,,51.16999816894531
2020-04-04,53.0,46.0,40.0,35.0,50.0,45.0,40.0,35.0,,
2020-04-05,53.0,46.0,40.0,35.0,50.0,45.0,40.0,35.0,,
2020-04-06,53.0,46.0,40.0,35.0,50.0,45.0,40.0,35.0,27.5,50.88999938964844
2020-04-07,53.0,46.0,40.0,35.0,50.0,45.0,40.0,35.0,,50.49074172973633
2020-04-08,53.0,46.0,40.0,35.0,50.0,45.0,40.0,35.0,,50.6349983215332
2020-04-09,53.0,46.0,40.0,35.0,50.0,45.0,40.0,35.0,,50.6349983215332
2020-04-10,53.0,46.0,40.0,35.0,50.0,45.0,40.0,35.0,,50.58499908447266
2020-04-11,53.0,46.0,40.0,35.0,50.0,45.0,40.0,35.0,,
2020-04-12,53.0,46.0,40.0,35.0,50.0,45.0,40.0,35.0,,
2020-04-13,53.0,46.0,40.0,35.0,50.0,45.0,40.0,35.0,27.85,50.51100158691406
2020-04-14,53.0,46.0,40.0,35.0,50.0,45.0,40.0,35.0,,50.6349983215332
2020-04-15,53.0,46.0,40.0,35.0,50.0,45.0,40.0,35.0,,50.45403289794922
2020-04-16,53.0,46.0,40.0,35.0,50.0,45.0,40.0,35.0,,50.8129997253418
2020-04-17,53.0,46.0,40.0,35.0,50.0,45.0,40.0,35.0,,50.89300155639648
2020-04-18,53.0,46.0,40.0,35.0,50.0,45.0,40.0,35.0,,
2020-04-19,53.0,46.0,40.0,35.0,50.0,45.0,40.0,35.0,,
2020-04-20,53.0,46.0,40.0,35.0,50.0,45.0,40.0,35.0,26.85,50.84000015258789
2020-04-21,53.0,46.0,40.0,35.0,50.0,45.0,40.0,35.0,,50.90999984741211
2020-04-22,53.0,46.0,40.0,35.0,50.0,45.0,40.0,35.0,,50.79299926757812
2020-04-23,53.0,46.0,40.0,35.0,50.0,45.0,40.0,35.0,,50.53366088867188
2020-04-24,53.0,46.0,40.0,35.0,50.0,45.0,40.0,35.0,,50.61000061035156
2020-04-25,53.0,46.0,40.0,35.0,50.0,45.0,40.0,35.0,,
2020-04-26,53.0,46.0,40.0,35.0,50.0,45.0,40.0,35.0,,
2020-04-27,53.0,46.0,40.0,35.0,50.0,45.0,40.0,35.0,26.85,50.79000091552734
2020-04-28,53.0,46.0,40.0,35.0,50.0,45.0,40.0,35.0,,50.47390365600586
2020-04-29,53.0,46.0,40.0,35.0,50.0,45.0,40.0,35.0,,50.59299850463867
2020-04-30,53.0,46.0,40.0,35.0,50.0,45.0,40.0,35.0,,50.3849983215332
2020-05-01,53.0,46.0,40.0,35.0,50.0,45.0,40.0,35.0,,50.4630012512207
2020-05-02,53.0,46.0,40.0,35.0,50.0,45.0,40.0,35.0,,
2020-05-03,53.0,46.0,40.0,35.0,50.0,45.0,40.0,35.0,,
2020-05-04,53.0,46.0,40.0,35.0,50.0,45.0,40.0,35.0,26.85,50.56000137329102
2020-05-05,53.0,46.0,40.0,35.0,50.0,45.0,40.0,35.0,,50.49983596801758
2020-05-06,53.0,46.0,40.0,35.0,50.0,45.0,40.0,35.0,,50.67300033569336
2020-05-07,53.0,46.0,40.0,35.0,50.0,45.0,40.0,35.0,,50.80300140380859
2020-05-08,53.0,46.0,40.0,35.0,50.0,45.0,40.0,35.0,,50.58499908447266
2020-05-09,53.0,46.0,40.0,35.0,50.0,45.0,40.0,35.0,,
2020-05-10,53.0,46.0,40.0,35.0,50.0,45.0,40.0,35.0,,
2020-05-11,53.0,46.0,40.0,35.0,50.0,45.0,40.0,35.0,28.85,50.48500061035156
2020-05-12,53.0,46.0,40.0,35.0,50.0,45.0,40.0,35.0,,50.39300155639648
2020-05-13,53.0,46.0,40.0,35.0,50.0,45.0,40.0,35.0,,50.23500061035156
2020-05-14,53.0,46.0,40.0,35.0,50.0,45.0,40.0,35.0,,50.16981887817383
2020-05-15,53.0,46.0,40.0,35.0,50.0,45.0,40.0,35.0,,50.53499984741211
2020-05-16,53.0,46.0,40.0,35.0,50.0,45.0,40.0,35.0,,
2020-05-17,53.0,46.0,40.0,35.0,50.0,45.0,40.0,35.0,,
2020-05-18,53.0,46.0,40.0,35.0,50.0,45.0,40.0,35.0,29.45,50.72499847412109
2020-05-19,53.0,46.0,40.0,35.0,50.0,45.0,40.0,35.0,,50.89300155639648
2020-05-20,53.0,46.0,40.0,35.0,50.0,45.0,40.0,35.0,,50.68500137329102
2020-05-21,53.0,46.0,40.0,35.0,50.0,45.0,40.0,35.0,,50.65000152587891
2020-05-22,53.0,46.0,40.0,35.0,50.0,45.0,40.0,35.0,,50.77999877929688
2020-05-23,53.0,46.0,40.0,35.0,50.0,45.0,40.0,35.0,,
2020-05-24,53.0,46.0,40.0,35.0,50.0,45.0,40.0,35.0,,
2020-05-25,53.0,46.0,40.0,35.0,50.0,45.0,40.0,35.0,30.05,50.81700134277344
2020-05-26,53.0,46.0,40.0,35.0,50.0,45.0,40.0,35.0,,50.79999923706055
2020-05-27,53.0,46.0,40.0,35.0,50.0,45.0,40.0,35.0,,50.54999923706055
2020-05-28,53.0,46.0,40.0,35.0,50.0,45.0,40.0,35.0,,50.70999908447266
2020-05-29,53.0,46.0,40.0,35.0,50.0,45.0,40.0,35.0,,50.6349983215332
2020-05-30,53.0,46.0,40.0,35.0,50.0,45.0,40.0,35.0,,
2020-05-31,53.0,46.0,40.0,35.0,50.0,45.0,40.0,35.0,,
2020-06-01,53.0,46.0,40.0,35.0,50.0,45.0,40.0,35.0,30.3,50.53900146484375
2020-06-02,53.0,46.0,40.0,35.0,50.0,45.0,40.0,35.0,,50.41999816894531
2020-06-03,53.0,46.0,40.0,35.0,50.0,45.0,40.0,35.0,,50.05319595336914
2020-06-04,53.0,46.0,40.0,35.0,50.0,45.0,40.0,35.0,,49.89500045776367
2020-06-05,53.0,46.0,40.0,35.0,50.0,45.0,40.0,35.0,,49.90000152587891
2020-06-06,53.0,46.0,40.0,35.0,50.0,45.0,40.0,35.0,,
2020-06-07,53.0,46.0,40.0,35.0,50.0,45.0,40.0,35.0,,
2020-06-08,53.0,46.0,40.0,35.0,50.0,45.0,40.0,35.0,30.3,49.73099899291992
2020-06-09,53.0,46.0,40.0,35.0,50.0,45.0,40.0,35.0,,49.82799911499023
2020-06-10,53.0,46.0,40.0,35.0,50.0,45.0,40.0,35.0,,49.826171875
2020-06-11,53.0,46.0,40.0,35.0,50.0,45.0,40.0,35.0,,49.81499862670898
2020-06-12,53.0,46.0,40.0,35.0,50.0,45.0,40.0,35.0,,50.29087066650391
2020-06-13,53.0,46.0,40.0,35.0,50.0,45.0,40.0,35.0,,
2020-06-14,53.0,46.0,40.0,35.0,50.0,45.0,40.0,35.0,,
2020-06-15,53.0,46.0,40.0,35.0,50.0,45.0,40.0,35.0,31.4,50.29100036621094
2020-06-16,53.0,46.0,40.0,35.0,50.0,45.0,40.0,35.0,,50.23500061035156
2020-06-17,53.0,46.0,40.0,35.0,50.0,45.0,40.0,35.0,,49.97000122070312
2020-06-18,53.0,46.0,40.0,35.0,50.0,45.0,40.0,35.0,,50.15000152587891
2020-06-19,53.0,46.0,40.0,35.0,50.0,45.0,40.0,35.0,,50.16999816894531
2020-06-20,53.0,46.0,40.0,35.0,50.0,45.0,40.0,35.0,,
2020-06-21,53.0,46.0,40.0,35.0,50.0,45.0,40.0,35.0,,
2020-06-22,52.0,45.0,39.0,34.0,50.0,45.0,40.0,35.0,32.5,50.05699920654297
2020-06-23,52.0,45.0,39.0,34.0,50.0,45.0,40.0,35.0,,50.13999938964844
2020-06-24,52.0,45.0,39.0,34.0,50.0,45.0,40.0,35.0,,50.04499816894531
2020-06-25,52.0,45.0,39.0,34.0,50.0,45.0,40.0,35.0,,50.11000061035156
2020-06-26,52.0,45.0,39.0,34.0,50.0,45.0,40.0,35.0,,49.97499847412109
2020-06-27,52.0,45.0,39.0,34.0,50.0,45.0,40.0,35.0,,
2020-06-28,52.0,45.0,39.0,34.0,50.0,45.0,40.0,35.0,,
2020-06-29,52.0,45.0,39.0,34.0,50.0,45.0,40.0,35.0,32.5,49.96900177001953
2020-06-30,52.0,45.0,39.0,34.0,50.0,45.0,40.0,35.0,,49.68500137329102
2020-07-01,52.0,45.0,39.0,34.0,50.0,45.0,40.0,35.0,,49.69713592529297
2020-07-02,52.0,45.0,39.0,34.0,50.0,45.0,40.0,35.0,,49.6902961730957
2020-07-03,52.0,45.0,39.0,34.0,50.0,45.0,40.0,35.0,,49.54499816894531
2020-07-04,52.0,45.0,39.0,34.0,50.0,45.0,40.0,35.0,,
2020-07-05,52.0,45.0,39.0,34.0,50.0,45.0,40.0,35.0,,
2020-07-06,52.0,45.0,39.0,34.0,50.0,45.0,40.0,35.0,32.5,49.46699905395508
2020-07-07,52.0,45.0,39.0,34.0,50.0,45.0,40.0,35.0,,49.30500030517578
2020-07-08,52.0,45.0,39.0,34.0,50.0,45.0,40.0,35.0,,49.51499938964844
2020-07-09,52.0,45.0,39.0,34.0,50.0,45.0,40.0,35.0,,49.54999923706055
2020-07-10,52.0,45.0,39.0,34.0,50.0,45.0,40.0,35.0,,49.45000076293945
2020-07-11,52.0,45.0,39.0,34.0,50.0,45.0,40.0,35.0,,
2020-07-12,52.0,45.0,39.0,34.0,50.0,45.0,40.0,35.0,,
2020-07-13,51.0,44.0,38.0,33.0,49.0,44.0,39.0,34.0,32.8,49.43099975585938
2020-07-14,51.0,44.0,38.0,33.0,49.0,44.0,39.0,34.0,,49.43500137329102
2020-07-15,51.0,44.0,38.0,33.0,49.0,44.0,39.0,34.0,,49.41500091552734
2020-07-16,51.0,44.0,38.0,33.0,49.0,44.0,39.0,34.0,,49.5
2020-07-17,51.0,44.0,38.0,33.0,49.0,44.0,39.0,34.0,,49.54499816894531
2020-07-18,51.0,44.0,38.0,33.0,49.0,44.0,39.0,34.0,,
2020-07-19,51.0,44.0,38.0,33.0,49.0,44.0,39.0,34.0,,
2020-07-20,50.5,43.5,37.5,32.5,48.5,43.5,38.5,33.5,32.8,49.36899948120117
2020-07-21,50.5,43.5,37.5,32.5,48.5,43.5,38.5,33.5,,49.36000061035156
2020-07-22,50.5,43.5,37.5,32.5,48.5,43.5,38.5,33.5,,49.36999893188477
2020-07-23,50.5,43.5,37.5,32.5,48.5,43.5,38.5,33.5,,49.40000152587891
2020-07-24,50.5,43.5,37.5,32.5,48.5,43.5,38.5,33.5,,49.47999954223633
2020-07-25,50.5,43.5,37.5,32.5,48.5,43.5,38.5,33.5,,
2020-07-26,50.5,43.5,37.5,32.5,48.5,43.5,38.5,33.5,,
2020-07-27,50.0,43.0,37.0,32.0,48.0,43.0,38.0,33.0,32.8,49.32500076293945
2020-07-28,50.0,43.0,37.0,32.0,48.0,43.0,38.0,33.0,,49.15000152587891
2020-07-29,50.0,43.0,37.0,32.0,48.0,43.0,38.0,33.0,,49.18500137329102
2020-07-30,50.0,43.0,37.0,32.0,48.0,43.0,38.0,33.0,,49.03499984741211
2020-07-31,50.0,43.0,37.0,32.0,48.0,43.0,38.0,33.0,,49.08499908447266
2020-08-01,50.0,43.0,37.0,32.0,48.0,43.0,38.0,33.0,,
2020-08-02,50.0,43.0,37.0,32.0,48.0,43.0,38.0,33.0,,
2020-08-03,50.0,43.0,37.0,32.0,48.0,43.0,38.0,33.0,32.5,49.10699844360352
2020-08-04,51.0,44.0,38.0,33.0,49.0,44.0,39.0,34.0,,49.18999862670898
2020-08-05,51.0,44.0,38.0,33.0,49.0,44.0,39.0,34.0,,48.98500061035156
2020-08-06,51.0,44.0,38.0,33.0,49.0,44.0,39.0,34.0,,49.07199859619141
2020-08-07,51.0,44.0,38.0,33.0,49.0,44.0,39.0,34.0,,48.73500061035156
2020-08-08,51.0,44.0,38.0,33.0,49.0,44.0,39.0,34.0,,
2020-08-09,51.0,44.0,38.0,33.0,49.0,44.0,39.0,34.0,,
2020-08-10,51.0,44.0,38.0,33.0,49.0,44.0,39.0,34.0,32.5,49.09400177001953
2020-08-11,51.0,44.0,38.0,33.0,49.0,44.0,39.0,34.0,,49.11999893188477
2020-08-12,51.0,44.0,38.0,33.0,49.0,44.0,39.0,34.0,,49.00500106811523
2020-08-13,51.0,44.0,38.0,33.0,49.0,44.0,39.0,34.0,,48.93999862670898
2020-08-14,51.0,44.0,38.0,33.0,49.0,44.0,39.0,34.0,,48.74590301513672
2020-08-15,51.0,44.0,38.0,33.0,49.0,44.0,39.0,34.0,,
2020-08-16,51.0,44.0,38.0,33.0,49.0,44.0,39.0,34.0,,
2020-08-17,51.0,44.0,38.0,33.0,49.0,44.0,39.0,34.0,32.65,48.65499877929688
2020-08-18,51.0,44.0,38.0,33.0,49.0,44.0,39.0,34.0,,48.6349983215332
2020-08-19,50.0,43.0,37.0,32.0,48.0,43.0,38.0,33.0,,48.58499908447266
2020-08-20,50.0,43.0,37.0,32.0,48.0,43.0,38.0,33.0,,48.69499969482422
2020-08-21,50.0,43.0,37.0,32.0,48.0,43.0,38.0,33.0,,48.6349983215332
2020-08-22,50.0,43.0,37.0,32.0,48.0,43.0,38.0,33.0,,
2020-08-23,50.0,43.0,37.0,32.0,48.0,43.0,38.0,33.0,,
2020-08-24,50.0,43.0,37.0,32.0,48.0,43.0,38.0,33.0,32.8,48.70399856567383
2020-08-25,50.0,43.0,37.0,32.0,48.0,43.0,38.0,33.0,,48.53499984741211
2020-08-26,49.5,42.5,36.5,31.5,47.5,42.5,37.5,32.5,,48.56999969482422
2020-08-27,49.5,42.5,36.5,31.5,47.5,42.5,37.5,32.5,,48.56800079345703
2020-08-28,49.5,42.5,36.5,31.5,47.5,42.5,37.5,32.5,,48.49499893188477
2020-08-29,49.5,42.5,36.5,31.5,47.5,42.5,37.5,32.5,,
2020-08-30,49.5,42.5,36.5,31.5,47.5,42.5,37.5,32.5,,
2020-08-31,49.5,42.5,36.5,31.5,47.5,42.5,37.5,32.5,32.95,48.35100173950195
2020-09-01,49.5,42.5,36.5,31.5,47.5,42.5,37.5,32.5,,48.36000061035156
2020-09-02,49.5,42.5,36.5,31.5,47.5,42.5,37.5,32.5,,48.56000137329102
2020-09-03,49.5,42.5,36.5,31.5,47.5,42.5,37.5,32.5,,48.59999847412109
2020-09-04,49.5,42.5,36.5,31.5,47.5,42.5,37.5,32.5,,48.71500015258789
2020-09-05,49.5,42.5,36.5,31.5,47.5,42.5,37.5,32.5,,
2020-09-06,49.5,42.5,36.5,31.5,47.5,42.5,37.5,32.5,,
2020-09-07,49.0,42.0,36.0,31.0,47.0,42.0,37.0,32.0,32.95,48.57500076293945
2020-09-08,49.0,42.0,36.0,31.0,47.0,42.0,37.0,32.0,,48.52999877929688
2020-09-09,49.0,42.0,36.0,31.0,47.0,42.0,37.0,32.0,,48.55500030517578
2020-09-10,49.0,42.0,36.0,31.0,47.0,42.0,37.0,32.0,,48.65499877929688
2020-09-11,49.0,42.0,36.0,31.0,47.0,42.0,37.0,32.0,,48.48500061035156
2020-09-12,49.0,42.0,36.0,31.0,47.0,42.0,37.0,32.0,,
2020-09-13,49.0,42.0,36.0,31.0,47.0,42.0,37.0,32.0,,
2020-09-14,48.5,41.5,35.5,30.5,46.5,41.5,36.5,31.5,31.45,48.5359992980957
2020-09-15,48.5,41.5,35.5,30.5,46.5,41.5,36.5,31.5,,48.45299911499023
2020-09-16,48.5,41.5,35.5,30.5,46.5,41.5,36.5,31.5,,48.25952911376953
2020-09-17,48.5,41.5,35.5,30.5,46.5,41.5,36.5,31.5,,48.31999969482422
2020-09-18,48.5,41.5,35.5,30.5,46.5,41.5,36.5,31.5,,48.35499954223633
2020-09-19,48.5,41.5,35.5,30.5,46.5,41.5,36.5,31.5,,
2020-09-20,48.5,41.5,35.5,30.5,46.5,41.5,36.5,31.5,,
2020-09-21,48.0,41.0,35.0,30.0,46.0,41.0,36.0,31.0,30.95,48.47000122070312
2020-09-22,48.0,41.0,35.0,30.0,46.0,41.0,36.0,31.0,,48.43000030517578
2020-09-23,48.0,41.0,35.0,30.0,46.0,41.0,36.0,31.0,,48.45999908447266
2020-09-24,48.0,41.0,35.0,30.0,46.0,41.0,36.0,31.0,,48.58000183105469
2020-09-25,48.0,41.0,35.0,30.0,46.0,41.0,36.0,31.0,,48.5
2020-09-26,48.0,41.0,35.0,30.0,46.0,41.0,36.0,31.0,,
2020-09-27,48.0,41.0,35.0,30.0,46.0,41.0,36.0,31.0,,
2020-09-28,47.5,40.5,34.5,29.5,45.5,40.5,35.5,30.5,31.15,48.4640007019043
2020-09-29,47.5,40.5,34.5,29.5,45.5,40.5,35.5,30.5,,48.36700057983398
2020-09-30,47.5,40.5,34.5,29.5,45.5,40.5,35.5,30.5,,48.35499954223633
2020-10-01,47.5,40.5,34.5,29.5,45.5,40.5,35.5,30.5,,48.48500061035156
2020-10-02,47.5,40.5,34.5,29.5,45.5,40.5,35.5,30.5,,48.36700057983398
2020-10-03,47.5,40.5,34.5,29.5,45.5,40.5,35.5,30.5,,
2020-10-04,47.5,40.5,34.5,29.5,45.5,40.5,35.5,30.5,,
2020-10-05,47.0,40.0,34.0,29.0,45.0,40.0,35.0,30.0,31.15,48.48600006103516
2020-10-06,47.0,40.0,34.0,29.0,45.0,40.0,35.0,30.0,,48.34999847412109
2020-10-07,47.0,40.0,34.0,29.0,45.0,40.0,35.0,30.0,,48.47000122070312
2020-10-08,47.0,40.0,34.0,29.0,45.0,40.0,35.0,30.0,,48.47999954223633
2020-10-09,47.0,40.0,34.0,29.0,45.0,40.0,35.0,30.0,,48.40700149536133
2020-10-10,47.0,40.0,34.0,29.0,45.0,40.0,35.0,30.0,,
2020-10-11,47.0,40.0,34.0,29.0,45.0,40.0,35.0,30.0,,
2020-10-12,46.5,39.5,33.5,28.5,44.5,39.5,34.5,29.5,30.45,48.35100173950195
2020-10-13,46.5,39.5,33.5,28.5,44.5,39.5,34.5,29.5,,48.44200134277344
2020-10-14,46.5,39.5,33.5,28.5,44.5,39.5,34.5,29.5,,48.81999969482422
2020-10-15,46.5,39.5,33.5,28.5,44.5,39.5,34.5,29.5,,48.48933792114258
2020-10-16,46.5,39.5,33.5,28.5,44.5,39.5,34.5,29.5,,48.64400100708008
2020-10-17,46.5,39.5,33.5,28.5,44.5,39.5,34.5,29.5,,
2020-10-18,46.5,39.5,33.5,28.5,44.5,39.5,34.5,29.5,,
2020-10-19,46.0,39.0,33.0,28.0,44.0,39.0,34.0,29.0,30.7,48.63600158691406
2020-10-20,46.0,39.0,33.0,28.0,44.0,39.0,34.0,29.0,,48.51499938964844
2020-10-21,46.0,39.0,33.0,28.0,44.0,39.0,34.0,29.0,,48.48300170898438
2020-10-22,46.0,39.0,33.0,28.0,44.0,39.0,34.0,29.0,,48.5
2020-10-23,46.0,39.0,33.0,28.0,44.0,39.0,34.0,29.0,,48.54199981689453
2020-10-24,46.0,39.0,33.0,28.0,44.0,39.0,34.0,29.0,,
2020-10-25,46.0,39.0,33.0,28.0,44.0,39.0,34.0,29.0,,
2020-10-26,45.5,38.5,32.5,27.5,43.5,38.5,33.5,28.5,30.7,48.27734375
2020-10-27,45.5,38.5,32.5,27.5,43.5,38.5,33.5,28.5,,48.37200164794922
2020-10-28,45.5,38.5,32.5,27.5,43.5,38.5,33.5,28.5,,48.26239776611328
2020-10-29,45.5,38.5,32.5,27.5,43.5,38.5,33.5,28.5,,48.39199829101562
2020-10-30,45.5,38.5,32.5,27.5,43.5,38.5,33.5,28.5,,48.37699890136719
2020-10-31,45.5,38.5,32.5,27.5,43.5,38.5,33.5,28.5,,
2020-11-01,45.5,38.5,32.5,27.5,43.5,38.5,33.5,28.5,,
2020-11-02,45.5,38.5,32.5,27.5,43.5,38.5,33.5,28.5,29.9,48.32500076293945
2020-11-03,45.5,38.5,32.5,27.5,43.5,38.5,33.5,28.5,,48.36999893188477
2020-11-04,45.5,38.5,32.5,27.5,43.5,38.5,33.5,28.5,,48.20100021362305
2020-11-05,46.0,39.0,33.0,28.0,44.0,39.0,34.0,29.0,,48.22000122070312
2020-11-06,46.0,39.0,33.0,28.0,44.0,39.0,34.0,29.0,,48.24700164794922
2020-11-07,46.0,39.0,33.0,28.0,44.0,39.0,34.0,29.0,,
2020-11-08,46.0,39.0,33.0,28.0,44.0,39.0,34.0,29.0,,
2020-11-09,46.0,39.0,33.0,28.0,44.0,39.0,34.0,29.0,29.9,48.05231475830078
2020-11-10,46.0,39.0,33.0,28.0,44.0,39.0,34.0,29.0,,48.21699905395508
2020-11-11,46.0,39.0,33.0,28.0,44.0,39.0,34.0,29.0,,48.34700012207031
2020-11-12,46.5,39.5,33.5,28.5,44.5,39.5,34.5,29.5,,48.54999923706055
2020-11-13,46.5,39.5,33.5,28.5,44.5,39.5,34.5,29.5,,48.5
2020-11-14,46.5,39.5,33.5,28.5,44.5,39.5,34.5,29.5,,
2020-11-15,46.5,39.5,33.5,28.5,44.5,39.5,34.5,29.5,,
2020-11-16,46.5,39.5,33.5,28.5,44.5,39.5,34.5,29.5,31.4,48.15999984741211
2020-11-17,46.5,39.5,33.5,28.5,44.5,39.5,34.5,29.5,,48.16699981689453
2020-11-18,46.5,39.5,33.5,28.5,44.5,39.5,34.5,29.5,,48.23199844360352
2020-11-19,46.5,39.5,33.5,28.5,44.5,39.5,34.5,29.5,,47.94699859619141
2020-11-20,46.5,39.5,33.5,28.5,44.5,39.5,34.5,29.5,,48.26200103759766
2020-11-21,46.5,39.5,33.5,28.5,44.5,39.5,34.5,29.5,,
2020-11-22,46.5,39.5,33.5,28.5,44.5,39.5,34.5,29.5,,
2020-11-23,46.0,39.0,33.0,28.0,44.0,39.0,34.0,29.0,31.9,48.11387634277344
2020-11-24,46.0,39.0,33.0,28.0,44.0,39.0,34.0,29.0,,48.20999908447266
2020-11-25,46.0,39.0,33.0,28.0,44.0,39.0,34.0,29.0,,48.15999984741211
2020-11-26,46.0,39.0,33.0,28.0,44.0,39.0,34.0,29.0,,48.0
2020-11-27,46.0,39.0,33.0,28.0,44.0,39.0,34.0,29.0,,47.98371124267578
2020-11-28,46.0,39.0,33.0,28.0,44.0,39.0,34.0,29.0,,
2020-11-29,46.0,39.0,33.0,28.0,44.0,39.0,34.0,29.0,,
2020-11-30,46.0,39.0,33.0,28.0,44.0,39.0,34.0,29.0,33.0,48.11000061035156
2020-12-01,46.0,39.0,33.0,28.0,44.0,39.0,34.0,29.0,,48.15000152587891
2020-12-02,46.0,39.0,33.0,28.0,44.0,39.0,34.0,29.0,,48.06000137329102
2020-12-03,46.0,39.0,33.0,28.0,44.0,39.0,34.0,29.0,,47.88246536254883
2020-12-04,46.0,39.0,33.0,28.0,44.0,39.0,34.0,29.0,,47.90081024169922
2020-12-05,46.0,39.0,33.0,28.0,44.0,39.0,34.0,29.0,,
2020-12-06,46.0,39.0,33.0,28.0,44.0,39.0,34.0,29.0,,
2020-12-07,46.0,39.0,33.0,28.0,44.0,39.0,34.0,29.0,33.4,47.98215103149414
2020-12-08,46.0,39.0,33.0,28.0,44.0,39.0,34.0,29.0,,48.22000122070312
2020-12-09,46.0,39.0,33.0,28.0,44.0,39.0,34.0,29.0,,48.22999954223633
2020-12-10,46.0,39.0,33.0,28.0,44.0,39.0,34.0,29.0,,48.25
2020-12-11,46.5,39.5,33.5,28.5,44.5,39.5,34.5,29.5,,48.2400016784668
2020-12-12,46.5,39.5,33.5,28.5,44.5,39.5,34.5,29.5,,
2020-12-13,46.5,39.5,33.5,28.5,44.5,39.5,34.5,29.5,,
2020-12-14,46.5,39.5,33.5,28.5,44.5,39.5,34.5,29.5,33.8,48.01677703857422
2020-12-15,46.5,39.5,33.5,28.5,44.5,39.5,34.5,29.5,,48.13999938964844
2020-12-16,47.0,40.0,34.0,29.0,45.0,40.0,35.0,30.0,,47.88800048828125
2020-12-17,47.0,40.0,34.0,29.0,45.0,40.0,35.0,30.0,,47.92522430419922
2020-12-18,47.0,40.0,34.0,29.0,45.0,40.0,35.0,30.0,,48.09000015258789
2020-12-19,47.0,40.0,34.0,29.0,45.0,40.0,35.0,30.0,,
2020-12-20,47.0,40.0,34.0,29.0,45.0,40.0,35.0,30.0,,
2020-12-21,47.0,40.0,34.0,29.0,45.0,40.0,35.0,30.0,34.55,47.9559440612793
2020-12-22,47.0,40.0,34.0,29.0,45.0,40.0,35.0,30.0,,48.15999984741211
2020-12-23,47.0,40.0,34.0,29.0,45.0,40.0,35.0,30.0,,48.22999954223633
2020-12-24,47.0,40.0,34.0,29.0,45.0,40.0,35.0,30.0,,47.92659759521484
2020-12-25,47.0,40.0,34.0,29.0,45.0,40.0,35.0,30.0,,48.04999923706055
2020-12-26,47.0,40.0,34.0,29.0,45.0,40.0,35.0,30.0,,
2020-12-27,47.0,40.0,34.0,29.0,45.0,40.0,35.0,30.0,,
2020-12-28,47.0,40.0,34.0,29.0,45.0,40.0,35.0,30.0,34.6,48.00500106811523
2020-12-29,47.0,40.0,34.0,29.0,45.0,40.0,35.0,30.0,,47.90497207641602
2020-12-30,47.0,40.0,34.0,29.0,45.0,40.0,35.0,30.0,,48.09999847412109
2020-12-31,47.0,40.0,34.0,29.0,45.0,40.0,35.0,30.0,,48.06999969482422
2021-01-01,47.0,40.0,34.0,29.0,45.0,40.0,35.0,30.0,,48.06999969482422
2021-01-02,47.0,40.0,34.0,29.0,45.0,40.0,35.0,30.0,,
2021-01-03,47.0,40.0,34.0,29.0,45.0,40.0,35.0,30.0,,
2021-01-04,47.0,40.0,34.0,29.0,45.0,40.0,35.0,30.0,35.05,48.08000183105469
2021-01-05,48.0,41.0,35.0,30.0,46.0,41.0,36.0,31.0,,47.90999984741211
2021-01-06,48.0,41.0,35.0,30.0,46.0,41.0,36.0,31.0,,48.09999847412109
2021-01-07,48.0,41.0,35.0,30.0,46.0,41.0,36.0,31.0,,48.09000015258789
2021-01-08,48.0,41.0,35.0,30.0,46.0,41.0,36.0,31.0,,48.16500091552734
2021-01-09,48.0,41.0,35.0,30.0,46.0,41.0,36.0,31.0,,
2021-01-10,48.0,41.0,35.0,30.0,46.0,41.0,36.0,31.0,,
2021-01-11,48.0,41.0,35.0,30.0,46.0,41.0,36.0,31.0,35.35,47.93374252319336
2021-01-12,48.5,41.5,35.5,30.5,46.5,41.5,36.5,31.5,,48.00799942016602
2021-01-13,48.5,41.5,35.5,30.5,46.5,41.5,36.5,31.5,,48.06999969482422
2021-01-14,48.5,41.5,35.5,30.5,46.5,41.5,36.5,31.5,,47.92599868774414
2021-01-15,48.5,41.5,35.5,30.5,46.5,41.5,36.5,31.5,,48.00500106811523
2021-01-16,48.5,41.5,35.5,30.5,46.5,41.5,36.5,31.5,,
2021-01-17,48.5,41.5,35.5,30.5,46.5,41.5,36.5,31.5,,
2021-01-18,49.0,42.0,36.0,31.0,47.0,42.0,37.0,32.0,35.85,47.9274787902832
2021-01-19,49.0,42.0,36.0,31.0,47.0,42.0,37.0,32.0,,48.05300140380859
2021-01-20,49.0,42.0,36.0,31.0,47.0,42.0,37.0,32.0,,48.06000137329102
2021-01-21,49.0,42.0,36.0,31.0,47.0,42.0,37.0,32.0,,48.06000137329102
2021-01-22,49.0,42.0,36.0,31.0,47.0,42.0,37.0,32.0,,48.05599975585938
2021-01-23,49.0,42.0,36.0,31.0,47.0,42.0,37.0,32.0,,
2021-01-24,49.0,42.0,36.0,31.0,47.0,42.0,37.0,32.0,,
2021-01-25,49.5,42.5,36.5,31.5,47.5,42.5,37.5,32.5,35.85,47.94118881225586
2021-01-26,49.5,42.5,36.5,31.5,47.5,42.5,37.5,32.5,,48.09000015258789
2021-01-27,49.5,42.5,36.5,31.5,47.5,42.5,37.5,32.5,,48.04399871826172
2021-01-28,49.5,42.5,36.5,31.5,47.5,42.5,37.5,32.5,,48.125
2021-01-29,49.5,42.5,36.5,31.5,47.5,42.5,37.5,32.5,,48.09999847412109
2021-01-30,49.5,42.5,36.5,31.5,47.5,42.5,37.5,32.5,,
2021-01-31,49.5,42.5,36.5,31.5,47.5,42.5,37.5,32.5,,
2021-02-01,50.0,43.0,37.0,32.0,48.0,43.0,38.0,33.0,36.1,48.04600143432617
2021-02-02,50.0,43.0,37.0,32.0,48.0,43.0,38.0,33.0,,48.08000183105469
2021-02-03,50.0,43.0,37.0,32.0,48.0,43.0,38.0,33.0,,47.78762435913086
2021-02-04,50.0,43.0,37.0,32.0,48.0,43.0,38.0,33.0,,47.93999862670898
2021-02-05,50.0,43.0,37.0,32.0,48.0,43.0,38.0,33.0,,48.08499908447266
2021-02-06,50.0,43.0,37.0,32.0,48.0,43.0,38.0,33.0,,
2021-02-07,50.0,43.0,37.0,32.0,48.0,43.0,38.0,33.0,,
2021-02-08,50.0,43.0,37.0,32.0,48.0,43.0,38.0,33.0,37.2,47.90502166748047
2021-02-09,50.0,43.0,37.0,32.0,48.0,43.0,38.0,33.0,,48.08300018310547
2021-02-10,50.0,43.0,37.0,32.0,48.0,43.0,38.0,33.0,,48.02999877929688
2021-02-11,50.0,43.0,37.0,32.0,48.0,43.0,38.0,33.0,,48.04100036621094
2021-02-12,50.0,43.0,37.0,32.0,48.0,43.0,38.0,33.0,,48.06499862670898
2021-02-13,50.0,43.0,37.0,32.0,48.0,43.0,38.0,33.0,,
2021-02-14,50.0,43.0,37.0,32.0,48.0,43.0,38.0,33.0,,
2021-02-15,50.0,43.0,37.0,32.0,48.0,43.0,38.0,33.0,38.45,48.05099868774414
2021-02-16,50.0,43.0,37.0,32.0,48.0,43.0,38.0,33.0,,47.95500183105469
2021-02-17,50.0,43.0,37.0,32.0,48.0,43.0,38.0,33.0,,48.34700012207031
2021-02-18,50.0,43.0,37.0,32.0,48.0,43.0,38.0,33.0,,48.39799880981445
2021-02-19,50.0,43.0,37.0,32.0,48.0,43.0,38.0,33.0,,48.55599975585938
2021-02-20,50.0,43.0,37.0,32.0,48.0,43.0,38.0,33.0,,
2021-02-21,50.0,43.0,37.0,32.0,48.0,43.0,38.0,33.0,,
2021-02-22,50.0,43.0,37.0,32.0,48.0,43.0,38.0,33.0,39.65,48.36919403076172
2021-02-23,50.0,43.0,37.0,32.0,48.0,43.0,38.0,33.0,,48.65499877929688
2021-02-24,50.0,43.0,37.0,32.0,48.0,43.0,38.0,33.0,,48.66699981689453
2021-02-25,50.0,43.0,37.0,32.0,48.0,43.0,38.0,33.0,,48.69499969482422
2021-02-26,50.0,43.0,37.0,32.0,48.0,43.0,38.0,33.0,,49.04999923706055
2021-02-27,50.0,43.0,37.0,32.0,48.0,43.0,38.0,33.0,,
2021-02-28,50.0,43.0,37.0,32.0,48.0,43.0,38.0,33.0,,
2021-03-01,50.0,43.0,37.0,32.0,48.0,43.0,38.0,33.0,39.65,48.63114166259766
2021-03-02,50.0,43.0,37.0,32.0,48.0,43.0,38.0,33.0,,48.54499816894531
2021-03-03,50.0,43.0,37.0,32.0,48.0,43.0,38.0,33.0,,48.58599853515625
2021-03-04,50.0,43.0,37.0,32.0,48.0,43.0,38.0,33.0,,48.59000015258789
2021-03-05,50.0,43.0,37.0,32.0,48.0,43.0,38.0,33.0,,48.48358154296875
2021-03-06,50.0,43.0,37.0,32.0,48.0,43.0,38.0,33.0,,
2021-03-07,50.0,43.0,37.0,32.0,48.0,43.0,38.0,33.0,,
2021-03-08,50.0,43.0,37.0,32.0,48.0,43.0,38.0,33.0,40.3,48.49153518676758
2021-03-09,50.0,43.0,37.0,32.0,48.0,43.0,38.0,33.0,,48.625
2021-03-10,50.0,43.0,37.0,32.0,48.0,43.0,38.0,33.0,,48.48300170898438
2021-03-11,49.5,42.5,36.5,31.5,48.0,43.0,38.0,33.0,,48.50199890136719
2021-03-12,49.5,42.5,36.5,31.5,48.0,43.0,38.0,33.0,,48.39500045776367
2021-03-13,49.5,42.5,36.5,31.5,48.0,43.0,38.0,33.0,,
2021-03-14,49.5,42.5,36.5,31.5,48.0,43.0,38.0,33.0,,
2021-03-15,49.5,42.5,36.5,31.5,48.0,43.0,38.0,33.0,41.25,48.36759948730469
2021-03-16,49.5,42.5,36.5,31.5,48.0,43.0,38.0,33.0,,48.48500061035156
2021-03-17,49.5,42.5,36.5,31.5,48.0,43.0,38.0,33.0,,48.49928665161133
2021-03-18,49.5,42.5,36.5,31.5,48.0,43.0,38.0,33.0,,48.82699966430664
2021-03-19,49.5,42.5,36.5,31.5,48.0,43.0,38.0,33.0,,48.54999923706055
2021-03-20,49.5,42.5,36.5,31.5,48.0,43.0,38.0,33.0,,
2021-03-21,49.5,42.5,36.5,31.5,48.0,43.0,38.0,33.0,,
2021-03-22,49.0,42.0,36.0,31.0,47.0,42.0,37.0,32.0,41.25,48.45109939575195
2021-03-23,49.0,42.0,36.0,31.0,47.0,42.0,37.0,32.0,,48.6619987487793
2021-03-24,49.0,42.0,36.0,31.0,47.0,42.0,37.0,32.0,,48.7599983215332
2021-03-25,49.0,42.0,36.0,31.0,47.0,42.0,37.0,32.0,,48.73099899291992
2021-03-26,49.0,42.0,36.0,31.0,47.0,42.0,37.0,32.0,,48.61999893188477
2021-03-27,49.0,42.0,36.0,31.0,47.0,42.0,37.0,32.0,,
2021-03-28,49.0,42.0,36.0,31.0,47.0,42.0,37.0,32.0,,
2021-03-29,50.0,44.0,39.0,34.0,48.0,43.0,38.0,33.0,40.35,48.42800140380859
2021-03-30,50.0,44.0,39.0,34.0,48.0,43.0,38.0,33.0,,48.50899887084961
2021-03-31,50.0,44.0,39.0,34.0,48.0,43.0,38.0,33.0,,48.63800048828125
2021-04-01,50.0,44.0,39.0,34.0,48.0,43.0,38.0,33.0,,48.66500091552734
2021-04-02,50.0,44.0,39.0,34.0,48.0,43.0,38.0,33.0,,48.75
2021-04-03,50.0,44.0,39.0,34.0,48.0,43.0,38.0,33.0,,
2021-04-04,50.0,44.0,39.0,34.0,48.0,43.0,38.0,33.0,,
2021-04-05,50.0,44.0,39.0,34.0,48.0,43.0,38.0,33.0,39.75,48.54700088500977
2021-04-06,50.0,44.0,39.0,34.0,48.0,43.0,38.0,33.0,,48.75699996948242
2021-04-07,50.0,44.0,39.0,34.0,48.0,43.0,38.0,33.0,,48.77500152587891
2021-04-08,50.0,44.0,39.0,34.0,48.0,43.0,38.0,33.0,,48.85699844360352
2021-04-09,50.0,44.0,39.0,34.0,48.0,43.0,38.0,33.0,,48.82500076293945
2021-04-10,50.0,44.0,39.0,34.0,48.0,43.0,38.0,33.0,,
2021-04-11,50.0,44.0,39.0,34.0,48.0,43.0,38.0,33.0,,
2021-04-12,49.5,43.5,38.5,33.5,47.5,42.5,37.5,32.5,39.75,48.52700042724609
2021-04-13,49.5,43.5,38.5,33.5,47.5,42.5,37.5,32.5,,48.79299926757812
2021-04-14,49.5,43.5,38.5,33.5,47.5,42.5,37.5,32.5,,48.72000122070312
2021-04-15,49.5,43.5,38.5,33.5,47.5,42.5,37.5,32.5,,48.38000106811523
2021-04-16,49.5,43.5,38.5,33.5,47.5,42.5,37.5,32.5,,48.54999923706055
2021-04-17,49.5,43.5,38.5,33.5,47.5,42.5,37.5,32.5,,
2021-04-18,49.5,43.5,38.5,33.5,47.5,42.5,37.5,32.5,,
2021-04-19,49.0,43.0,38.0,33.0,47.0,42.0,37.0,32.0,40.35,48.33499908447266
2021-04-20,49.0,43.0,38.0,33.0,47.0,42.0,37.0,32.0,,48.43999862670898
2021-04-21,49.0,43.0,38.0,33.0,47.0,42.0,37.0,32.0,,48.52999877929688
2021-04-22,49.0,43.0,38.0,33.0,47.0,42.0,37.0,32.0,,48.3039665222168
2021-04-23,49.0,43.0,38.0,33.0,47.0,42.0,37.0,32.0,,48.46699905395508
2021-04-24,49.0,43.0,38.0,33.0,47.0,42.0,37.0,32.0,,
2021-04-25,49.0,43.0,38.0,33.0,47.0,42.0,37.0,32.0,,
2021-04-26,48.5,42.5,37.5,32.5,46.5,41.5,36.5,31.5,41.05,48.24499893188477
2021-04-27,48.5,42.5,37.5,32.5,46.5,41.5,36.5,31.5,,48.42300033569336
2021-04-28,48.5,42.5,37.5,32.5,46.5,41.5,36.5,31.5,,48.56000137329102
2021-04-29,48.5,42.5,37.5,32.5,46.5,41.5,36.5,31.5,,48.55699920654297
2021-04-30,48.5,42.5,37.5,32.5,46.5,41.5,36.5,31.5,,48.45500183105469
2021-05-01,48.5,42.5,37.5,32.5,46.5,41.5,36.5,31.5,,
2021-05-02,48.5,42.5,37.5,32.5,46.5,41.5,36.5,31.5,,
2021-05-03,48.5,42.5,37.5,32.5,46.5,41.5,36.5,31.5,41.05,48.1879997253418
2021-05-04,48.0,42.0,37.0,32.0,46.0,41.0,36.0,31.0,,47.91392135620117
2021-05-05,48.0,42.0,37.0,32.0,46.0,41.0,36.0,31.0,,48.15700149536133
2021-05-06,48.0,42.0,37.0,32.0,46.0,41.0,36.0,31.0,,47.90000152587891
2021-05-07,48.0,42.0,37.0,32.0,46.0,41.0,36.0,31.0,,47.95000076293945
2021-05-08,48.0,42.0,37.0,32.0,46.0,41.0,36.0,31.0,,
2021-05-09,48.0,42.0,37.0,32.0,46.0,41.0,36.0,31.0,,
2021-05-10,48.0,42.0,37.0,32.0,46.0,41.0,36.0,31.0,41.8,47.78499984741211
2021-05-11,47.5,41.5,36.5,31.5,45.5,40.5,35.5,30.5,,47.95700073242188
2021-05-12,47.5,41.5,36.5,31.5,45.5,40.5,35.5,30.5,,48.00400161743164
2021-05-13,47.5,41.5,36.5,31.5,45.5,40.5,35.5,30.5,,48.05500030517578
2021-05-14,47.5,41.5,36.5,31.5,45.5,40.5,35.5,30.5,,47.75
2021-05-15,47.5,41.5,36.5,31.5,45.5,40.5,35.5,30.5,,
2021-05-16,47.5,41.5,36.5,31.5,45.5,40.5,35.5,30.5,,
2021-05-17,47.5,41.5,36.5,31.5,45.5,40.5,35.5,30.5,41.6,47.73400115966797
2021-05-18,47.0,41.0,36.0,31.0,45.0,40.0,35.0,30.0,,47.97000122070312
2021-05-19,47.0,41.0,36.0,31.0,45.0,40.0,35.0,30.0,,47.92200088500977
2021-05-20,47.0,41.0,36.0,31.0,45.0,40.0,35.0,30.0,,47.95500183105469
2021-05-21,47.0,41.0,36.0,31.0,45.0,40.0,35.0,30.0,,47.91699981689453
2021-05-22,47.0,41.0,36.0,31.0,45.0,40.0,35.0,30.0,,
2021-05-23,47.0,41.0,36.0,31.0,45.0,40.0,35.0,30.0,,
2021-05-24,47.0,41.0,36.0,31.0,45.0,40.0,35.0,30.0,41.6,47.93299865722656
2021-05-25,46.5,40.5,35.5,30.5,44.5,39.5,34.5,29.5,,48.1349983215332
2021-05-26,46.5,40.5,35.5,30.5,44.5,39.5,34.5,29.5,,48.09500122070312
2021-05-27,46.5,40.5,35.5,30.5,44.5,39.5,34.5,29.5,,48.24499893188477
2021-05-28,46.5,40.5,35.5,30.5,44.5,39.5,34.5,29.5,,48.10499954223633
2021-05-29,46.5,40.5,35.5,30.5,44.5,39.5,34.5,29.5,,
2021-05-30,46.5,40.5,35.5,30.5,44.5,39.5,34.5,29.5,,
2021-05-31,46.5,40.5,35.5,30.5,44.5,39.5,34.5,29.5,42.75,47.74700164794922
2021-06-01,46.5,40.5,35.5,30.5,44.5,39.5,34.5,29.5,,47.5567626953125
2021-06-02,46.5,40.5,35.5,30.5,44.5,39.5,34.5,29.5,,47.70600128173828
2021-06-03,46.5,40.5,35.5,30.5,44.5,39.5,34.5,29.5,,47.77500152587891
2021-06-04,46.5,40.5,35.5,30.5,44.5,39.5,34.5,29.5,,47.701171875
2021-06-05,46.5,40.5,35.5,30.5,44.5,39.5,34.5,29.5,,
2021-06-06,46.5,40.5,35.5,30.5,44.5,39.5,34.5,29.5,,
2021-06-07,47.0,41.0,36.0,31.0,45.0,40.0,35.0,30.0,43.0,47.64300155639648
2021-06-08,47.0,41.0,36.0,31.0,45.0,40.0,35.0,30.0,,47.68099975585938
2021-06-09,47.0,41.0,36.0,31.0,45.0,40.0,35.0,30.0,,47.58841705322266
2021-06-10,47.0,41.0,36.0,31.0,45.0,40.0,35.0,30.0,,47.75600051879883
2021-06-11,47.0,41.0,36.0,31.0,45.0,40.0,35.0,30.0,,47.72100067138672
2021-06-12,47.0,41.0,36.0,31.0,45.0,40.0,35.0,30.0,,
2021-06-13,47.0,41.0,36.0,31.0,45.0,40.0,35.0,30.0,,
2021-06-14,47.5,41.5,36.5,31.5,45.5,40.5,35.5,30.5,43.6,47.77399826049805
2021-06-15,47.5,41.5,36.5,31.5,45.5,40.5,35.5,30.5,,47.92499923706055
2021-06-16,47.5,41.5,36.5,31.5,45.5,40.5,35.5,30.5,,48.06800079345703
2021-06-17,47.5,41.5,36.5,31.5,45.5,40.5,35.5,30.5,,48.19800186157227
2021-06-18,47.5,41.5,36.5,31.5,45.5,40.5,35.5,30.5,,48.50500106811523
2021-06-19,47.5,41.5,36.5,31.5,45.5,40.5,35.5,30.5,,
2021-06-20,47.5,41.5,36.5,31.5,45.5,40.5,35.5,30.5,,
2021-06-21,48.0,42.0,37.0,32.0,46.0,41.0,36.0,31.0,44.3,48.51599884033203
2021-06-22,48.0,42.0,37.0,32.0,46.0,41.0,36.0,31.0,,48.59000015258789
2021-06-23,48.0,42.0,37.0,32.0,46.0,41.0,36.0,31.0,,48.79299926757812
2021-06-24,48.0,42.0,37.0,32.0,46.0,41.0,36.0,31.0,,48.63999938964844
2021-06-25,48.0,42.0,37.0,32.0,46.0,41.0,36.0,31.0,,48.71200180053711
2021-06-26,48.0,42.0,37.0,32.0,46.0,41.0,36.0,31.0,,
2021-06-27,48.0,42.0,37.0,32.0,46.0,41.0,36.0,31.0,,
2021-06-28,48.5,42.5,37.5,32.5,46.5,41.5,36.5,31.5,44.95,48.40165710449219
2021-06-29,48.5,42.5,37.5,32.5,46.5,41.5,36.5,31.5,,48.67699813842773
2021-06-30,48.5,42.5,37.5,32.5,46.5,41.5,36.5,31.5,,48.67100143432617
2021-07-01,48.5,42.5,37.5,32.5,46.5,41.5,36.5,31.5,,48.92200088500977
2021-07-02,48.5,42.5,37.5,32.5,46.5,41.5,36.5,31.5,,49.08282089233398
2021-07-03,48.5,42.5,37.5,32.5,46.5,41.5,36.5,31.5,,
2021-07-04,48.5,42.5,37.5,32.5,46.5,41.5,36.5,31.5,,
2021-07-05,49.0,43.0,38.0,33.0,47.0,42.0,37.0,32.0,45.55,49.21799850463867
2021-07-06,49.0,43.0,38.0,33.0,47.0,42.0,37.0,32.0,,49.31800079345703
2021-07-07,49.0,43.0,38.0,33.0,47.0,42.0,37.0,32.0,,49.90999984741211
2021-07-08,49.0,43.0,38.0,33.0,47.0,42.0,37.0,32.0,,50.09199905395508
2021-07-09,49.0,43.0,38.0,33.0,47.0,42.0,37.0,32.0,,49.95999908447266
2021-07-10,49.0,43.0,38.0,33.0,47.0,42.0,37.0,32.0,,
2021-07-11,49.0,43.0,38.0,33.0,47.0,42.0,37.0,32.0,,
2021-07-12,49.5,43.5,38.5,33.5,47.5,42.5,37.5,32.5,46.0,50.02899932861328
2021-07-13,49.5,43.5,38.5,33.5,47.5,42.5,37.5,32.5,,50.53499984741211
2021-07-14,49.5,43.5,38.5,33.5,47.5,42.5,37.5,32.5,,50.20899963378906
2021-07-15,49.5,43.5,38.5,33.5,47.5,42.5,37.5,32.5,,50.1879997253418
2021-07-16,49.5,43.5,38.5,33.5,47.5,42.5,37.5,32.5,,50.26800155639648
2021-07-17,49.5,43.5,38.5,33.5,47.5,42.5,37.5,32.5,,
2021-07-18,49.5,43.5,38.5,33.5,47.5,42.5,37.5,32.5,,
2021-07-19,50.0,44.0,39.0,34.0,48.0,43.0,38.0,33.0,45.2,50.42100143432617
2021-07-20,50.0,44.0,39.0,34.0,48.0,43.0,38.0,33.0,,51.08700180053711
2021-07-21,50.0,44.0,39.0,34.0,48.0,43.0,38.0,33.0,,50.93899917602539
2021-07-22,50.0,44.0,39.0,34.0,48.0,43.0,38.0,33.0,,50.30699920654297
2021-07-23,50.0,44.0,39.0,34.0,48.0,43.0,38.0,33.0,,50.1870002746582
2021-07-24,50.0,44.0,39.0,34.0,48.0,43.0,38.0,33.0,,
2021-07-25,50.0,44.0,39.0,34.0,48.0,43.0,38.0,33.0,,
2021-07-26,50.5,44.5,39.5,34.5,48.5,43.5,38.5,33.5,44.5,50.18399810791016
2021-07-27,50.5,44.5,39.5,34.5,48.5,43.5,38.5,33.5,,50.29800033569336
2021-07-28,50.5,44.5,39.5,34.5,48.5,43.5,38.5,33.5,,50.4640007019043
2021-07-29,50.5,44.5,39.5,34.5,48.5,43.5,38.5,33.5,,50.22000122070312
2021-07-30,50.5,44.5,39.5,34.5,48.5,43.5,38.5,33.5,,50.25500106811523
2021-07-31,50.5,44.5,39.5,34.5,48.5,43.5,38.5,33.5,,
2021-08-01,50.0,45.0,40.0,36.5,50.0,45.0,39.0,36.0,,
2021-08-02,50.0,45.0,40.0,36.5,50.0,45.0,39.0,36.0,44.95,49.95000076293945
2021-08-03,50.0,45.0,40.0,36.5,50.0,45.0,39.0,36.0,,49.96500015258789
2021-08-04,50.0,45.0,40.0,36.5,50.0,45.0,39.0,36.0,,49.82699966430664
2021-08-05,50.0,45.0,40.0,36.5,50.0,45.0,39.0,36.0,,49.76399993896484
2021-08-06,50.0,45.0,40.0,36.5,50.0,45.0,39.0,36.0,,50.25
2021-08-07,50.0,45.0,40.0,36.5,50.0,45.0,39.0,36.0,,
2021-08-08,50.0,45.0,40.0,36.5,50.0,45.0,39.0,36.0,,
2021-08-09,50.0,44.0,40.0,36.0,50.0,45.0,38.5,35.5,44.25,50.74599838256836
2021-08-10,50.0,44.0,40.0,36.0,50.0,45.0,38.5,35.5,,50.38299942016602
2021-08-11,50.0,44.0,40.0,36.0,50.0,45.0,38.5,35.5,,50.54700088500977
2021-08-12,50.0,44.0,40.0,36.0,50.0,45.0,38.5,35.5,,50.36100006103516
2021-08-13,50.0,44.0,40.0,36.0,50.0,45.0,38.5,35.5,,50.58700180053711
2021-08-14,50.0,44.0,40.0,36.0,50.0,45.0,38.5,35.5,,
2021-08-15,50.0,44.0,40.0,36.0,50.0,45.0,38.5,35.5,,
2021-08-16,49.0,44.0,39.5,35.5,50.0,45.0,38.0,35.0,44.25,50.54199981689453
2021-08-17,49.0,44.0,39.5,35.5,50.0,45.0,38.0,35.0,,50.81499862670898
2021-08-18,49.0,44.0,39.5,35.5,50.0,45.0,38.0,35.0,,50.61700057983398
2021-08-19,49.0,44.0,39.5,35.5,50.0,45.0,38.0,35.0,,50.49499893188477
2021-08-20,49.0,44.0,39.5,35.5,50.0,45.0,38.0,35.0,,50.40103149414062
2021-08-21,49.0,44.0,39.5,35.5,50.0,45.0,38.0,35.0,,
2021-08-22,49.0,44.0,39.5,35.5,50.0,45.0,38.0,35.0,,
2021-08-23,48.0,44.0,39.0,35.0,50.0,45.0,38.0,34.5,43.45,50.25099945068359
2021-08-24,48.0,44.0,39.0,35.0,50.0,45.0,38.0,34.5,,50.27000045776367
2021-08-25,48.0,44.0,39.0,35.0,50.0,45.0,38.0,34.5,,49.88683700561523
2021-08-26,48.0,44.0,39.0,35.0,50.0,45.0,38.0,34.5,,49.81999969482422
2021-08-27,48.0,44.0,39.0,35.0,50.0,45.0,38.0,34.5,,49.87794876098633
2021-08-28,48.0,44.0,39.0,35.0,50.0,45.0,38.0,34.5,,
2021-08-29,48.0,44.0,39.0,35.0,50.0,45.0,38.0,34.5,,
2021-08-30,48.0,43.5,38.5,34.5,50.0,45.0,38.0,34.0,43.85,49.8120002746582
2021-08-31,48.0,43.5,38.5,34.5,50.0,45.0,38.0,34.0,,49.88000106811523
2021-09-01,48.0,43.5,38.5,34.5,50.0,45.0,38.0,34.0,,49.62799835205078
2021-09-02,48.0,43.5,38.5,34.5,50.0,45.0,38.0,34.0,,50.02000045776367
2021-09-03,48.0,43.5,38.5,34.5,50.0,45.0,38.0,34.0,,49.81000137329102
2021-09-04,48.0,43.5,38.5,34.5,50.0,45.0,38.0,34.0,,
2021-09-05,48.0,43.5,38.5,34.5,50.0,45.0,38.0,34.0,,
2021-09-06,48.0,43.5,38.5,34.5,50.0,45.0,38.0,34.0,44.35,49.90900039672852
2021-09-07,48.0,43.0,38.5,34.0,50.0,45.0,38.0,34.0,,49.99700164794922
2021-09-08,48.0,43.0,38.5,34.0,50.0,45.0,38.0,34.0,,49.98775482177734
2021-09-09,48.0,43.0,38.5,34.0,50.0,45.0,38.0,34.0,,50.26499938964844
2021-09-10,48.0,43.0,38.5,34.0,50.0,45.0,38.0,34.0,,49.80358505249023
2021-09-11,48.0,43.0,38.5,34.0,50.0,45.0,38.0,34.0,,
2021-09-12,48.0,43.0,38.5,34.0,50.0,45.0,38.0,34.0,,
2021-09-13,48.0,43.0,38.5,34.0,50.0,45.0,38.0,34.0,44.75,49.92699813842773
2021-09-14,48.0,43.0,38.0,34.0,50.0,45.0,37.5,34.0,,49.93500137329102
2021-09-15,48.0,43.0,38.0,34.0,50.0,45.0,37.5,34.0,,49.95999908447266
2021-09-16,48.0,43.0,38.0,34.0,50.0,45.0,37.5,34.0,,49.7140007019043
2021-09-17,48.0,43.0,38.0,34.0,50.0,45.0,37.5,34.0,,50.04000091552734
2021-09-18,48.0,43.0,38.0,34.0,50.0,45.0,37.5,34.0,,
2021-09-19,48.0,43.0,38.0,34.0,50.0,45.0,37.5,34.0,,
2021-09-20,48.0,43.0,38.0,34.0,50.0,45.0,37.5,34.0,45.85,50.02999877929688
2021-09-21,48.0,42.5,38.0,34.0,50.0,45.0,37.5,34.0,,50.1349983215332
2021-09-22,48.0,42.5,38.0,34.0,50.0,45.0,37.5,34.0,,50.21699905395508
2021-09-23,48.0,42.5,38.0,34.0,50.0,45.0,37.5,34.0,,50.35499954223633
2021-09-24,48.0,42.5,38.0,34.0,50.0,45.0,37.5,34.0,,50.17757415771484
2021-09-25,48.0,42.5,38.0,34.0,50.0,45.0,37.5,34.0,,
2021-09-26,48.0,42.5,38.0,34.0,50.0,45.0,37.5,34.0,,
2021-09-27,48.0,42.5,38.0,34.0,50.0,45.0,37.5,34.0,47.05,50.79999923706055
2021-09-28,48.0,42.0,37.5,34.0,50.0,45.0,37.0,34.0,,50.96060943603516
2021-09-29,48.0,42.0,37.5,34.0,50.0,45.0,37.0,34.0,,51.0061149597168
2021-09-30,48.0,42.0,37.5,34.0,50.0,45.0,37.0,34.0,,51.09000015258789
2021-10-01,48.0,42.0,37.5,34.0,50.0,45.0,37.0,34.0,,51.10499954223633
2021-10-02,48.0,42.0,37.5,34.0,50.0,45.0,37.0,34.0,,
2021-10-03,48.0,42.0,37.5,34.0,50.0,45.0,37.0,34.0,,
2021-10-04,48.0,42.0,37.5,34.0,50.0,45.0,37.0,34.0,48.5,50.63299942016602
2021-10-05,48.0,42.0,37.5,34.0,50.0,45.0,37.0,34.0,,50.94499969482422
2021-10-06,48.0,42.0,37.5,34.0,50.0,45.0,37.0,34.0,,50.5099983215332
2021-10-07,48.0,42.0,37.5,34.0,50.0,45.0,37.0,34.0,,50.96699905395508
2021-10-08,48.0,41.5,37.5,33.5,50.0,44.0,37.0,34.0,,50.64699935913086
2021-10-09,48.0,41.5,37.5,33.5,50.0,44.0,37.0,34.0,,
2021-10-10,48.0,41.5,37.5,33.5,50.0,44.0,37.0,34.0,,
2021-10-11,48.0,41.5,37.5,33.5,50.0,44.0,37.0,34.0,50.0,50.57300186157227
2021-10-12,48.0,41.5,37.5,33.5,50.0,44.0,37.0,34.0,,51.0
2021-10-13,48.0,41.5,37.5,33.5,50.0,44.0,37.0,34.0,,50.97499847412109
2021-10-14,48.0,41.5,37.5,33.5,50.0,44.0,37.0,34.0,,50.40999984741211
2021-10-15,48.0,41.0,37.0,33.0,50.0,44.0,36.5,34.0,,50.80500030517578
2021-10-16,48.0,41.0,37.0,33.0,50.0,44.0,36.5,34.0,,
2021-10-17,48.0,41.0,37.0,33.0,50.0,44.0,36.5,34.0,,
2021-10-18,48.0,41.0,37.0,33.0,50.0,44.0,36.5,34.0,51.5,50.70399856567383
2021-10-19,48.0,41.0,37.0,33.0,50.0,44.0,36.5,34.0,,51.02999877929688
2021-10-20,48.0,41.0,37.0,33.0,50.0,44.0,36.5,34.0,,50.91699981689453
2021-10-21,48.0,41.0,37.0,33.0,50.0,44.0,36.5,34.0,,50.90000152587891
2021-10-22,48.0,41.0,36.5,32.5,50.0,43.5,36.5,33.5,,50.93999862670898
2021-10-23,48.0,41.0,36.5,32.5,50.0,43.5,36.5,33.5,,
2021-10-24,48.0,41.0,36.5,32.5,50.0,43.5,36.5,33.5,,
2021-10-25,48.0,41.0,36.5,32.5,50.0,43.5,36.5,33.5,52.65,50.74300003051758
2021-10-26,48.0,41.0,36.5,32.5,50.0,43.5,36.5,33.5,,50.76699829101562
2021-10-27,48.0,41.0,36.5,32.5,50.0,43.5,36.5,33.5,,50.84000015258789
2021-10-28,48.0,41.0,36.5,32.5,50.0,43.5,36.5,33.5,,50.62799835205078
2021-10-29,48.0,40.5,36.0,32.0,50.0,43.0,36.0,33.0,,50.68999862670898
2021-10-30,48.0,40.5,36.0,32.0,50.0,43.0,36.0,33.0,,
2021-10-31,48.0,40.5,36.0,32.0,50.0,43.0,36.0,33.0,,
2021-11-01,48.0,40.5,36.0,32.0,50.0,43.0,36.0,33.0,53.75,50.40956115722656
2021-11-02,48.0,40.5,36.0,32.0,50.0,43.0,36.0,33.0,,50.41600036621094
2021-11-03,48.0,40.5,36.0,32.0,50.0,43.0,36.0,33.0,,50.27299880981445
2021-11-04,48.0,40.5,36.0,32.0,50.0,43.0,36.0,33.0,,50.68500137329102
2021-11-05,48.0,40.5,36.0,32.0,50.0,43.0,36.0,33.0,,50.46001052856445
2021-11-06,48.0,40.5,36.0,32.0,50.0,43.0,36.0,33.0,,
2021-11-07,48.0,40.5,36.0,32.0,50.0,43.0,36.0,33.0,,
2021-11-08,48.0,41.0,37.0,33.0,50.0,44.0,37.0,34.0,53.75,50.32799911499023
2021-11-09,48.0,41.0,37.0,33.0,50.0,44.0,37.0,34.0,,50.1609992980957
2021-11-10,48.0,41.0,37.0,33.0,50.0,44.0,37.0,34.0,,50.2400016784668
2021-11-11,48.0,41.0,37.0,33.0,50.0,44.0,37.0,34.0,,50.0
2021-11-12,48.0,41.0,37.0,33.0,50.0,44.0,37.0,34.0,,50.125
2021-11-13,48.0,41.0,37.0,33.0,50.0,44.0,37.0,34.0,,
2021-11-14,48.0,41.0,37.0,33.0,50.0,44.0,37.0,34.0,,
2021-11-15,49.0,42.0,38.0,34.0,50.0,44.0,37.5,35.0,52.85,49.81000137329102
2021-11-16,49.0,42.0,38.0,34.0,50.0,44.0,37.5,35.0,,50.22000122070312
2021-11-17,49.0,42.0,38.0,34.0,50.0,44.0,37.5,35.0,,50.49800109863281
2021-11-18,49.0,42.0,38.0,34.0,50.0,44.0,37.5,35.0,,50.33499908447266
2021-11-19,49.0,42.0,38.0,34.0,50.0,44.0,37.5,35.0,,50.32500076293945
2021-11-20,49.0,42.0,38.0,34.0,50.0,44.0,37.5,35.0,,
2021-11-21,49.0,42.0,38.0,34.0,50.0,44.0,37.5,35.0,,
2021-11-22,50.0,43.0,39.0,35.0,50.0,45.0,38.0,35.0,51.65,50.37483215332031
2021-11-23,50.0,43.0,39.0,35.0,50.0,45.0,38.0,35.0,,50.56845474243164
2021-11-24,50.0,43.0,39.0,35.0,50.0,45.0,38.0,35.0,,50.44915390014648
2021-11-25,50.0,43.0,39.0,35.0,50.0,45.0,38.0,35.0,,50.27176666259766
2021-11-26,50.0,43.0,39.0,35.0,50.0,45.0,38.0,35.0,,50.19472122192383
2021-11-27,50.0,43.0,39.0,35.0,50.0,45.0,38.0,35.0,,
2021-11-28,50.0,43.0,39.0,35.0,50.0,45.0,38.0,35.0,,
2021-11-29,50.0,43.0,39.0,35.0,50.0,45.0,38.0,35.0,50.55,50.3650016784668
2021-11-30,50.0,43.0,39.0,35.0,50.0,45.0,38.0,35.0,,50.375
2021-12-01,50.0,43.0,39.0,35.0,50.0,45.0,38.0,35.0,,50.37699890136719
2021-12-02,50.0,43.0,39.0,35.0,50.0,45.0,38.0,35.0,,50.43500137329102
2021-12-03,50.0,43.0,39.0,35.0,50.0,45.0,38.0,35.0,,50.35599899291992
2021-12-04,50.0,43.0,39.0,35.0,50.0,45.0,38.0,35.0,,
2021-12-05,50.0,43.0,39.0,35.0,50.0,45.0,38.0,35.0,,
2021-12-06,50.0,43.0,39.0,35.0,50.0,45.0,38.0,35.0,48.15,50.32788467407227
2021-12-07,50.0,43.0,39.0,35.0,50.0,45.0,38.0,35.0,,50.46500015258789
2021-12-08,50.0,43.0,39.0,35.0,50.0,45.0,38.0,35.0,,50.375
2021-12-09,50.0,44.0,40.0,36.0,50.0,45.0,38.0,35.0,,50.29999923706055
2021-12-10,50.0,44.0,40.0,36.0,50.0,45.0,38.0,35.0,,50.44499969482422
2021-12-11,50.0,44.0,40.0,36.0,50.0,45.0,38.0,35.0,,
2021-12-12,50.0,44.0,40.0,36.0,50.0,45.0,38.0,35.0,,
2021-12-13,50.0,44.0,40.0,36.0,50.0,45.0,38.0,35.0,48.55,48.97587203979492
2021-12-14,50.0,44.0,40.0,36.0,50.0,45.0,38.0,35.0,,50.44800186157227
2021-12-15,50.0,44.0,40.0,36.0,50.0,45.0,38.0,35.0,,50.3650016784668
2021-12-16,50.0,45.0,41.0,37.0,50.0,46.0,39.0,36.0,,50.20500183105469
2021-12-17,50.0,45.0,41.0,37.0,50.0,46.0,39.0,36.0,,49.9900016784668
2021-12-18,50.0,45.0,41.0,37.0,50.0,46.0,39.0,36.0,,
2021-12-19,50.0,45.0,41.0,37.0,50.0,46.0,39.0,36.0,,
2021-12-20,50.0,45.0,41.0,37.0,50.0,46.0,39.0,36.0,49.35,49.77999877929688
2021-12-21,50.0,45.0,41.0,37.0,50.0,46.0,39.0,36.0,,49.72910690307617
2021-12-22,50.0,45.0,41.0,37.0,50.0,46.0,39.0,36.0,,49.80751419067383
2021-12-23,50.0,45.0,41.0,37.0,50.0,46.0,39.0,36.0,,50.18999862670898
2021-12-24,50.0,45.0,41.0,37.0,50.0,46.0,39.0,36.0,,50.07699966430664
2021-12-25,50.0,45.0,41.0,37.0,50.0,46.0,39.0,36.0,,
2021-12-26,50.0,45.0,41.0,37.0,50.0,46.0,39.0,36.0,,
2021-12-27,50.0,45.0,42.0,38.0,50.0,46.0,40.0,37.0,49.35,49.8820915222168
2021-12-28,50.0,45.0,42.0,38.0,50.0,46.0,40.0,37.0,,50.20000076293945
2021-12-29,50.0,45.0,42.0,38.0,50.0,46.0,40.0,37.0,,50.6349983215332
2021-12-30,50.0,45.0,42.0,38.0,50.0,46.0,40.0,37.0,,51.26499938964844
2021-12-31,50.0,45.0,42.0,38.0,50.0,46.0,40.0,37.0,,51.23500061035156
2022-01-01,50.0,45.0,42.0,38.0,50.0,45.0,40.0,37.0,,
2022-01-02,50.0,45.0,42.0,38.0,50.0,45.0,40.0,37.0,,
2022-01-03,50.0,45.0,42.0,38.0,50.0,45.0,40.0,37.0,51.45,50.86807250976562
2022-01-04,50.0,45.0,42.0,38.0,50.0,45.0,40.0,37.0,,51.41500091552734
2022-01-05,50.0,45.0,42.0,38.0,50.0,45.0,40.0,37.0,,51.57500076293945
2022-01-06,50.0,45.0,42.0,38.0,50.0,45.0,40.0,37.0,,50.88999938964844
2022-01-07,50.0,44.5,41.5,37.5,50.0,45.0,39.5,36.5,,51.56999969482422
2022-01-08,50.0,44.5,41.5,37.5,50.0,45.0,39.5,36.5,,
2022-01-09,50.0,44.5,41.5,37.5,50.0,45.0,39.5,36.5,,
2022-01-10,50.0,44.5,41.5,37.5,50.0,45.0,39.5,36.5,51.45,51.20156478881836
2022-01-11,50.0,44.5,41.5,37.5,50.0,45.0,39.5,36.5,,51.56999969482422
2022-01-12,50.0,44.5,41.5,37.5,50.0,45.0,39.5,36.5,,50.86001586914062
2022-01-13,50.0,44.5,41.5,37.5,50.0,45.0,39.5,36.5,,51.0
2022-01-14,50.0,44.0,41.0,37.0,50.0,45.0,39.0,36.0,,51.24499893188477
2022-01-15,50.0,44.0,41.0,37.0,50.0,45.0,39.0,36.0,,
2022-01-16,50.0,44.0,41.0,37.0,50.0,45.0,39.0,36.0,,
2022-01-17,50.0,44.0,41.0,37.0,50.0,45.0,39.0,36.0,52.4,51.19204711914062
2022-01-18,50.0,44.0,41.0,37.0,50.0,45.0,39.0,36.0,,51.52000045776367
2022-01-19,50.0,44.0,41.0,37.0,50.0,45.0,39.0,36.0,,51.7599983215332
2022-01-20,50.0,44.0,41.0,37.0,50.0,45.0,39.0,36.0,,51.35199356079102
2022-01-21,50.0,44.0,40.5,36.5,50.0,45.0,38.5,35.5,,51.54000091552734
2022-01-22,50.0,44.0,40.5,36.5,50.0,44.5,38.5,35.5,,
2022-01-23,50.0,44.0,40.5,36.5,50.0,44.5,38.5,35.5,,
2022-01-24,50.0,44.0,40.5,36.5,50.0,44.5,38.5,35.5,53.15,51.15999984741211
2022-01-25,50.0,44.0,40.5,36.5,50.0,44.5,38.5,35.5,,51.49700164794922
2022-01-26,50.0,44.0,40.5,36.5,50.0,44.5,38.5,35.5,,51.02755737304688
2022-01-27,50.0,44.0,40.5,36.5,50.0,44.5,38.5,35.5,,51.45000076293945
2022-01-28,50.0,43.5,40.0,36.0,50.0,44.0,38.0,35.0,,51.34500122070312
2022-01-29,50.0,43.5,40.0,36.0,50.0,44.0,38.0,35.0,,
2022-01-30,50.0,43.5,40.0,36.0,50.0,44.0,38.0,35.0,,
2022-01-31,50.0,43.5,40.0,36.0,50.0,44.0,38.0,35.0,53.9,50.97494125366211
2022-02-01,50.0,43.5,40.0,36.0,50.0,44.0,38.0,35.0,,51.15999984741211
2022-02-02,50.0,43.5,40.0,36.0,50.0,44.0,38.0,35.0,,51.13700103759766
2022-02-03,50.0,43.5,40.0,36.0,50.0,44.0,38.0,35.0,,51.09999847412109
2022-02-04,50.0,43.5,40.0,36.0,50.0,44.0,38.0,35.0,,51.05699920654297
2022-02-05,50.0,43.5,40.0,36.0,50.0,44.0,38.0,35.0,,
2022-02-06,50.0,43.5,40.0,36.0,50.0,44.0,38.0,35.0,,
2022-02-07,50.0,43.5,40.0,36.0,50.0,44.0,38.0,35.0,54.95,51.06986999511719
2022-02-08,50.0,44.0,40.5,36.5,50.0,44.5,38.5,35.5,,51.68000030517578
2022-02-09,50.0,44.0,40.5,36.5,50.0,44.5,38.5,35.5,,51.65499877929688
2022-02-10,50.0,44.0,40.5,36.5,50.0,44.5,38.5,35.5,,51.39699935913086
2022-02-11,50.0,44.0,40.5,36.5,50.0,44.5,38.5,35.5,,51.40000152587891
2022-02-12,50.0,44.0,40.5,36.5,50.0,44.5,38.5,35.5,,
2022-02-13,50.0,44.0,40.5,36.5,50.0,44.5,38.5,35.5,,
2022-02-14,50.0,44.0,40.5,36.5,50.0,44.5,38.5,35.5,56.0,51.13531112670898
2022-02-15,50.0,45.0,41.0,37.0,50.0,45.0,39.0,36.0,,51.45000076293945
2022-02-16,50.0,45.0,41.0,37.0,50.0,45.0,39.0,36.0,,51.29000091552734
2022-02-17,50.0,45.0,41.0,37.0,50.0,45.0,39.0,36.0,,51.37699890136719
2022-02-18,50.0,45.0,41.0,37.0,50.0,45.0,39.0,36.0,,51.41999816894531
2022-02-19,50.0,45.0,41.0,37.0,50.0,45.0,39.0,36.0,,
2022-02-20,50.0,45.0,41.0,37.0,50.0,45.0,39.0,36.0,,
2022-02-21,50.0,45.0,41.0,37.0,50.0,45.0,39.0,36.0,56.65,51.43000030517578
2022-02-22,50.0,45.0,41.5,37.5,50.0,45.0,39.5,37.0,,51.52999877929688
2022-02-23,50.0,45.0,41.5,37.5,50.0,45.0,39.5,37.0,,51.38700103759766
2022-02-24,50.0,45.0,41.5,37.5,50.0,45.0,39.5,37.0,,51.11999893188477
2022-02-25,50.0,45.0,41.5,37.5,50.0,45.0,39.5,37.0,,51.40000152587891
2022-02-26,50.0,45.0,41.5,37.5,50.0,45.0,39.5,37.0,,
2022-02-27,50.0,45.0,41.5,37.5,50.0,45.0,39.5,37.0,,
2022-02-28,50.0,45.0,41.5,37.5,50.0,45.0,39.5,37.0,57.45,51.21799850463867
2022-03-01,50.0,45.0,42.0,38.0,50.0,45.0,40.0,37.0,,51.27999877929688
2022-03-02,50.0,45.0,42.0,38.0,50.0,45.0,40.0,37.0,,51.43999862670898
2022-03-03,50.0,45.0,42.0,38.0,50.0,45.0,40.0,37.0,,51.59700012207031
2022-03-04,50.0,45.0,42.0,38.0,50.0,45.0,40.0,37.0,,51.52999877929688
2022-03-05,50.0,45.0,42.0,38.0,50.0,45.0,40.0,37.0,,
2022-03-06,50.0,45.0,42.0,38.0,50.0,45.0,40.0,37.0,,
2022-03-07,50.0,45.0,42.0,38.0,50.0,45.0,40.0,37.0,63.3,51.84999847412109
2022-03-08,50.0,45.5,42.0,38.5,50.0,45.0,40.0,38.0,,52.63000106811523
2022-03-09,50.0,45.5,42.0,38.5,50.0,45.0,40.0,38.0,,52.60300064086914
2022-03-10,50.0,45.5,42.0,38.5,50.0,45.0,40.0,38.0,,52.18000030517578
2022-03-11,50.0,45.5,42.0,38.5,50.0,45.0,40.0,38.0,,52.50699996948242
2022-03-12,50.0,45.5,42.0,38.5,50.0,45.0,40.0,38.0,,
2022-03-13,50.0,45.5,42.0,38.5,50.0,45.0,40.0,38.0,,
2022-03-14,50.0,45.5,42.0,38.5,50.0,45.0,40.0,38.0,76.45,52.34400177001953
2022-03-15,50.0,46.0,43.0,39.0,50.0,46.0,41.0,39.0,,52.65000152587891
2022-03-16,50.0,46.0,43.0,39.0,50.0,46.0,41.0,39.0,,52.51699829101562
2022-03-17,50.0,46.0,43.0,39.0,50.0,46.0,41.0,39.0,,52.26699829101562
2022-03-18,50.0,46.0,43.0,39.0,50.0,46.0,41.0,39.0,,52.27000045776367
2022-03-19,50.0,46.0,43.0,39.0,50.0,46.0,41.0,39.0,,
2022-03-20,50.0,46.0,43.0,39.0,50.0,46.0,41.0,39.0,,
2022-03-21,50.0,46.0,43.0,39.0,50.0,46.0,41.0,39.0,76.45,52.54199981689453
2022-03-22,50.0,47.0,44.0,40.0,50.0,46.0,41.0,40.0,,52.63700103759766
2022-03-23,50.0,47.0,44.0,40.0,50.0,46.0,41.0,40.0,,52.5
2022-03-24,50.0,47.0,44.0,40.0,50.0,46.0,41.0,40.0,,52.52700042724609
2022-03-25,50.0,47.0,44.0,40.0,50.0,46.0,41.0,40.0,,52.40700149536133
2022-03-26,50.0,47.0,44.0,40.0,50.0,46.0,41.0,40.0,,
2022-03-27,50.0,47.0,44.0,40.0,50.0,46.0,41.0,40.0,,
2022-03-28,50.0,47.0,44.0,40.0,50.0,46.0,41.0,40.0,85.1,52.15000152587891
2022-03-29,52.0,48.0,45.0,40.0,50.0,47.0,42.0,40.0,,52.11999893188477
2022-03-30,52.0,48.0,45.0,40.0,50.0,47.0,42.0,40.0,,52.04800033569336
2022-03-31,52.0,48.0,45.0,40.0,50.0,47.0,42.0,40.0,,52.11000061035156
2022-04-01,52.0,48.0,45.0,40.0,50.0,47.0,42.0,40.0,,51.80599975585938
2022-04-02,52.0,48.0,45.0,40.0,50.0,47.0,42.0,40.0,,
2022-04-03,52.0,48.0,45.0,40.0,50.0,47.0,42.0,40.0,,
2022-04-04,52.0,48.0,45.0,40.0,50.0,47.0,42.0,40.0,78.25,51.58200073242188
2022-04-05,52.0,48.0,45.0,40.0,50.0,47.0,42.0,40.0,,51.41699981689453
2022-04-06,52.0,48.0,45.0,40.0,50.0,47.0,42.0,40.0,,51.38999938964844
2022-04-07,52.0,48.0,45.0,40.0,50.0,47.0,42.0,40.0,,51.46099853515625
2022-04-08,50.0,46.0,43.0,39.5,50.0,47.0,41.5,39.5,,51.56399917602539
2022-04-09,50.0,46.0,43.0,39.5,50.0,47.0,41.5,39.5,,
2022-04-10,50.0,46.0,43.0,39.5,50.0,47.0,41.5,39.5,,
2022-04-11,50.0,46.0,43.0,39.5,50.0,47.0,41.5,39.5,78.25,51.59000015258789
2022-04-12,50.0,46.0,43.0,39.5,50.0,47.0,41.5,39.5,,52.24499893188477
2022-04-13,50.0,46.0,43.0,39.5,50.0,47.0,41.5,39.5,,52.20999908447266
2022-04-14,50.0,46.0,43.0,39.5,50.0,47.0,41.5,39.5,,52.20500183105469
2022-04-15,50.0,45.0,41.0,39.0,50.0,47.0,41.0,39.0,,52.36999893188477
2022-04-16,50.0,45.0,41.0,39.0,50.0,47.0,41.0,39.0,,
2022-04-17,50.0,45.0,41.0,39.0,50.0,47.0,41.0,39.0,,
2022-04-18,50.0,45.0,41.0,39.0,50.0,47.0,41.0,39.0,79.95,52.17200088500977
2022-04-19,50.0,45.0,41.0,39.0,50.0,47.0,41.0,39.0,,52.41999816894531
2022-04-20,50.0,45.0,41.0,39.0,50.0,47.0,41.0,39.0,,52.67699813842773
2022-04-21,50.0,45.0,41.0,39.0,50.0,47.0,41.0,39.0,,52.33000183105469
2022-04-22,50.0,45.0,40.5,38.5,50.0,46.5,40.5,38.5,,52.51699829101562
2022-04-23,50.0,45.0,40.5,38.5,50.0,46.5,40.5,38.5,,
2022-04-24,50.0,45.0,40.5,38.5,50.0,46.5,40.5,38.5,,
2022-04-25,50.0,45.0,40.5,38.5,50.0,46.5,40.5,38.5,84.05,52.40999984741211
2022-04-26,50.0,45.0,40.5,38.5,50.0,46.5,40.5,38.5,,52.5359992980957
2022-04-27,50.0,45.0,40.5,38.5,50.0,46.5,40.5,38.5,,52.43999862670898
2022-04-28,50.0,45.0,40.0,38.0,50.0,46.0,40.0,38.0,,52.25
2022-04-29,50.0,45.0,40.0,38.0,50.0,46.0,40.0,38.0,,52.56000137329102
2022-04-30,50.0,45.0,40.0,38.0,50.0,46.0,40.0,38.0,,
2022-05-01,50.0,45.0,40.0,38.0,50.0,46.0,40.0,38.0,,
2022-05-02,50.0,45.0,40.0,38.0,50.0,46.0,40.0,38.0,85.2,52.33000183105469
2022-05-03,50.0,45.0,40.0,38.0,50.0,46.0,40.0,38.0,,52.72999954223633
2022-05-04,50.0,45.0,40.0,38.0,50.0,46.0,40.0,38.0,,52.77000045776367
2022-05-05,50.0,45.0,40.0,38.0,50.0,46.0,40.0,38.0,,52.47999954223633
2022-05-06,50.0,45.0,40.0,38.0,50.0,46.0,40.0,38.0,,52.40999984741211
2022-05-07,50.0,45.0,40.0,38.0,50.0,46.0,40.0,38.0,,
2022-05-08,50.0,45.0,40.0,38.0,50.0,46.0,40.0,38.0,,
2022-05-09,50.0,45.0,40.0,38.0,50.0,46.0,40.0,38.0,85.2,52.40299987792969
2022-05-10,50.0,45.0,40.0,38.0,50.0,46.0,40.0,38.0,,53.02000045776367
2022-05-11,50.0,45.0,40.0,38.0,50.0,45.5,39.5,37.5,,52.54000091552734
2022-05-12,50.0,45.0,40.0,38.0,50.0,45.5,39.5,37.5,,52.34700012207031
2022-05-13,50.0,45.0,40.0,38.0,50.0,45.5,39.5,37.5,,52.65999984741211
2022-05-14,50.0,45.0,40.0,38.0,50.0,45.5,39.5,37.5,,
2022-05-15,50.0,45.0,40.0,38.0,50.0,45.5,39.5,37.5,,
2022-05-16,50.0,45.0,40.0,38.0,50.0,45.5,39.5,37.5,84.15,52.31399917602539
2022-05-17,50.0,45.0,40.0,38.0,50.0,45.0,39.0,37.0,,52.43999862670898
2022-05-18,50.0,45.0,40.0,38.0,50.0,45.0,39.0,37.0,,52.47999954223633
2022-05-19,50.0,45.0,40.0,38.0,50.0,45.0,39.0,37.0,,52.36000061035156
2022-05-20,50.0,45.0,40.0,38.0,50.0,45.0,39.0,37.0,,52.13000106811523
2022-05-21,50.0,45.0,40.0,38.0,50.0,45.0,39.0,37.0,,
2022-05-22,50.0,45.0,40.0,38.0,50.0,45.0,39.0,37.0,,
2022-05-23,50.0,45.0,40.0,38.0,50.0,45.0,39.0,37.0,88.1,52.24800109863281
2022-05-24,50.0,45.0,40.0,38.0,50.0,45.0,39.0,37.0,,52.36999893188477
2022-05-25,50.0,45.0,40.0,38.0,50.0,45.0,39.0,37.0,,52.43500137329102
2022-05-26,50.0,45.0,40.0,38.0,50.0,45.0,39.0,37.0,,52.25299835205078
2022-05-27,50.0,45.0,40.0,38.0,50.0,45.0,39.0,37.0,,52.36999893188477
2022-05-28,50.0,45.0,40.0,38.0,50.0,45.0,39.0,37.0,,
2022-05-29,50.0,45.0,40.0,38.0,50.0,45.0,39.0,37.0,,
2022-05-30,50.0,45.0,40.0,38.0,50.0,45.0,39.0,37.0,88.1,52.20000076293945
2022-05-31,50.0,45.0,40.0,38.0,50.0,45.0,39.0,37.0,,52.2400016784668
2022-06-01,50.0,45.0,40.0,38.0,50.0,45.0,39.0,37.0,,52.34000015258789
2022-06-02,50.0,45.0,40.0,38.0,50.0,45.0,39.0,37.0,,52.63999938964844
2022-06-03,50.0,45.0,40.0,38.0,50.0,45.0,39.0,37.0,,52.31499862670898
2022-06-04,50.0,45.0,40.0,38.0,50.0,45.0,39.0,37.0,,
2022-06-05,50.0,45.0,40.0,38.0,50.0,45.0,39.0,37.0,,
2022-06-06,50.0,45.0,40.0,38.0,50.0,45.0,39.0,37.0,94.65,52.91899871826172
2022-06-07,50.0,45.0,40.0,38.0,50.0,45.0,39.0,37.0,,53.06999969482422
2022-06-08,50.0,45.0,40.0,38.5,50.0,45.0,39.0,37.0,,52.7400016784668
2022-06-09,50.0,45.0,40.0,38.5,50.0,45.0,39.0,37.0,,53.15999984741211
2022-06-10,50.0,45.0,40.0,38.5,50.0,45.0,39.0,37.0,,53.13999938964844
2022-06-11,50.0,45.0,40.0,38.5,50.0,45.0,39.0,37.0,,
2022-06-12,50.0,45.0,40.0,38.5,50.0,45.0,39.0,37.0,,
2022-06-13,50.0,45.0,40.0,38.5,50.0,45.0,39.0,37.0,99.2,53.08000183105469
2022-06-14,50.0,45.0,40.0,38.5,50.0,45.0,39.0,37.0,,53.5
2022-06-15,50.0,45.5,40.5,38.5,50.0,45.0,39.5,37.5,,53.45999908447266
2022-06-16,50.0,45.5,40.5,38.5,50.0,45.0,39.5,37.5,,53.3129997253418
2022-06-17,50.0,45.5,40.5,38.5,50.0,45.0,39.5,37.5,,53.61000061035156
2022-06-18,50.0,45.5,40.5,38.5,50.0,45.0,39.5,37.5,,
2022-06-19,50.0,45.5,40.5,38.5,50.0,45.0,39.5,37.5,,
2022-06-20,50.0,45.5,40.5,38.5,50.0,45.0,39.5,37.5,102.3,53.66299819946289
2022-06-21,50.0,45.5,40.5,38.5,50.0,45.0,39.5,37.5,,54.25500106811523
2022-06-22,50.0,46.0,41.0,39.0,50.0,45.5,40.0,38.0,,54.40999984741211
2022-06-23,50.0,46.0,41.0,39.0,50.0,45.5,40.0,38.0,,54.40000152587891
2022-06-24,50.0,46.0,41.0,39.0,50.0,45.5,40.0,38.0,,54.66999816894531
2022-06-25,50.0,46.0,41.0,39.0,50.0,45.5,40.0,38.0,,
2022-06-26,50.0,46.0,41.0,39.0,50.0,45.5,40.0,38.0,,
2022-06-27,50.0,46.0,41.0,39.0,50.0,45.5,40.0,38.0,103.95,54.89099884033203
2022-06-28,50.0,47.0,42.0,40.0,50.0,46.0,41.0,38.5,,54.86000061035156
2022-06-29,50.0,47.0,42.0,40.0,50.0,46.0,41.0,38.5,,54.88999938964844
2022-06-30,50.0,47.0,42.0,40.0,50.0,46.0,41.0,38.5,,55.04999923706055
2022-07-01,50.0,47.0,42.0,40.0,50.0,46.0,41.0,38.5,,55.06999969482422
2022-07-02,50.0,47.0,42.0,40.0,50.0,46.0,41.0,38.5,,
2022-07-03,50.0,47.0,42.0,40.0,50.0,46.0,41.0,38.5,,
2022-07-04,50.0,47.0,42.0,40.0,50.0,46.0,41.0,38.5,103.95,55.1349983215332
2022-07-05,50.0,47.0,42.0,40.0,50.0,46.0,41.0,38.5,,55.09999847412109
2022-07-06,50.0,47.0,42.0,40.0,50.0,46.0,41.0,38.5,,55.31000137329102
2022-07-07,50.0,47.0,42.0,40.0,50.0,46.0,41.0,38.5,,55.96500015258789
2022-07-08,50.0,46.5,41.5,39.5,50.0,46.0,40.5,38.0,,56.0369987487793
2022-07-09,50.0,46.5,41.5,39.5,50.0,46.0,40.5,38.0,,
2022-07-10,50.0,46.5,41.5,39.5,50.0,46.0,40.5,38.0,,
2022-07-11,50.0,46.5,41.5,39.5,50.0,46.0,40.5,38.0,97.85,55.81999969482422
2022-07-12,50.0,46.5,41.5,39.5,50.0,46.0,40.5,38.0,,56.15700149536133
2022-07-13,50.0,46.5,41.5,39.5,50.0,46.0,40.5,38.0,,56.18000030517578
2022-07-14,50.0,46.5,41.5,39.5,50.0,46.0,40.5,38.0,,56.44699859619141
2022-07-15,50.0,46.0,41.0,39.0,50.0,45.5,40.0,37.5,,56.22999954223633
2022-07-16,50.0,46.0,41.0,39.0,50.0,45.5,40.0,37.5,,
2022-07-17,50.0,46.0,41.0,39.0,50.0,45.5,40.0,37.5,,
2022-07-18,50.0,46.0,41.0,39.0,50.0,45.5,40.0,37.5,91.75,56.29100036621094
2022-07-19,50.0,46.0,41.0,39.0,50.0,45.5,40.0,37.5,,56.5099983215332
2022-07-20,50.0,46.0,41.0,39.0,50.0,45.5,40.0,37.5,,56.25
2022-07-21,50.0,46.0,41.0,39.0,50.0,45.5,40.0,37.5,,56.34999847412109
2022-07-22,50.0,45.5,40.5,38.5,50.0,45.0,40.0,37.0,,56.41699981689453
2022-07-23,50.0,45.5,40.5,38.5,50.0,45.0,40.0,37.0,,
2022-07-24,50.0,45.5,40.5,38.5,50.0,45.0,40.0,37.0,,
2022-07-25,50.0,45.5,40.5,38.5,50.0,45.0,40.0,37.0,89.7,56.06000137329102
2022-07-26,50.0,45.5,40.5,38.5,50.0,45.0,40.0,37.0,,55.83700180053711
2022-07-27,50.0,45.5,40.5,38.5,50.0,45.0,40.0,37.0,,55.54199981689453
2022-07-28,50.0,45.0,40.0,38.0,50.0,45.0,39.5,37.0,,55.52999877929688
2022-07-29,50.0,45.0,40.0,38.0,50.0,45.0,39.5,37.0,,55.89699935913086
2022-07-30,50.0,45.0,40.0,38.0,50.0,45.0,39.5,37.0,,
2022-07-31,50.0,45.0,40.0,38.0,50.0,45.0,39.5,37.0,,
2022-08-01,50.0,45.0,40.0,38.0,50.0,45.0,39.5,37.0,89.7,55.09999847412109
2022-08-02,50.0,45.0,40.0,38.0,50.0,45.0,39.5,37.0,,55.43999862670898
2022-08-03,50.0,45.0,40.0,38.0,50.0,45.0,39.5,37.0,,55.69699859619141
2022-08-04,50.0,45.0,40.0,38.0,50.0,45.0,39.5,37.0,,55.69800186157227
2022-08-05,50.0,45.0,40.0,38.0,50.0,45.0,39.5,37.0,,55.58700180053711
2022-08-06,50.0,45.0,40.0,38.0,50.0,45.0,39.5,37.0,,
2022-08-07,50.0,45.0,40.0,38.0,50.0,45.0,39.5,37.0,,
2022-08-08,50.0,45.0,40.0,38.5,50.0,45.0,39.5,37.5,87.5,55.54100036621094
2022-08-09,50.0,45.0,40.0,38.5,50.0,45.0,39.5,37.5,,55.47000122070312
2022-08-10,50.0,45.0,40.0,38.5,50.0,45.0,39.5,37.5,,55.66999816894531
2022-08-11,50.0,45.0,40.0,38.5,50.0,45.0,39.5,37.5,,55.45000076293945
2022-08-12,50.0,45.0,40.0,38.5,50.0,45.0,39.5,37.5,,55.45999908447266
2022-08-13,50.0,45.0,40.0,38.5,50.0,45.0,39.5,37.5,,
2022-08-14,50.0,45.0,40.0,38.5,50.0,45.0,39.5,37.5,,
2022-08-15,50.0,45.5,40.5,39.0,50.0,45.5,40.0,38.0,87.5,55.68000030517578
2022-08-16,50.0,45.5,40.5,39.0,50.0,45.5,40.0,38.0,,56.04999923706055
2022-08-17,50.0,45.5,40.5,39.0,50.0,45.5,40.0,38.0,,55.86999893188477
2022-08-18,50.0,45.5,40.5,39.0,50.0,45.5,40.0,38.0,,56.0
2022-08-19,50.0,45.5,40.5,39.0,50.0,45.5,40.0,38.0,,56.00699996948242
2022-08-20,50.0,45.5,40.5,39.0,50.0,45.5,40.0,38.0,,
2022-08-21,50.0,45.5,40.5,39.0,50.0,45.5,40.0,38.0,,
2022-08-22,50.0,46.0,41.0,39.5,50.0,46.0,40.5,38.5,86.45,56.00699996948242
2022-08-23,50.0,46.0,41.0,39.5,50.0,46.0,40.5,38.5,,56.29999923706055
2022-08-24,50.0,46.0,41.0,39.5,50.0,46.0,40.5,38.5,,56.08700180053711
2022-08-25,50.0,46.0,41.0,39.5,50.0,46.0,40.5,38.5,,56.15499877929688
2022-08-26,50.0,46.0,41.0,39.5,50.0,46.0,40.5,38.5,,56.11000061035156
2022-08-27,50.0,46.0,41.0,39.5,50.0,46.0,40.5,38.5,,
2022-08-28,50.0,46.0,41.0,39.5,50.0,46.0,40.5,38.5,,
2022-08-29,50.0,46.0,41.0,39.5,50.0,46.0,40.5,38.5,92.55,56.11000061035156
2022-08-30,50.0,46.5,42.0,40.0,50.0,46.0,41.0,39.0,,56.31999969482422
2022-08-31,50.0,46.5,42.0,40.0,50.0,46.0,41.0,39.0,,56.29999923706055
2022-09-01,50.0,46.5,42.0,40.0,50.0,46.0,41.0,39.0,,56.23300170898438
2022-09-02,50.0,46.5,42.0,40.0,50.0,46.0,41.0,39.0,,56.84500122070312
2022-09-03,50.0,46.5,42.0,40.0,50.0,46.0,41.0,39.0,,
2022-09-04,50.0,46.5,42.0,40.0,50.0,46.0,41.0,39.0,,
2022-09-05,50.0,46.5,42.0,40.0,50.0,46.0,41.0,39.0,91.0,56.79700088500977
2022-09-06,50.0,46.5,42.0,40.0,50.0,46.0,41.0,39.0,,56.95999908447266
2022-09-07,50.0,46.5,42.0,40.0,50.0,46.0,41.0,39.0,,57.11999893188477
2022-09-08,50.0,46.0,41.5,39.5,50.0,46.0,40.5,38.5,,57.11999893188477
2022-09-09,50.0,46.0,41.5,39.5,50.0,46.0,40.5,38.5,,57.18500137329102
2022-09-10,50.0,46.0,41.5,39.5,50.0,46.0,40.5,38.5,,
2022-09-11,50.0,46.0,41.5,39.5,50.0,46.0,40.5,38.5,,
2022-09-12,50.0,46.0,41.5,39.5,50.0,46.0,40.5,38.5,89.55,56.81000137329102
2022-09-13,50.0,46.0,41.5,39.5,50.0,46.0,40.5,38.5,,56.8849983215332
2022-09-14,50.0,46.0,41.5,39.5,50.0,46.0,40.5,38.5,,57.11000061035156
2022-09-15,50.0,45.5,41.0,39.0,50.0,45.5,40.0,38.0,,56.91999816894531
2022-09-16,50.0,45.5,41.0,39.0,50.0,45.5,40.0,38.0,,57.38000106811523
2022-09-17,50.0,45.5,41.0,39.0,50.0,45.5,40.0,38.0,,
2022-09-18,50.0,45.5,41.0,39.0,50.0,45.5,40.0,38.0,,
2022-09-19,50.0,45.5,41.0,39.0,50.0,45.5,40.0,38.0,89.55,57.33700180053711
2022-09-20,50.0,45.5,41.0,39.0,50.0,45.5,40.0,38.0,,57.31399917602539
2022-09-21,50.0,45.5,41.0,39.0,50.0,45.5,40.0,38.0,,57.66999816894531
2022-09-22,49.0,45.0,40.5,38.5,50.0,45.0,40.0,37.5,,58.13000106811523
2022-09-23,49.0,45.0,40.5,38.5,50.0,45.0,40.0,37.5,,58.47800064086914
2022-09-24,49.0,45.0,40.5,38.5,50.0,45.0,40.0,37.5,,
2022-09-25,49.0,45.0,40.5,38.5,50.0,45.0,40.0,37.5,,
2022-09-26,49.0,45.0,40.5,38.5,50.0,45.0,40.0,37.5,85.45,58.7400016784668
2022-09-27,49.0,45.0,40.5,38.5,50.0,45.0,40.0,37.5,,59.19499969482422
2022-09-28,48.0,44.5,40.0,38.0,50.0,45.0,39.5,37.0,,59.09999847412109
2022-09-29,48.0,44.5,40.0,38.0,50.0,45.0,39.5,37.0,,58.70999908447266
2022-09-30,48.0,44.5,40.0,38.0,50.0,45.0,39.5,37.0,,58.59999847412109
2022-10-01,48.0,44.5,40.0,38.0,50.0,45.0,39.5,37.0,,
2022-10-02,48.0,44.5,40.0,38.0,50.0,45.0,39.5,37.0,,
2022-10-03,48.0,44.5,40.0,38.0,50.0,45.0,39.5,37.0,85.85,58.75
2022-10-04,48.0,44.5,40.0,38.0,50.0,45.0,39.5,37.0,,59.02500152587891
2022-10-05,48.0,44.5,40.0,38.0,50.0,45.0,39.5,37.0,,58.66999816894531
2022-10-06,48.0,44.5,40.0,38.0,50.0,45.0,39.5,37.0,,58.79999923706055
2022-10-07,48.0,44.5,40.0,38.0,50.0,45.0,39.5,37.0,,59.0099983215332
2022-10-08,48.0,44.0,39.5,37.5,50.0,45.0,39.0,36.5,,
2022-10-09,48.0,44.0,39.5,37.5,50.0,45.0,39.0,36.5,,
2022-10-10,48.0,44.0,39.5,37.5,50.0,45.0,39.0,36.5,92.7,59.04000091552734
2022-10-11,48.0,44.0,39.5,37.5,50.0,45.0,39.0,36.5,,59.15000152587891
2022-10-12,48.0,44.0,39.5,37.5,50.0,45.0,39.0,36.5,,59.07799911499023
2022-10-13,48.0,44.0,39.5,37.5,50.0,45.0,39.0,36.5,,58.81999969482422
2022-10-14,48.0,44.0,39.5,37.5,50.0,45.0,39.0,36.5,,59.09999847412109
2022-10-15,48.0,43.5,39.0,37.0,50.0,44.5,38.5,36.0,,
2022-10-16,48.0,43.5,39.0,37.0,50.0,44.5,38.5,36.0,,
2022-10-17,48.0,43.5,39.0,37.0,50.0,44.5,38.5,36.0,95.4,58.9900016784668
2022-10-18,48.0,43.5,39.0,37.0,50.0,44.5,38.5,36.0,,58.95700073242188
2022-10-19,48.0,43.5,39.0,37.0,50.0,44.5,38.5,36.0,,58.91999816894531
2022-10-20,48.0,43.5,39.0,37.0,50.0,44.5,38.5,36.0,,59.21500015258789
2022-10-21,48.0,43.5,39.0,37.0,50.0,44.5,38.5,36.0,,59.02000045776367
2022-10-22,48.0,43.0,38.5,36.5,50.0,44.0,38.0,35.5,,
2022-10-23,48.0,43.0,38.5,36.5,50.0,44.0,38.0,35.5,,
2022-10-24,48.0,43.0,38.5,36.5,50.0,44.0,38.0,35.5,95.4,58.8650016784668
2022-10-25,48.0,43.0,38.5,36.5,50.0,44.0,38.0,35.5,,58.96500015258789
2022-10-26,48.0,43.0,38.5,36.5,50.0,44.0,38.0,35.5,,58.68999862670898
2022-10-27,48.0,43.0,38.5,36.5,50.0,44.0,38.0,35.5,,58.18000030517578
2022-10-28,48.0,42.5,38.0,36.0,50.0,44.0,38.0,35.0,,58.29499816894531
2022-10-29,48.0,42.5,38.0,36.0,50.0,44.0,38.0,35.0,,
2022-10-30,48.0,42.5,38.0,36.0,50.0,44.0,38.0,35.0,,
2022-10-31,48.0,42.5,38.0,36.0,50.0,44.0,38.0,35.0,94.3,57.96500015258789
2022-11-01,48.0,42.5,38.0,36.0,50.0,44.0,38.0,35.0,,58.06999969482422
2022-11-02,48.0,42.5,38.0,36.0,50.0,44.0,38.0,35.0,,58.20999908447266
2022-11-03,48.0,42.5,38.0,36.0,50.0,44.0,38.0,35.0,,58.6150016784668
2022-11-04,48.0,42.5,38.0,36.0,50.0,44.0,38.0,35.0,,58.94499969482422
2022-11-05,48.0,42.5,38.0,36.0,50.0,44.0,38.0,35.0,,
2022-11-06,48.0,42.5,38.0,36.0,50.0,44.0,38.0,35.0,,
2022-11-07,48.0,42.5,38.0,36.0,50.0,44.0,38.0,35.0,94.3,58.22999954223633
2022-11-08,48.0,43.0,38.5,36.5,50.0,44.0,38.0,35.5,,57.98500061035156
2022-11-09,48.0,43.0,38.5,36.5,50.0,44.0,38.0,35.5,,58.15499877929688
2022-11-10,48.0,43.0,38.5,36.5,50.0,44.0,38.0,35.5,,58.11999893188477
2022-11-11,48.0,43.0,38.5,36.5,50.0,44.0,38.0,35.5,,57.16999816894531
2022-11-12,48.0,43.0,38.5,36.5,50.0,44.0,38.0,35.5,,
2022-11-13,48.0,43.0,38.5,36.5,50.0,44.0,38.0,35.5,,
2022-11-14,48.0,43.0,38.5,36.5,50.0,44.0,38.0,35.5,93.4,57.11000061035156
2022-11-15,48.5,43.5,39.0,37.0,50.0,44.5,38.5,36.0,,57.02500152587891
2022-11-16,48.5,43.5,39.0,37.0,50.0,44.5,38.5,36.0,,57.25
2022-11-17,48.5,43.5,39.0,37.0,50.0,44.5,38.5,36.0,,57.41299819946289
2022-11-18,48.5,43.5,39.0,37.0,50.0,44.5,38.5,36.0,,57.45299911499023
2022-11-19,48.5,43.5,39.0,37.0,50.0,44.5,38.5,36.0,,
2022-11-20,48.5,43.5,39.0,37.0,50.0,44.5,38.5,36.0,,
2022-11-21,48.5,43.5,39.0,37.0,50.0,44.5,38.5,36.0,91.25,57.19699859619141
2022-11-22,49.0,44.0,39.5,37.5,50.0,45.0,39.0,36.5,,57.43999862670898
2022-11-23,49.0,44.0,39.5,37.5,50.0,45.0,39.0,36.5,,57.28499984741211
2022-11-24,49.0,44.0,39.5,37.5,50.0,45.0,39.0,36.5,,56.77500152587891
2022-11-25,49.0,44.0,39.5,37.5,50.0,45.0,39.0,36.5,,56.63999938964844
2022-11-26,49.0,44.0,39.5,37.5,50.0,45.0,39.0,36.5,,
2022-11-27,49.0,44.0,39.5,37.5,50.0,45.0,39.0,36.5,,
2022-11-28,49.0,44.0,39.5,37.5,50.0,45.0,39.0,36.5,87.3,56.68999862670898
2022-11-29,50.0,44.5,40.0,38.0,50.0,45.0,39.5,37.0,,56.625
2022-11-30,50.0,44.5,40.0,38.0,50.0,45.0,39.5,37.0,,56.48300170898438
2022-12-01,50.0,44.5,40.0,38.0,50.0,45.0,39.5,37.0,,56.36999893188477
2022-12-02,50.0,44.5,40.0,38.0,50.0,45.0,39.5,37.0,,56.03499984741211
2022-12-03,50.0,44.5,40.0,38.0,50.0,45.0,39.5,37.0,,
2022-12-04,50.0,44.5,40.0,38.0,50.0,45.0,39.5,37.0,,
2022-12-05,50.0,44.5,40.0,38.0,50.0,45.0,39.5,37.0,85.4,55.72499847412109
2022-12-06,50.0,44.5,40.0,38.0,50.0,45.0,39.5,37.0,,55.97999954223633
2022-12-07,50.0,44.5,40.0,38.0,50.0,45.0,39.5,37.0,,55.84999847412109
2022-12-08,50.0,45.0,40.5,38.5,50.0,45.5,40.0,37.5,,55.3120002746582
2022-12-09,50.0,45.0,40.5,38.5,50.0,45.5,40.0,37.5,,55.30500030517578
2022-12-10,50.0,45.0,40.5,38.5,50.0,45.5,40.0,37.5,,
2022-12-11,50.0,45.0,40.5,38.5,50.0,45.5,40.0,37.5,,
2022-12-12,50.0,45.0,40.5,38.5,50.0,45.5,40.0,37.5,81.0,55.27500152587891
2022-12-13,50.0,45.0,40.5,38.5,50.0,45.5,40.0,37.5,,55.63999938964844
2022-12-14,50.0,45.0,40.5,38.5,50.0,45.5,40.0,37.5,,55.43000030517578
2022-12-15,50.0,45.5,41.0,39.0,50.0,46.0,40.5,38.0,,55.56499862670898
2022-12-16,50.0,45.5,41.0,39.0,50.0,46.0,40.5,38.0,,55.90999984741211
2022-12-17,50.0,45.5,41.0,39.0,50.0,46.0,40.5,38.0,,
2022-12-18,50.0,45.5,41.0,39.0,50.0,46.0,40.5,38.0,,
2022-12-19,50.0,45.5,41.0,39.0,50.0,46.0,40.5,38.0,83.9,55.43000030517578
2022-12-20,50.0,45.5,41.0,39.0,50.0,46.0,40.5,38.0,,55.3650016784668
2022-12-21,50.0,45.5,41.0,39.0,50.0,46.0,40.5,38.0,,54.88000106811523
2022-12-22,52.0,46.5,42.0,39.5,50.0,47.0,41.0,38.5,,54.7760009765625
2022-12-23,52.0,46.5,42.0,39.5,50.0,47.0,41.0,38.5,,55.34000015258789
2022-12-24,52.0,46.5,42.0,39.5,50.0,47.0,41.0,38.5,,
2022-12-25,52.0,46.5,42.0,39.5,50.0,47.0,41.0,38.5,,
2022-12-26,52.0,46.5,42.0,39.5,50.0,47.0,41.0,38.5,83.9,55.21500015258789
2022-12-27,52.0,46.5,42.0,39.5,50.0,47.0,41.0,38.5,,55.16500091552734
2022-12-28,54.0,48.0,44.0,40.0,50.0,48.0,42.0,39.0,,55.72000122070312
2022-12-29,54.0,48.0,44.0,40.0,50.0,48.0,42.0,39.0,,56.14300155639648
2022-12-30,54.0,48.0,44.0,40.0,50.0,48.0,42.0,39.0,,55.65000152587891
2022-12-31,54.0,48.0,44.0,40.0,50.0,48.0,42.0,39.0,,
2023-01-01,50.0,45.0,42.0,38.0,50.0,45.0,40.0,38.0,,
2023-01-02,50.0,45.0,42.0,38.0,50.0,45.0,40.0,38.0,83.9,55.66999816894531
2023-01-03,50.0,45.0,42.0,38.0,50.0,45.0,40.0,38.0,,55.75
2023-01-04,50.0,45.0,42.0,38.0,50.0,45.0,40.0,38.0,,55.8849983215332
2023-01-05,50.0,45.0,42.0,38.0,50.0,45.0,40.0,38.0,,56.04000091552734
2023-01-06,50.0,45.0,42.0,38.0,50.0,45.0,40.0,38.0,,55.9119987487793
2023-01-07,50.0,45.0,42.0,38.0,50.0,45.0,40.0,38.0,,
2023-01-08,50.0,45.0,42.0,38.0,50.0,45.0,40.0,38.0,,
2023-01-09,50.0,46.0,42.5,38.5,50.0,46.0,40.0,38.0,81.1,55.51200103759766
2023-01-10,50.0,46.0,42.5,38.5,50.0,46.0,40.0,38.0,,54.70000076293945
2023-01-11,50.0,46.0,42.5,38.5,50.0,46.0,40.0,38.0,,54.72999954223633
2023-01-12,50.0,46.0,42.5,38.5,50.0,46.0,40.0,38.0,,55.02000045776367
2023-01-13,50.0,46.0,42.5,38.5,50.0,46.0,40.0,38.0,,55.02000045776367
2023-01-14,50.0,46.0,42.5,38.5,50.0,46.0,40.0,38.0,,
2023-01-15,50.0,46.0,42.5,38.5,50.0,46.0,40.0,38.0,,
2023-01-16,50.0,46.0,43.0,39.0,50.0,46.0,40.5,38.0,81.6,54.82500076293945
2023-01-17,50.0,46.0,43.0,39.0,50.0,46.0,40.5,38.0,,54.57500076293945
2023-01-18,50.0,46.0,43.0,39.0,50.0,46.0,40.5,38.0,,54.65000152587891
2023-01-19,50.0,46.0,43.0,39.0,50.0,46.0,40.5,38.0,,54.65000152587891
2023-01-20,50.0,46.0,43.0,39.0,50.0,46.0,40.5,38.0,,54.71599960327148
2023-01-21,50.0,46.0,43.0,39.0,50.0,46.0,40.5,38.0,,
2023-01-22,50.0,46.0,43.0,39.0,50.0,46.0,40.5,38.0,,
2023-01-23,52.0,47.0,44.0,40.0,50.0,47.0,41.0,39.0,83.5,54.45000076293945
2023-01-24,52.0,47.0,44.0,40.0,50.0,47.0,41.0,39.0,,54.28499984741211
2023-01-25,52.0,47.0,44.0,40.0,50.0,47.0,41.0,39.0,,54.65999984741211
2023-01-26,52.0,47.0,44.0,40.0,50.0,47.0,41.0,39.0,,54.55500030517578
2023-01-27,52.0,47.0,44.0,40.0,50.0,47.0,41.0,39.0,,54.34999847412109
2023-01-28,52.0,47.0,44.0,40.0,50.0,47.0,41.0,39.0,,
2023-01-29,52.0,47.0,44.0,40.0,50.0,47.0,41.0,39.0,,
2023-01-30,54.0,48.0,44.5,40.0,50.0,47.0,42.0,40.0,84.1,54.38999938964844
2023-01-31,54.0,48.0,44.5,40.0,50.0,47.0,42.0,40.0,,54.63000106811523
2023-02-01,54.0,48.0,44.5,40.0,50.0,47.0,42.0,40.0,,54.6349983215332
2023-02-02,54.0,48.0,44.5,40.0,50.0,47.0,42.0,40.0,,54.09500122070312
2023-02-03,54.0,48.0,44.5,40.0,50.0,47.0,42.0,40.0,,53.75
2023-02-04,54.0,48.0,44.5,40.0,50.0,47.0,42.0,40.0,,
2023-02-05,54.0,48.0,44.5,40.0,50.0,47.0,42.0,40.0,,
2023-02-06,54.0,48.0,44.5,40.0,50.0,47.0,42.0,40.0,81.1,53.56499862670898
2023-02-07,54.0,48.0,44.5,40.0,50.0,47.0,42.0,40.0,,54.79000091552734
2023-02-08,54.0,48.5,44.5,40.0,50.0,48.0,42.0,40.0,,55.06000137329102
2023-02-09,54.0,48.5,44.5,40.0,50.0,48.0,42.0,40.0,,54.7599983215332
2023-02-10,54.0,48.5,44.5,40.0,50.0,48.0,42.0,40.0,,54.625
2023-02-11,54.0,48.5,44.5,40.0,50.0,48.0,42.0,40.0,,
2023-02-12,54.0,48.5,44.5,40.0,50.0,48.0,42.0,40.0,,
2023-02-13,54.0,48.5,44.5,40.0,50.0,48.0,42.0,40.0,78.9,54.375
2023-02-14,54.0,48.5,44.5,40.0,50.0,48.0,42.0,40.0,,54.65999984741211
2023-02-15,54.0,49.0,44.5,40.0,50.0,48.0,42.5,40.0,,54.92699813842773
2023-02-16,54.0,49.0,44.5,40.0,50.0,48.0,42.5,40.0,,55.38700103759766
2023-02-17,54.0,49.0,44.5,40.0,50.0,48.0,42.5,40.0,,55.20000076293945
2023-02-18,54.0,49.0,44.5,40.0,50.0,48.0,42.5,40.0,,
2023-02-19,54.0,49.0,44.5,40.0,50.0,48.0,42.5,40.0,,
2023-02-20,54.0,49.0,44.5,40.0,50.0,48.0,42.5,40.0,77.8,55.42499923706055
2023-02-21,54.0,49.0,44.5,40.0,50.0,48.0,42.5,40.0,,54.93500137329102
2023-02-22,54.0,49.0,45.0,40.0,50.0,48.5,43.0,40.0,,55.12799835205078
2023-02-23,54.0,49.0,45.0,40.0,50.0,48.5,43.0,40.0,,55.125
2023-02-24,54.0,49.0,45.0,40.0,50.0,48.5,43.0,40.0,,54.9630012512207
2023-02-25,54.0,49.0,45.0,40.0,50.0,48.5,43.0,40.0,,
2023-02-26,54.0,49.0,45.0,40.0,50.0,48.5,43.0,40.0,,
2023-02-27,54.0,49.0,45.0,40.0,50.0,48.5,43.0,40.0,76.9,54.81999969482422
2023-02-28,54.0,49.0,45.0,40.0,50.0,48.5,43.0,40.0,,55.33000183105469
2023-03-01,54.0,49.0,45.0,40.0,50.0,48.5,43.0,40.0,,55.44499969482422
2023-03-02,54.0,49.0,45.0,40.0,50.0,48.5,43.0,40.0,,54.84999847412109
2023-03-03,54.0,49.0,45.0,40.0,50.0,48.5,43.0,40.0,,54.97000122070312
2023-03-04,54.0,49.0,45.0,40.0,50.0,48.5,43.0,40.0,,
2023-03-05,54.0,49.0,45.0,40.0,50.0,48.5,43.0,40.0,,
2023-03-06,54.0,49.0,45.0,40.0,50.0,48.5,43.0,40.0,76.5,55.5099983215332
2023-03-07,54.0,49.0,45.0,40.0,50.0,48.5,43.0,40.0,,55.05500030517578
2023-03-08,55.0,49.0,46.0,40.0,50.0,49.0,44.0,40.0,,55.25
2023-03-09,55.0,49.0,46.0,40.0,50.0,49.0,44.0,40.0,,55.38999938964844
2023-03-10,55.0,49.0,46.0,40.0,50.0,49.0,44.0,40.0,,55.20000076293945
2023-03-11,55.0,49.0,46.0,40.0,50.0,49.0,44.0,40.0,,
2023-03-12,55.0,49.0,46.0,40.0,50.0,49.0,44.0,40.0,,
2023-03-13,55.0,49.0,46.0,40.0,50.0,49.0,44.0,40.0,76.5,55.08000183105469
2023-03-14,55.0,49.0,46.0,40.0,50.0,49.0,44.0,40.0,,55.16999816894531
2023-03-15,56.0,50.0,46.0,40.0,52.0,50.0,45.0,40.0,,54.85900115966797
2023-03-16,56.0,50.0,46.0,40.0,52.0,50.0,45.0,40.0,,55.0099983215332
2023-03-17,56.0,50.0,46.0,40.0,52.0,50.0,45.0,40.0,,54.59000015258789
2023-03-18,56.0,50.0,46.0,40.0,52.0,50.0,45.0,40.0,,
2023-03-19,56.0,50.0,46.0,40.0,52.0,50.0,45.0,40.0,,
2023-03-20,56.0,50.0,46.0,40.0,52.0,50.0,45.0,40.0,74.65,54.625
2023-03-21,56.0,50.0,46.0,40.0,52.0,50.0,45.0,40.0,,54.20000076293945
2023-03-22,58.0,50.0,47.0,41.0,52.0,50.0,45.0,42.0,,54.21500015258789
2023-03-23,58.0,50.0,47.0,41.0,52.0,50.0,45.0,42.0,,54.34999847412109
2023-03-24,58.0,50.0,47.0,41.0,52.0,50.0,45.0,42.0,,54.27500152587891
2023-03-25,58.0,50.0,47.0,41.0,52.0,50.0,45.0,42.0,,
2023-03-26,58.0,50.0,47.0,41.0,52.0,50.0,45.0,42.0,,
2023-03-27,58.0,50.0,47.0,41.0,52.0,50.0,45.0,42.0,73.35,54.27799987792969
2023-03-28,58.0,50.0,47.0,41.0,52.0,50.0,45.0,42.0,,54.07500076293945
2023-03-29,60.0,52.0,48.0,42.0,54.0,52.0,46.0,44.0,,54.27899932861328
2023-03-30,60.0,52.0,48.0,42.0,54.0,52.0,46.0,44.0,,54.2599983215332
2023-03-31,60.0,52.0,48.0,42.0,54.0,52.0,46.0,44.0,,54.29800033569336
2023-04-01,60.0,52.0,48.0,42.0,54.0,52.0,46.0,44.0,,
2023-04-02,60.0,52.0,48.0,42.0,54.0,52.0,46.0,44.0,,
2023-04-03,60.0,52.0,48.0,42.0,54.0,52.0,46.0,44.0,73.35,54.26599884033203
2023-04-04,60.0,52.0,48.0,42.0,54.0,52.0,46.0,44.0,,54.5099983215332
2023-04-05,60.0,52.0,48.0,42.0,54.0,52.0,46.0,44.0,,54.2400016784668
2023-04-06,60.0,52.0,48.0,42.0,54.0,52.0,46.0,44.0,,54.48600006103516
2023-04-07,60.0,52.0,48.0,42.0,54.0,52.0,46.0,44.0,,54.4640007019043
2023-04-08,60.0,52.0,48.0,42.0,54.0,52.0,46.0,44.0,,
2023-04-09,60.0,52.0,48.0,42.0,54.0,52.0,46.0,44.0,,
2023-04-10,60.0,52.0,48.0,42.0,54.0,52.0,46.0,44.0,75.05,54.58399963378906
2023-04-11,60.0,52.0,48.0,42.0,54.0,52.0,46.0,44.0,,54.69499969482422
2023-04-12,60.0,52.0,48.0,42.0,54.0,52.0,46.0,44.0,,55.0
2023-04-13,60.0,52.0,48.0,42.0,54.0,52.0,46.0,44.0,,55.15999984741211
2023-04-14,60.0,52.0,48.0,42.0,54.0,52.0,46.0,44.0,,55.2130012512207
2023-04-15,60.0,52.0,48.0,42.0,54.0,52.0,46.0,44.0,,
2023-04-16,60.0,52.0,48.0,42.0,54.0,52.0,46.0,44.0,,
2023-04-17,60.0,52.0,48.0,42.0,54.0,52.0,46.0,44.0,75.05,55.3390007019043
2023-04-18,60.0,52.0,48.0,42.0,54.0,52.0,46.0,44.0,,56.02999877929688
2023-04-19,60.0,52.0,48.0,42.0,54.0,52.0,46.0,44.0,,56.2400016784668
2023-04-20,60.0,52.0,48.0,42.0,54.0,52.0,46.0,44.0,,56.29499816894531
2023-04-21,60.0,52.0,48.0,42.0,54.0,52.0,46.0,44.0,,55.93000030517578
2023-04-22,60.0,52.0,48.0,42.0,54.0,52.0,46.0,44.0,,
2023-04-23,60.0,52.0,48.0,42.0,54.0,52.0,46.0,44.0,,
2023-04-24,60.0,52.0,48.0,42.0,54.0,52.0,46.0,44.0,72.95,55.8849983215332
2023-04-25,60.0,52.0,48.0,42.0,54.0,52.0,46.0,44.0,,55.63000106811523
2023-04-26,60.0,52.0,48.0,42.0,54.0,52.0,46.0,44.0,,55.43000030517578
2023-04-27,60.0,52.0,48.0,42.0,54.0,52.0,46.0,44.0,,55.55500030517578
2023-04-28,60.0,52.0,48.0,42.0,54.0,52.0,46.0,44.0,,55.625
2023-04-29,60.0,52.0,48.0,42.0,54.0,52.0,46.0,44.0,,
2023-04-30,60.0,52.0,48.0,42.0,54.0,52.0,46.0,44.0,,
2023-05-01,60.0,52.0,48.0,42.0,54.0,52.0,46.0,44.0,71.45,55.47000122070312
2023-05-02,60.0,52.0,48.0,42.0,54.0,52.0,46.0,44.0,,55.52799987792969
2023-05-03,60.0,52.0,48.0,42.0,54.0,52.0,46.0,44.0,,55.41999816894531
2023-05-04,60.0,52.0,48.0,42.0,54.0,52.0,46.0,44.0,,55.32500076293945
2023-05-05,60.0,52.0,48.0,42.0,54.0,52.0,46.0,44.0,,55.34000015258789
2023-05-06,60.0,52.0,48.0,42.0,54.0,52.0,46.0,44.0,,
2023-05-07,60.0,52.0,48.0,42.0,54.0,52.0,46.0,44.0,,
2023-05-08,60.0,52.0,48.0,42.0,54.0,52.0,46.0,44.0,69.25,55.29499816894531
2023-05-09,60.0,52.0,48.0,42.0,54.0,52.0,46.0,44.0,,55.43500137329102
2023-05-10,60.0,52.0,48.0,42.0,54.0,52.0,46.0,44.0,,55.76499938964844
2023-05-11,60.0,52.0,48.0,42.0,54.0,52.0,46.0,44.0,,55.625
2023-05-12,60.0,52.0,48.0,42.0,54.0,52.0,46.0,44.0,,55.84999847412109
2023-05-13,60.0,52.0,48.0,42.0,54.0,52.0,46.0,44.0,,
2023-05-14,60.0,52.0,48.0,42.0,54.0,52.0,46.0,44.0,,
2023-05-15,60.0,54.0,48.0,42.0,54.0,52.0,46.0,44.0,68.2,55.85400009155273
2023-05-16,60.0,54.0,48.0,42.0,54.0,52.0,46.0,44.0,,56.06800079345703
2023-05-17,60.0,54.0,48.0,42.0,54.0,52.0,46.0,44.0,,56.18299865722656
2023-05-18,60.0,54.0,48.0,42.0,54.0,52.0,46.0,44.0,,56.01800155639648
2023-05-19,60.0,54.0,48.0,42.0,54.0,52.0,46.0,44.0,,55.81000137329102
2023-05-20,60.0,54.0,48.0,42.0,54.0,52.0,46.0,44.0,,
2023-05-21,60.0,54.0,48.0,42.0,54.0,52.0,46.0,44.0,,
2023-05-22,60.0,54.0,50.0,43.0,54.0,52.0,46.0,44.0,68.2,55.63899993896484
2023-05-23,60.0,54.0,50.0,43.0,54.0,52.0,46.0,44.0,,55.55599975585938
2023-05-24,60.0,54.0,50.0,43.0,54.0,52.0,46.0,44.0,,55.81800079345703
2023-05-25,60.0,54.0,50.0,43.0,54.0,52.0,46.0,44.0,,55.70000076293945
2023-05-26,60.0,54.0,50.0,43.0,54.0,52.0,46.0,44.0,,56.08000183105469
2023-05-27,60.0,54.0,50.0,43.0,54.0,52.0,46.0,44.0,,
2023-05-28,60.0,54.0,50.0,43.0,54.0,52.0,46.0,44.0,,
2023-05-29,60.0,54.0,50.0,43.0,54.0,52.0,46.0,44.0,68.2,55.91500091552734
2023-05-30,60.0,54.0,50.0,43.0,54.0,52.0,46.0,44.0,,56.12599945068359
2023-05-31,60.0,54.0,50.0,43.0,54.0,52.0,46.0,44.0,,56.34999847412109
2023-06-01,60.0,54.0,50.0,43.0,54.0,52.0,46.0,44.0,,56.34099960327148
2023-06-02,60.0,54.0,50.0,43.0,54.0,52.0,46.0,44.0,,56.06600189208984
2023-06-03,60.0,54.0,50.0,43.0,54.0,52.0,46.0,44.0,,
2023-06-04,60.0,54.0,50.0,43.0,54.0,52.0,46.0,44.0,,
2023-06-05,60.0,54.0,50.0,43.0,54.0,52.0,46.0,44.0,67.6,56.01300048828125
2023-06-06,60.0,54.0,50.0,43.0,54.0,52.0,46.0,44.0,,56.02199935913086
2023-06-07,60.0,54.0,50.0,43.0,54.0,52.0,46.0,44.0,,56.09700012207031
2023-06-08,60.0,54.0,50.0,43.0,54.0,52.0,46.0,44.0,,56.1349983215332
2023-06-09,60.0,54.0,50.0,43.0,54.0,52.0,46.0,44.0,,56.06000137329102
2023-06-10,60.0,54.0,50.0,43.0,54.0,52.0,46.0,44.0,,
2023-06-11,60.0,54.0,50.0,43.0,54.0,52.0,46.0,44.0,,
2023-06-12,60.0,54.0,50.0,43.0,54.0,52.0,46.0,44.0,68.7,56.06999969482422
2023-06-13,60.0,54.0,50.0,43.0,54.0,52.0,46.0,44.0,,56.06600189208984
2023-06-14,60.0,54.0,50.0,43.0,54.0,52.0,46.0,44.0,,55.89699935913086
2023-06-15,62.0,56.0,52.0,44.0,54.0,54.0,48.0,46.0,,55.93099975585938
2023-06-16,62.0,56.0,52.0,44.0,54.0,54.0,48.0,46.0,,55.7760009765625
2023-06-17,62.0,56.0,52.0,44.0,54.0,54.0,48.0,46.0,,
2023-06-18,62.0,56.0,52.0,44.0,54.0,54.0,48.0,46.0,,
2023-06-19,62.0,56.0,52.0,44.0,54.0,54.0,48.0,46.0,68.7,55.70500183105469
2023-06-20,62.0,56.0,52.0,44.0,54.0,54.0,48.0,46.0,,55.72299957275391
2023-06-21,62.0,56.0,52.0,44.0,54.0,54.0,48.0,46.0,,55.55199813842773
2023-06-22,62.0,56.0,52.0,44.0,54.0,54.0,48.0,46.0,,55.58499908447266
2023-06-23,62.0,56.0,52.0,44.0,54.0,54.0,48.0,46.0,,55.54800033569336
2023-06-24,62.0,56.0,52.0,44.0,54.0,54.0,48.0,46.0,,
2023-06-25,62.0,56.0,52.0,44.0,54.0,54.0,48.0,46.0,,
2023-06-26,62.0,56.0,52.0,44.0,54.0,54.0,48.0,46.0,68.7,55.75500106811523
2023-06-27,64.0,58.0,54.0,46.0,56.0,56.0,50.0,48.0,,55.68399810791016
2023-06-28,64.0,58.0,54.0,46.0,56.0,56.0,50.0,48.0,,55.14599990844727
2023-06-29,64.0,58.0,54.0,46.0,56.0,56.0,50.0,48.0,,55.27500152587891
2023-06-30,64.0,58.0,54.0,46.0,56.0,56.0,50.0,48.0,,55.43999862670898
2023-07-01,64.0,58.0,54.0,46.0,56.0,56.0,50.0,48.0,,
2023-07-02,64.0,58.0,54.0,46.0,56.0,56.0,50.0,48.0,,
2023-07-03,64.0,58.0,54.0,46.0,56.0,56.0,50.0,48.0,68.7,55.26399993896484
2023-07-04,64.0,58.0,54.0,46.0,56.0,56.0,50.0,48.0,,55.25799942016602
2023-07-05,64.0,58.0,54.0,46.0,56.0,56.0,50.0,48.0,,55.27000045776367
2023-07-06,64.0,58.0,54.0,46.0,56.0,56.0,50.0,48.0,,55.45999908447266
2023-07-07,64.0,58.0,54.0,46.0,56.0,56.0,50.0,48.0,,55.65499877929688
2023-07-08,64.0,58.0,54.0,46.0,56.0,56.0,50.0,48.0,,
2023-07-09,64.0,58.0,54.0,46.0,56.0,56.0,50.0,48.0,,
2023-07-10,64.0,58.0,54.0,46.0,56.0,56.0,50.0,48.0,68.7,55.52199935913086
2023-07-11,65.0,60.0,55.0,48.0,58.0,58.0,52.0,50.0,,55.54899978637695
2023-07-12,65.0,60.0,55.0,48.0,58.0,58.0,52.0,50.0,,55.26499938964844
2023-07-13,65.0,60.0,55.0,48.0,58.0,58.0,52.0,50.0,,54.51499938964844
2023-07-14,65.0,60.0,55.0,48.0,58.0,58.0,52.0,50.0,,54.34000015258789
2023-07-15,65.0,60.0,55.0,48.0,58.0,58.0,52.0,50.0,,
2023-07-16,65.0,60.0,55.0,48.0,58.0,58.0,52.0,50.0,,
2023-07-17,65.0,60.0,55.0,48.0,58.0,58.0,52.0,50.0,70.8,54.34000015258789
2023-07-18,65.0,60.0,55.0,48.0,58.0,58.0,52.0,50.0,,54.375
2023-07-19,65.0,60.0,55.0,48.0,58.0,58.0,52.0,50.0,,54.35200119018555
2023-07-20,65.0,60.0,55.0,48.0,58.0,58.0,52.0,50.0,,54.61600112915039
2023-07-21,68.0,62.0,58.0,50.0,60.0,60.0,54.0,52.0,,54.6510009765625
2023-07-22,68.0,62.0,58.0,50.0,60.0,60.0,54.0,52.0,,
2023-07-23,68.0,62.0,58.0,50.0,60.0,60.0,54.0,52.0,,
2023-07-24,68.0,62.0,58.0,50.0,60.0,60.0,54.0,52.0,71.2,54.72000122070312
2023-07-25,68.0,62.0,58.0,50.0,60.0,60.0,54.0,52.0,,54.48500061035156
2023-07-26,68.0,62.0,58.0,50.0,60.0,60.0,54.0,52.0,,54.52500152587891
2023-07-27,68.0,62.0,58.0,50.0,60.0,60.0,54.0,52.0,,54.46500015258789
2023-07-28,70.0,64.0,60.0,52.0,62.0,62.0,56.0,54.0,,54.78099822998047
2023-07-29,70.0,64.0,60.0,52.0,62.0,62.0,56.0,54.0,,
2023-07-30,70.0,64.0,60.0,52.0,62.0,62.0,56.0,54.0,,
2023-07-31,70.0,64.0,60.0,52.0,62.0,62.0,56.0,54.0,75.2,54.90399932861328
2023-08-01,70.0,64.0,60.0,52.0,62.0,62.0,56.0,54.0,,54.71900177001953
2023-08-02,70.0,64.0,60.0,52.0,62.0,62.0,56.0,54.0,,54.87900161743164
2023-08-03,70.0,64.0,60.0,52.0,62.0,62.0,56.0,54.0,,55.33100128173828
2023-08-04,70.0,64.0,60.0,52.0,62.0,62.0,56.0,54.0,,55.72999954223633
2023-08-05,70.0,64.0,60.0,52.0,62.0,62.0,56.0,54.0,,
2023-08-06,70.0,64.0,60.0,52.0,62.0,62.0,56.0,54.0,,
2023-08-07,70.0,64.0,60.0,52.0,62.0,62.0,56.0,54.0,79.2,55.11999893188477
2023-08-08,72.0,65.0,62.0,54.0,64.0,64.0,58.0,56.0,,56.19900131225586
2023-08-09,72.0,65.0,62.0,54.0,64.0,64.0,58.0,56.0,,56.28499984741211
2023-08-10,72.0,65.0,62.0,54.0,64.0,64.0,58.0,56.0,,56.29399871826172
2023-08-11,72.0,65.0,62.0,54.0,64.0,64.0,58.0,56.0,,56.15700149536133
2023-08-12,72.0,65.0,62.0,54.0,64.0,64.0,58.0,56.0,,
2023-08-13,72.0,65.0,62.0,54.0,64.0,64.0,58.0,56.0,,
2023-08-14,72.0,65.0,62.0,54.0,64.0,64.0,58.0,56.0,80.5,56.57199859619141
2023-08-15,75.0,68.0,64.0,56.0,65.0,65.0,60.0,58.0,,56.85699844360352
2023-08-16,75.0,68.0,64.0,56.0,65.0,65.0,60.0,58.0,,56.8489990234375
2023-08-17,75.0,68.0,64.0,56.0,65.0,65.0,60.0,58.0,,56.62599945068359
2023-08-18,75.0,68.0,64.0,56.0,65.0,65.0,60.0,58.0,,56.70500183105469
2023-08-19,75.0,68.0,64.0,56.0,65.0,65.0,60.0,58.0,,
2023-08-20,75.0,68.0,64.0,56.0,65.0,65.0,60.0,58.0,,
2023-08-21,75.0,68.0,64.0,56.0,65.0,65.0,60.0,58.0,80.7,56.14199829101562
2023-08-22,78.0,70.0,65.0,58.0,68.0,66.0,62.0,60.0,,56.25
2023-08-23,78.0,70.0,65.0,58.0,68.0,66.0,62.0,60.0,,56.1349983215332
2023-08-24,78.0,70.0,65.0,58.0,68.0,66.0,62.0,60.0,,56.41500091552734
2023-08-25,78.0,70.0,65.0,58.0,68.0,66.0,62.0,60.0,,56.61999893188477
2023-08-26,78.0,70.0,65.0,58.0,68.0,66.0,62.0,60.0,,
2023-08-27,78.0,70.0,65.0,58.0,68.0,66.0,62.0,60.0,,
2023-08-28,78.0,70.0,65.0,58.0,68.0,66.0,62.0,60.0,81.3,56.59600067138672
2023-08-29,80.0,72.0,68.0,60.0,70.0,68.0,65.0,62.0,,56.71099853515625
2023-08-30,80.0,72.0,68.0,60.0,70.0,68.0,65.0,62.0,,56.67399978637695
2023-08-31,80.0,72.0,68.0,60.0,70.0,68.0,65.0,62.0,,56.75899887084961
2023-09-01,80.0,72.0,68.0,60.0,70.0,68.0,65.0,62.0,,56.6150016784668
2023-09-02,80.0,72.0,68.0,60.0,70.0,68.0,65.0,62.0,,
2023-09-03,80.0,72.0,68.0,60.0,70.0,68.0,65.0,62.0,,
2023-09-04,80.0,72.0,68.0,60.0,70.0,68.0,65.0,62.0,82.5,56.52999877929688
2023-09-05,65.0,60.0,45.0,41.0,65.0,60.0,45.0,41.0,,56.57500076293945
2023-09-06,65.0,60.0,45.0,41.0,65.0,60.0,45.0,41.0,,56.97000122070312
2023-09-07,65.0,60.0,45.0,41.0,65.0,60.0,45.0,41.0,,56.92100143432617
2023-09-08,65.0,60.0,45.0,41.0,65.0,60.0,45.0,41.0,,56.67900085449219
2023-09-09,65.0,60.0,45.0,41.0,65.0,60.0,45.0,41.0,,
2023-09-10,65.0,60.0,45.0,41.0,65.0,60.0,45.0,41.0,,
2023-09-11,65.0,60.0,45.0,41.0,65.0,60.0,45.0,41.0,85.0,56.65999984741211
2023-09-12,65.0,60.0,45.0,41.0,65.0,60.0,45.0,41.0,,56.68600082397461
2023-09-13,65.0,60.0,45.0,41.0,65.0,60.0,45.0,41.0,,56.61899948120117
2023-09-14,65.0,60.0,45.0,41.0,65.0,60.0,45.0,41.0,,56.62200164794922
2023-09-15,65.0,60.0,45.0,41.0,65.0,60.0,45.0,41.0,,56.73099899291992
2023-09-16,65.0,60.0,45.0,41.0,65.0,60.0,45.0,41.0,,
2023-09-17,65.0,60.0,45.0,41.0,65.0,60.0,45.0,41.0,,
2023-09-18,65.0,60.0,45.0,41.0,65.0,60.0,45.0,41.0,87.5,56.86000061035156
2023-09-19,65.0,60.0,45.0,41.0,65.0,60.0,45.0,41.0,,56.59799957275391
2023-09-20,65.0,60.0,45.0,41.0,65.0,60.0,45.0,41.0,,56.73600006103516
2023-09-21,65.0,60.0,45.0,41.0,65.0,60.0,45.0,41.0,,56.74800109863281
2023-09-22,65.0,60.0,45.0,41.0,65.0,60.0,45.0,41.0,,56.76699829101562
2023-09-23,65.0,60.0,45.0,41.0,65.0,60.0,45.0,41.0,,
2023-09-24,65.0,60.0,45.0,41.0,65.0,60.0,45.0,41.0,,
2023-09-25,65.0,60.0,45.0,41.0,65.0,60.0,45.0,41.0,88.75,56.8120002746582
2023-09-26,65.0,60.0,45.0,41.0,65.0,60.0,45.0,41.0,,56.84999847412109
2023-09-27,65.0,60.0,45.0,41.0,65.0,60.0,45.0,41.0,,57.21699905395508
2023-09-28,65.0,60.0,45.0,41.0,65.0,60.0,45.0,41.0,,56.96699905395508
2023-09-29,65.0,60.0,45.0,41.0,65.0,60.0,45.0,41.0,,56.63800048828125
2023-09-30,65.0,60.0,45.0,41.0,65.0,60.0,45.0,41.0,,
2023-10-01,65.0,60.0,45.0,41.0,65.0,60.0,45.0,41.0,,
2023-10-02,65.0,60.0,45.0,41.0,65.0,60.0,45.0,41.0,86.75,56.69499969482422
2023-10-03,65.0,60.0,45.0,41.0,65.0,60.0,45.0,41.0,,56.76399993896484
2023-10-04,65.0,60.0,45.0,41.0,65.0,60.0,45.0,41.0,,56.83000183105469
2023-10-05,65.0,60.0,46.0,42.0,65.0,60.0,46.0,42.0,,56.60900115966797
2023-10-06,65.0,60.0,46.0,42.0,65.0,60.0,46.0,42.0,,56.63100051879883
2023-10-07,65.0,60.0,46.0,42.0,65.0,60.0,46.0,42.0,,
2023-10-08,65.0,60.0,46.0,42.0,65.0,60.0,46.0,42.0,,
2023-10-09,65.0,60.0,48.0,43.0,65.0,60.0,48.0,43.0,84.3,56.68000030517578
2023-10-10,65.0,60.0,48.0,43.0,65.0,60.0,48.0,43.0,,56.88000106811523
2023-10-11,65.0,60.0,48.0,43.0,65.0,60.0,48.0,43.0,,56.77899932861328
2023-10-12,65.0,60.0,48.0,43.0,65.0,60.0,48.0,43.0,,56.52700042724609
2023-10-13,65.0,60.0,48.0,43.0,65.0,60.0,48.0,43.0,,56.77299880981445
2023-10-14,65.0,60.0,48.0,43.0,65.0,60.0,48.0,43.0,,
2023-10-15,65.0,60.0,48.0,43.0,65.0,60.0,48.0,43.0,,
2023-10-16,65.0,60.0,48.0,43.0,65.0,60.0,48.0,43.0,85.0,56.79999923706055
2023-10-17,65.0,60.0,48.0,43.0,65.0,60.0,48.0,43.0,,56.61999893188477
2023-10-18,65.0,60.0,48.5,43.5,65.0,60.0,48.5,43.5,,56.61199951171875
2023-10-19,65.0,60.0,48.5,43.5,65.0,60.0,48.5,43.5,,56.82600021362305
2023-10-20,65.0,60.0,48.5,43.5,65.0,60.0,48.5,43.5,,56.75500106811523
2023-10-21,65.0,60.0,48.5,43.5,65.0,60.0,48.5,43.5,,
2023-10-22,65.0,60.0,48.5,43.5,65.0,60.0,48.5,43.5,,
2023-10-23,65.0,60.0,48.5,43.5,65.0,60.0,48.5,43.5,84.05,56.75500106811523
2023-10-24,65.0,60.0,48.5,43.5,65.0,60.0,48.5,43.5,,56.65599822998047
2023-10-25,65.0,60.0,49.0,44.0,65.0,60.0,49.0,44.0,,56.67900085449219
2023-10-26,65.0,60.0,49.0,44.0,65.0,60.0,49.0,44.0,,56.76100158691406
2023-10-27,65.0,60.0,49.0,44.0,65.0,60.0,49.0,44.0,,56.88100051879883
2023-10-28,65.0,60.0,49.0,44.0,65.0,60.0,49.0,44.0,,
2023-10-29,65.0,60.0,49.0,44.0,65.0,60.0,49.0,44.0,,
2023-10-30,65.0,60.0,49.0,44.0,65.0,60.0,49.0,44.0,82.8,56.87599945068359
2023-10-31,65.0,60.0,49.0,44.0,65.0,60.0,49.0,44.0,,56.70700073242188
2023-11-01,65.0,60.0,49.0,44.0,65.0,60.0,49.0,44.0,,56.78200149536133
2023-11-02,65.0,60.0,49.0,44.0,65.0,60.0,49.0,44.0,,56.65499877929688
2023-11-03,65.0,60.0,49.0,44.0,65.0,60.0,49.0,44.0,,56.49499893188477
2023-11-04,65.0,60.0,49.0,44.0,65.0,60.0,49.0,44.0,,
2023-11-05,65.0,60.0,49.0,44.0,65.0,60.0,49.0,44.0,,
2023-11-06,65.0,60.0,50.0,45.0,65.0,60.0,50.0,45.0,81.7,55.69100189208984
2023-11-07,65.0,60.0,50.0,45.0,65.0,60.0,50.0,45.0,,55.73199844360352
2023-11-08,65.0,60.0,50.0,45.0,65.0,60.0,50.0,45.0,,55.93000030517578
2023-11-09,65.0,60.0,50.0,45.0,65.0,60.0,50.0,45.0,,55.75
2023-11-10,65.0,60.0,50.0,45.0,65.0,60.0,50.0,45.0,,55.94400024414062
2023-11-11,65.0,60.0,50.0,45.0,65.0,60.0,50.0,45.0,,
2023-11-12,65.0,60.0,50.0,45.0,65.0,60.0,50.0,45.0,,
2023-11-13,66.0,61.0,51.0,46.0,65.0,60.0,51.0,46.0,78.7,55.89699935913086
2023-11-14,66.0,61.0,51.0,46.0,65.0,60.0,51.0,46.0,,55.79999923706055
2023-11-15,66.0,61.0,51.0,46.0,65.0,60.0,51.0,46.0,,55.49800109863281
2023-11-16,66.0,61.0,51.0,46.0,65.0,60.0,51.0,46.0,,55.72999954223633
2023-11-17,66.0,61.0,51.0,46.0,65.0,60.0,51.0,46.0,,55.61999893188477
2023-11-18,66.0,61.0,51.0,46.0,65.0,60.0,51.0,46.0,,
2023-11-19,66.0,61.0,51.0,46.0,65.0,60.0,51.0,46.0,,
2023-11-20,68.0,62.0,52.0,47.0,65.0,60.0,52.0,47.0,77.65,55.38600158691406
2023-11-21,68.0,62.0,52.0,47.0,65.0,60.0,52.0,47.0,,55.11999893188477
2023-11-22,68.0,62.0,52.0,47.0,65.0,60.0,52.0,47.0,,55.28499984741211
2023-11-23,68.0,62.0,52.0,47.0,65.0,60.0,52.0,47.0,,55.32099914550781
2023-11-24,68.0,62.0,52.0,47.0,65.0,60.0,52.0,47.0,,55.21200180053711
2023-11-25,68.0,62.0,52.0,47.0,65.0,60.0,52.0,47.0,,
2023-11-26,68.0,62.0,52.0,47.0,65.0,60.0,52.0,47.0,,
2023-11-27,68.0,62.0,53.0,48.0,65.0,60.0,53.0,48.0,77.65,55.4911003112793
2023-11-28,68.0,62.0,53.0,48.0,65.0,60.0,53.0,48.0,,55.34000015258789
2023-11-29,68.0,62.0,53.0,48.0,65.0,60.0,53.0,48.0,,54.83000183105469
2023-11-30,68.0,62.0,53.0,48.0,65.0,60.0,53.0,48.0,,55.20000076293945
2023-12-01,68.0,62.0,53.0,48.0,65.0,60.0,53.0,48.0,,55.50199890136719
2023-12-02,68.0,62.0,53.0,48.0,65.0,60.0,53.0,48.0,,
2023-12-03,68.0,62.0,53.0,48.0,65.0,60.0,53.0,48.0,,
2023-12-04,68.0,62.0,53.0,48.0,65.0,60.0,53.0,48.0,77.65,55.23600006103516
2023-12-05,68.0,62.0,53.0,48.0,65.0,60.0,53.0,48.0,,55.32500076293945
2023-12-06,68.0,63.0,54.0,49.0,65.0,60.0,54.0,49.0,,55.12099838256836
2023-12-07,68.0,63.0,54.0,49.0,65.0,60.0,54.0,49.0,,55.25400161743164
2023-12-08,68.0,63.0,54.0,49.0,65.0,60.0,54.0,49.0,,55.37300109863281
2023-12-09,68.0,63.0,54.0,49.0,65.0,60.0,54.0,49.0,,
2023-12-10,68.0,63.0,54.0,49.0,65.0,60.0,54.0,49.0,,
2023-12-11,68.0,63.0,54.0,49.0,65.0,60.0,54.0,49.0,75.8,55.36299896240234
2023-12-12,68.0,63.0,54.0,49.0,65.0,60.0,54.0,49.0,,55.54600143432617
2023-12-13,70.0,64.0,55.0,50.0,65.0,60.0,55.0,50.0,,55.52700042724609
2023-12-14,70.0,64.0,55.0,50.0,65.0,60.0,55.0,50.0,,55.47999954223633
2023-12-15,70.0,64.0,55.0,50.0,65.0,60.0,55.0,50.0,,55.65599822998047
2023-12-16,70.0,64.0,55.0,50.0,65.0,60.0,55.0,50.0,,
2023-12-17,70.0,64.0,55.0,50.0,65.0,60.0,55.0,50.0,,
2023-12-18,70.0,64.0,55.0,50.0,65.0,60.0,55.0,50.0,75.8,55.73600006103516
2023-12-19,70.0,64.0,55.0,50.0,65.0,60.0,55.0,50.0,,55.65399932861328
2023-12-20,70.0,65.0,56.0,51.0,65.0,60.0,56.0,51.0,,55.59099960327148
2023-12-21,70.0,65.0,56.0,51.0,65.0,60.0,56.0,51.0,,55.61999893188477
2023-12-22,70.0,65.0,56.0,51.0,65.0,60.0,56.0,51.0,,55.2599983215332
2023-12-23,70.0,65.0,56.0,51.0,65.0,60.0,56.0,51.0,,
2023-12-24,70.0,65.0,56.0,51.0,65.0,60.0,56.0,51.0,,
2023-12-25,70.0,65.0,56.0,51.0,65.0,60.0,56.0,51.0,77.2,55.23500061035156
2023-12-26,70.0,65.0,56.0,51.0,65.0,60.0,56.0,51.0,,55.38999938964844
2023-12-27,72.0,66.0,58.0,52.0,65.0,62.0,58.0,52.0,,55.31499862670898
2023-12-28,72.0,66.0,58.0,52.0,65.0,62.0,58.0,52.0,,55.54899978637695
2023-12-29,72.0,66.0,58.0,52.0,65.0,62.0,58.0,52.0,,55.31499862670898
2023-12-30,72.0,66.0,58.0,52.0,65.0,62.0,58.0,52.0,,
2023-12-31,72.0,66.0,58.0,52.0,65.0,62.0,58.0,52.0,,
2024-01-01,72.0,66.0,58.0,52.0,65.0,62.0,58.0,52.0,77.2,55.25
2024-01-02,72.0,66.0,58.0,52.0,65.0,62.0,58.0,52.0,,55.38800048828125
2024-01-03,72.0,66.0,58.0,52.0,65.0,62.0,58.0,52.0,,55.5629997253418
2024-01-04,72.0,66.0,58.0,52.0,65.0,62.0,58.0,52.0,,55.67300033569336
2024-01-05,72.0,66.0,58.0,52.0,65.0,62.0,58.0,52.0,,55.52299880981445
2024-01-06,72.0,66.0,58.0,52.0,65.0,62.0,58.0,52.0,,
2024-01-07,72.0,66.0,58.0,52.0,65.0,62.0,58.0,52.0,,
2024-01-08,68.0,62.0,55.0,52.0,65.0,62.0,55.0,51.0,77.3,55.49399948120117
2024-01-09,68.0,62.0,55.0,52.0,65.0,62.0,55.0,51.0,,55.64799880981445
2024-01-10,68.0,62.0,55.0,52.0,65.0,62.0,55.0,51.0,,56.08700180053711
2024-01-11,68.0,62.0,55.0,52.0,65.0,62.0,55.0,51.0,,56.03099822998047
2024-01-12,68.0,62.0,55.0,52.0,65.0,62.0,55.0,51.0,,55.94499969482422
2024-01-13,68.0,62.0,55.0,52.0,65.0,62.0,55.0,51.0,,
2024-01-14,68.0,62.0,55.0,52.0,65.0,62.0,55.0,51.0,,
2024-01-15,65.0,60.0,54.0,50.0,60.0,56.0,52.0,50.0,77.2,55.78200149536133
2024-01-16,65.0,60.0,54.0,50.0,60.0,56.0,52.0,50.0,,55.72900009155273
2024-01-17,65.0,60.0,54.0,50.0,60.0,56.0,52.0,50.0,,55.90200042724609
2024-01-18,65.0,60.0,54.0,50.0,60.0,56.0,52.0,50.0,,55.90700149536133
2024-01-19,65.0,60.0,54.0,50.0,60.0,56.0,52.0,50.0,,55.70299911499023
2024-01-20,65.0,60.0,54.0,50.0,60.0,56.0,52.0,50.0,,
2024-01-21,65.0,60.0,54.0,50.0,60.0,56.0,52.0,50.0,,
2024-01-22,65.0,61.0,55.0,51.0,60.0,56.0,53.0,51.0,78.15,55.86399841308594
2024-01-23,65.0,61.0,55.0,51.0,60.0,56.0,53.0,51.0,,56.33200073242188
2024-01-24,65.0,61.0,55.0,51.0,60.0,56.0,53.0,51.0,,56.29100036621094
2024-01-25,65.0,61.0,55.0,51.0,60.0,56.0,53.0,51.0,,56.18199920654297
2024-01-26,65.0,61.0,55.0,51.0,60.0,56.0,53.0,51.0,,56.50500106811523
2024-01-27,65.0,61.0,55.0,51.0,60.0,56.0,53.0,51.0,,
2024-01-28,65.0,61.0,55.0,51.0,60.0,56.0,53.0,51.0,,
2024-01-29,65.0,62.0,56.0,52.0,60.0,56.0,54.0,52.0,80.75,56.22200012207031
2024-01-30,65.0,62.0,56.0,52.0,60.0,56.0,54.0,52.0,,56.32500076293945
2024-01-31,65.0,62.0,56.0,52.0,60.0,56.0,54.0,52.0,,56.29999923706055
2024-02-01,65.0,62.0,56.0,52.0,60.0,56.0,54.0,52.0,,56.09600067138672
2024-02-02,65.0,62.0,56.0,52.0,60.0,56.0,54.0,52.0,,55.92900085449219
2024-02-03,65.0,62.0,56.0,52.0,60.0,56.0,54.0,52.0,,
2024-02-04,65.0,62.0,56.0,52.0,60.0,56.0,54.0,52.0,,
2024-02-05,65.0,62.0,56.0,52.0,60.0,56.0,54.0,52.0,79.65,56.16400146484375
2024-02-06,65.0,62.0,56.0,52.0,60.0,56.0,54.0,52.0,,56.29700088500977
2024-02-07,65.0,62.0,56.0,52.0,60.0,56.0,54.0,52.0,,56.12400054931641
2024-02-08,65.0,62.5,56.0,53.0,60.0,56.0,55.0,53.0,,55.95000076293945
2024-02-09,65.0,62.5,56.0,53.0,60.0,56.0,55.0,53.0,,55.96599960327148
2024-02-10,65.0,62.5,56.0,53.0,60.0,56.0,55.0,53.0,,
2024-02-11,65.0,62.5,56.0,53.0,60.0,56.0,55.0,53.0,,
2024-02-12,65.0,62.5,56.0,53.0,60.0,56.0,55.0,53.0,79.65,55.86999893188477
2024-02-13,65.0,62.5,56.0,53.0,60.0,56.0,55.0,53.0,,55.89199829101562
2024-02-14,65.0,62.5,56.0,53.0,60.0,56.0,55.0,53.0,,56.02500152587891
2024-02-15,66.0,63.0,57.0,54.0,60.0,58.0,56.0,54.0,,56.03400039672852
2024-02-16,66.0,63.0,57.0,54.0,60.0,58.0,56.0,54.0,,55.81900024414062
2024-02-17,66.0,63.0,57.0,54.0,60.0,58.0,56.0,54.0,,
2024-02-18,66.0,63.0,57.0,54.0,60.0,58.0,56.0,54.0,,
2024-02-19,66.0,63.0,57.0,54.0,60.0,58.0,56.0,54.0,81.35,55.95999908447266
2024-02-20,66.0,63.0,57.0,54.0,60.0,58.0,56.0,54.0,,55.99800109863281
2024-02-21,66.0,63.0,57.0,54.0,60.0,58.0,56.0,54.0,,55.8489990234375
2024-02-22,68.0,63.5,57.0,55.0,62.0,58.0,56.0,54.0,,55.81999969482422
2024-02-23,68.0,63.5,57.0,55.0,62.0,58.0,56.0,54.0,,55.76300048828125
2024-02-24,68.0,63.5,57.0,55.0,62.0,58.0,56.0,54.0,,
2024-02-25,68.0,63.5,57.0,55.0,62.0,58.0,56.0,54.0,,
2024-02-26,68.0,63.5,57.0,55.0,62.0,58.0,56.0,54.0,81.35,55.86700057983398
2024-02-27,68.0,63.5,57.0,55.0,62.0,58.0,56.0,54.0,,56.03099822998047
2024-02-28,68.0,63.5,57.0,55.0,62.0,58.0,56.0,54.0,,56.07199859619141
2024-02-29,68.0,63.5,57.0,55.0,62.0,58.0,56.0,54.0,,56.21099853515625
2024-03-01,68.0,63.5,57.0,55.0,62.0,58.0,56.0,54.0,,56.16500091552734
2024-03-02,68.0,63.5,57.0,55.0,62.0,58.0,56.0,54.0,,
2024-03-03,68.0,63.5,57.0,55.0,62.0,58.0,56.0,54.0,,
2024-03-04,68.0,63.5,57.0,55.0,62.0,58.0,56.0,54.0,80.15,56.0099983215332
2024-03-05,68.0,63.5,57.0,55.0,62.0,58.0,56.0,54.0,,55.96799850463867
2024-03-06,68.0,63.5,57.0,55.0,62.0,58.0,56.0,54.0,,55.93299865722656
2024-03-07,68.0,63.5,57.0,55.0,62.0,58.0,56.0,54.0,,55.80699920654297
2024-03-08,68.0,64.0,57.5,55.0,62.0,59.0,56.0,54.0,,55.70100021362305
2024-03-09,68.0,64.0,57.5,55.0,62.0,59.0,56.0,54.0,,
2024-03-10,68.0,64.0,57.5,55.0,62.0,59.0,56.0,54.0,,
2024-03-11,68.0,64.0,57.5,55.0,62.0,59.0,56.0,54.0,80.15,55.56999969482422
2024-03-12,68.0,64.0,57.5,55.0,62.0,59.0,56.0,54.0,,55.29499816894531
2024-03-13,68.0,64.0,57.5,55.0,62.0,59.0,56.0,54.0,,55.44300079345703
2024-03-14,68.0,64.0,57.5,55.0,62.0,59.0,56.0,54.0,,55.34700012207031
2024-03-15,68.0,64.0,58.0,56.0,64.0,60.0,57.0,55.0,,55.49399948120117
2024-03-16,68.0,64.0,58.0,56.0,64.0,60.0,57.0,55.0,,
2024-03-17,68.0,64.0,58.0,56.0,64.0,60.0,57.0,55.0,,
2024-03-18,68.0,64.0,58.0,56.0,64.0,60.0,57.0,55.0,80.15,55.57199859619141
2024-03-19,68.0,64.0,58.0,56.0,64.0,60.0,57.0,55.0,,55.65700149536133
2024-03-20,68.0,64.0,58.0,56.0,64.0,60.0,57.0,55.0,,55.84000015258789
2024-03-21,68.0,64.0,58.0,56.0,64.0,60.0,57.0,55.0,,56.0359992980957
2024-03-22,70.0,65.0,59.0,57.0,65.0,61.0,58.0,56.0,,55.95999908447266
2024-03-23,70.0,65.0,59.0,57.0,65.0,61.0,58.0,56.0,,
2024-03-24,70.0,65.0,59.0,57.0,65.0,61.0,58.0,56.0,,
2024-03-25,70.0,65.0,59.0,57.0,65.0,61.0,58.0,56.0,82.35,56.26200103759766
2024-03-26,70.0,65.0,59.0,57.0,65.0,61.0,58.0,56.0,,56.22999954223633
2024-03-27,70.0,65.0,59.0,57.0,65.0,61.0,58.0,56.0,,56.24200057983398
2024-03-28,70.0,65.0,59.0,57.0,65.0,61.0,58.0,56.0,,56.2599983215332
2024-03-29,70.0,66.0,60.0,58.0,65.0,62.0,59.0,56.0,,56.18000030517578
2024-03-30,70.0,66.0,60.0,58.0,65.0,62.0,59.0,56.0,,
2024-03-31,70.0,66.0,60.0,58.0,65.0,62.0,59.0,56.0,,
2024-04-01,70.0,66.0,60.0,58.0,65.0,62.0,59.0,56.0,58.8,56.15999984741211
2024-04-02,70.0,66.0,60.0,58.0,65.0,62.0,59.0,56.0,,56.20700073242188
2024-04-03,70.0,66.0,60.0,58.0,65.0,62.0,59.0,56.0,,56.30199813842773
2024-04-04,70.0,66.0,60.0,58.0,65.0,62.0,59.0,56.0,,56.34299850463867
2024-04-05,70.0,66.0,60.0,58.0,65.0,62.0,59.0,56.0,,56.6619987487793
2024-04-06,70.0,66.0,60.0,58.0,65.0,62.0,59.0,56.0,,
2024-04-07,70.0,66.0,60.0,58.0,65.0,62.0,59.0,56.0,,
2024-04-08,68.0,64.0,58.0,57.0,65.0,62.0,58.5,55.5,60.35,56.5
2024-04-09,68.0,64.0,58.0,57.0,65.0,62.0,58.5,55.5,,56.39500045776367
2024-04-10,68.0,64.0,58.0,57.0,65.0,62.0,58.5,55.5,,56.32300186157227
2024-04-11,68.0,64.0,58.0,57.0,65.0,62.0,58.5,55.5,,56.56399917602539
2024-04-12,68.0,64.0,58.0,57.0,65.0,62.0,58.5,55.5,,56.44900131225586
2024-04-13,68.0,64.0,58.0,57.0,65.0,62.0,58.5,55.5,,
2024-04-14,68.0,64.0,58.0,57.0,65.0,62.0,58.5,55.5,,
2024-04-15,65.0,60.0,56.0,54.0,60.0,56.0,54.0,52.0,61.3,56.60599899291992
2024-04-16,65.0,60.0,56.0,54.0,60.0,56.0,54.0,52.0,,56.88000106811523
2024-04-17,65.0,60.0,56.0,54.0,60.0,56.0,54.0,52.0,,57.11600112915039
2024-04-18,65.0,60.0,56.0,54.0,60.0,56.0,54.0,52.0,,57.20999908447266
2024-04-19,65.0,60.0,56.0,54.0,60.0,56.0,54.0,52.0,,57.20999908447266
2024-04-20,65.0,60.0,56.0,54.0,60.0,56.0,54.0,52.0,,
2024-04-21,65.0,60.0,56.0,54.0,60.0,56.0,54.0,52.0,,
2024-04-22,65.0,62.0,55.0,52.0,60.0,56.0,54.0,51.0,60.4,57.47600173950195
2024-04-23,65.0,62.0,55.0,52.0,60.0,56.0,54.0,51.0,,57.52299880981445
2024-04-24,65.0,62.0,55.0,52.0,60.0,56.0,54.0,51.0,,57.38999938964844
2024-04-25,65.0,62.0,55.0,52.0,60.0,56.0,54.0,51.0,,57.87099838256836
2024-04-26,65.0,62.0,55.0,52.0,60.0,56.0,54.0,51.0,,57.69800186157227
2024-04-27,65.0,62.0,55.0,52.0,60.0,56.0,54.0,51.0,,
2024-04-28,65.0,62.0,55.0,52.0,60.0,56.0,54.0,51.0,,
2024-04-29,65.0,62.0,54.5,51.0,60.0,56.0,53.0,51.0,59.55,57.70000076293945
2024-04-30,65.0,62.0,54.5,51.0,60.0,56.0,53.0,51.0,,57.64400100708008
2024-05-01,65.0,62.0,54.5,51.0,60.0,56.0,53.0,51.0,,57.8129997253418
2024-05-02,65.0,62.0,54.5,51.0,60.0,56.0,53.0,51.0,,57.59099960327148
2024-05-03,65.0,62.0,54.5,51.0,60.0,56.0,53.0,51.0,,57.43999862670898
2024-05-04,65.0,62.0,54.5,51.0,60.0,56.0,53.0,51.0,,
2024-05-05,65.0,62.0,54.5,51.0,60.0,56.0,53.0,51.0,,
2024-05-06,65.0,62.0,54.5,51.0,60.0,56.0,53.0,51.0,58.65,57.12900161743164
2024-05-07,65.0,62.0,54.5,51.0,60.0,56.0,53.0,51.0,,57.1619987487793
2024-05-08,66.0,63.0,55.0,52.0,62.0,58.0,54.0,52.0,,57.17499923706055
2024-05-09,66.0,63.0,55.0,52.0,62.0,58.0,54.0,52.0,,57.38800048828125
2024-05-10,66.0,63.0,55.0,52.0,62.0,58.0,54.0,52.0,,57.24700164794922
2024-05-11,66.0,63.0,55.0,52.0,62.0,58.0,54.0,52.0,,
2024-05-12,66.0,63.0,55.0,52.0,62.0,58.0,54.0,52.0,,
2024-05-13,66.0,63.0,55.0,52.0,62.0,58.0,54.0,52.0,56.65,57.45000076293945
2024-05-14,66.0,63.0,55.0,52.0,62.0,58.0,54.0,52.0,,57.82199859619141
2024-05-15,68.0,64.0,56.0,53.0,64.0,60.0,56.0,53.0,,57.70700073242188
2024-05-16,68.0,64.0,56.0,53.0,64.0,60.0,56.0,53.0,,57.36899948120117
2024-05-17,68.0,64.0,56.0,53.0,64.0,60.0,56.0,53.0,,57.37099838256836
2024-05-18,68.0,64.0,56.0,53.0,64.0,60.0,56.0,53.0,,
2024-05-19,68.0,64.0,56.0,53.0,64.0,60.0,56.0,53.0,,
2024-05-20,68.0,64.0,56.0,53.0,64.0,60.0,56.0,53.0,56.65,57.68000030517578
2024-05-21,68.0,64.0,56.0,53.0,64.0,60.0,56.0,53.0,,58.02999877929688
2024-05-22,69.0,64.5,57.0,54.0,65.0,61.0,56.5,54.0,,58.15200042724609
2024-05-23,69.0,64.5,57.0,54.0,65.0,61.0,56.5,54.0,,57.99800109863281
2024-05-24,69.0,64.5,57.0,54.0,65.0,61.0,56.5,54.0,,58.21500015258789
2024-05-25,69.0,64.5,57.0,54.0,65.0,61.0,56.5,54.0,,
2024-05-26,69.0,64.5,57.0,54.0,65.0,61.0,56.5,54.0,,
2024-05-27,69.0,64.5,57.0,54.0,65.0,61.0,56.5,54.0,57.05,58.18000030517578
2024-05-28,69.0,64.5,57.0,54.0,65.0,61.0,56.5,54.0,,58.08700180053711
2024-05-29,70.0,65.0,58.0,55.0,65.0,62.0,57.0,55.0,,57.88600158691406
2024-05-30,70.0,65.0,58.0,55.0,65.0,62.0,57.0,55.0,,58.43099975585938
2024-05-31,70.0,65.0,58.0,55.0,65.0,62.0,57.0,55.0,,58.43999862670898
2024-06-01,70.0,65.0,58.0,55.0,65.0,62.0,57.0,55.0,,
2024-06-02,70.0,65.0,58.0,55.0,65.0,62.0,57.0,55.0,,
2024-06-03,70.0,65.0,58.0,55.0,65.0,62.0,57.0,55.0,56.15,58.57500076293945
2024-06-04,70.0,65.0,58.0,55.0,65.0,62.0,57.0,55.0,,58.6150016784668
2024-06-05,70.0,65.0,58.0,55.0,65.0,62.0,57.0,55.0,,58.88399887084961
2024-06-06,70.0,65.0,58.0,55.0,65.0,62.0,57.0,55.0,,58.74700164794922
2024-06-07,70.0,65.0,58.0,55.0,65.0,62.0,57.0,55.0,,58.59999847412109
2024-06-08,68.0,64.0,57.0,54.0,65.0,62.0,56.5,54.5,,
2024-06-09,68.0,64.0,57.0,54.0,65.0,62.0,56.5,54.5,,
2024-06-10,68.0,64.0,57.0,54.0,65.0,62.0,56.5,54.5,55.55,58.69499969482422
2024-06-11,68.0,64.0,57.0,54.0,65.0,62.0,56.5,54.5,,58.81999969482422
2024-06-12,68.0,64.0,57.0,54.0,65.0,62.0,56.5,54.5,,58.75899887084961
2024-06-13,68.0,64.0,57.0,54.0,65.0,62.0,56.5,54.5,,58.27700042724609
2024-06-14,68.0,64.0,57.0,54.0,65.0,62.0,56.5,54.5,,58.67599868774414
2024-06-15,65.0,61.0,55.0,51.0,62.0,58.0,54.0,51.0,,
2024-06-16,65.0,61.0,55.0,51.0,62.0,58.0,54.0,51.0,,
2024-06-17,65.0,61.0,55.0,51.0,62.0,58.0,54.0,51.0,57.3,58.68999862670898
2024-06-18,65.0,61.0,55.0,51.0,62.0,58.0,54.0,51.0,,58.56700134277344
2024-06-19,65.0,61.0,55.0,51.0,62.0,58.0,54.0,51.0,,58.60499954223633
2024-06-20,65.0,61.0,55.0,51.0,62.0,58.0,54.0,51.0,,58.75500106811523
2024-06-21,65.0,61.0,55.0,51.0,62.0,58.0,54.0,51.0,,58.84799957275391
2024-06-22,64.0,60.0,54.0,50.0,60.0,56.0,53.0,50.0,,
2024-06-23,64.0,60.0,54.0,50.0,60.0,56.0,53.0,50.0,,
2024-06-24,64.0,60.0,54.0,50.0,60.0,56.0,53.0,50.0,59.05,58.86000061035156
2024-06-25,64.0,60.0,54.0,50.0,60.0,56.0,53.0,50.0,,58.68500137329102
2024-06-26,64.0,60.0,54.0,50.0,60.0,56.0,53.0,50.0,,58.74499893188477
2024-06-27,64.0,60.0,54.0,50.0,60.0,56.0,53.0,50.0,,58.93299865722656
2024-06-28,62.0,58.0,53.0,48.0,60.0,55.0,52.0,49.0,,58.60300064086914
2024-06-29,62.0,58.0,53.0,48.0,60.0,55.0,52.0,49.0,,
2024-06-30,62.0,58.0,53.0,48.0,60.0,55.0,52.0,49.0,,
2024-07-01,62.0,58.0,53.0,48.0,60.0,55.0,52.0,49.0,59.7,58.47999954223633
2024-07-02,62.0,58.0,53.0,48.0,60.0,55.0,52.0,49.0,,58.73899841308594
2024-07-03,62.0,58.0,53.0,48.0,60.0,55.0,52.0,49.0,,58.77700042724609
2024-07-04,62.0,58.0,53.0,48.0,60.0,55.0,52.0,49.0,,58.65000152587891
2024-07-05,62.0,58.0,53.0,48.0,60.0,55.0,52.0,49.0,,58.38899993896484
2024-07-06,62.0,58.0,53.0,48.0,60.0,55.0,52.0,49.0,,
2024-07-07,62.0,58.0,53.0,48.0,60.0,55.0,52.0,49.0,,
2024-07-08,62.0,57.0,52.0,48.0,58.0,54.0,51.0,48.0,61.3,58.5260009765625
2024-07-09,62.0,57.0,52.0,48.0,58.0,54.0,51.0,48.0,,58.46200180053711
2024-07-10,62.0,57.0,52.0,48.0,58.0,54.0,51.0,48.0,,58.48699951171875
2024-07-11,62.0,57.0,52.0,48.0,58.0,54.0,51.0,48.0,,58.18999862670898
2024-07-12,62.0,57.0,52.0,48.0,58.0,54.0,51.0,48.0,,58.15800094604492
2024-07-13,62.0,57.0,52.0,48.0,58.0,54.0,51.0,48.0,,
2024-07-14,62.0,57.0,52.0,48.0,58.0,54.0,51.0,48.0,,
2024-07-15,60.0,56.0,51.0,47.0,58.0,53.0,50.0,47.0,60.7,58.4010009765625
2024-07-16,60.0,56.0,51.0,47.0,58.0,53.0,50.0,47.0,,58.35100173950195
2024-07-17,60.0,56.0,51.0,47.0,58.0,53.0,50.0,47.0,,58.31700134277344
2024-07-18,60.0,56.0,51.0,47.0,58.0,53.0,50.0,47.0,,58.15000152587891
2024-07-19,60.0,56.0,51.0,47.0,58.0,53.0,50.0,47.0,,58.19100189208984
2024-07-20,60.0,56.0,51.0,47.0,58.0,53.0,50.0,47.0,,
2024-07-21,60.0,56.0,51.0,47.0,58.0,53.0,50.0,47.0,,
2024-07-22,60.0,55.0,50.0,46.5,57.0,52.0,49.0,46.5,60.3,58.33000183105469
2024-07-23,60.0,55.0,50.0,46.5,57.0,52.0,49.0,46.5,,58.40499877929688
2024-07-24,60.0,55.0,50.0,46.5,57.0,52.0,49.0,46.5,,58.45500183105469
2024-07-25,60.0,55.0,50.0,46.5,57.0,52.0,49.0,46.5,,58.49100112915039
2024-07-26,60.0,55.0,50.0,46.5,57.0,52.0,49.0,46.5,,58.50699996948242
2024-07-27,60.0,55.0,50.0,46.5,57.0,52.0,49.0,46.5,,
2024-07-28,60.0,55.0,50.0,46.5,57.0,52.0,49.0,46.5,,
2024-07-29,58.0,54.0,49.0,46.0,56.0,52.0,48.0,46.0,59.3,58.36000061035156
2024-07-30,58.0,54.0,49.0,46.0,56.0,52.0,48.0,46.0,,58.62200164794922
2024-07-31,58.0,54.0,49.0,46.0,56.0,52.0,48.0,46.0,,58.55500030517578
2024-08-01,58.0,54.0,49.0,46.0,56.0,52.0,48.0,46.0,,58.25
2024-08-02,58.0,54.0,49.0,46.0,56.0,52.0,48.0,46.0,,58.20800018310547
2024-08-03,58.0,54.0,49.0,46.0,56.0,52.0,48.0,46.0,,
2024-08-04,58.0,54.0,49.0,46.0,56.0,52.0,48.0,46.0,,
2024-08-05,58.0,54.0,49.0,46.0,56.0,52.0,48.0,46.0,59.4,57.93099975585938
2024-08-06,58.0,54.0,49.0,46.0,56.0,52.0,48.0,46.0,,57.66899871826172
2024-08-07,58.0,54.0,49.0,46.0,56.0,52.0,48.0,46.0,,57.68500137329102
2024-08-08,58.0,54.0,48.5,46.0,56.0,52.0,47.5,45.5,,57.48799896240234
2024-08-09,58.0,54.0,48.5,46.0,56.0,52.0,47.5,45.5,,57.13999938964844
2024-08-10,58.0,54.0,48.5,46.0,56.0,52.0,47.5,45.5,,
2024-08-11,58.0,54.0,48.5,46.0,56.0,52.0,47.5,45.5,,
2024-08-12,58.0,54.0,48.5,46.0,56.0,52.0,47.5,45.5,57.5,57.27500152587891
2024-08-13,58.0,54.0,48.5,46.0,56.0,52.0,47.5,45.5,,57.20600128173828
2024-08-14,58.0,54.0,48.5,46.0,56.0,52.0,47.5,45.5,,56.86100006103516
2024-08-15,56.0,52.0,48.0,45.5,55.0,50.0,46.0,45.0,,56.85200119018555
2024-08-16,56.0,52.0,48.0,45.5,55.0,50.0,46.0,45.0,,57.15499877929688
2024-08-17,56.0,52.0,48.0,45.5,55.0,50.0,46.0,45.0,,
2024-08-18,56.0,52.0,48.0,45.5,55.0,50.0,46.0,45.0,,
2024-08-19,56.0,52.0,48.0,45.5,55.0,50.0,46.0,45.0,57.5,57.08399963378906
2024-08-20,56.0,52.0,48.0,45.5,55.0,50.0,46.0,45.0,,56.64300155639648
2024-08-21,56.0,52.0,48.0,45.5,55.0,50.0,46.0,45.0,,56.24900054931641
2024-08-22,55.0,51.0,47.5,45.0,54.0,49.0,45.5,44.5,,56.11100006103516
2024-08-23,55.0,51.0,47.5,45.0,54.0,49.0,45.5,44.5,,56.47600173950195
2024-08-24,55.0,51.0,47.5,45.0,54.0,49.0,45.5,44.5,,
2024-08-25,55.0,51.0,47.5,45.0,54.0,49.0,45.5,44.5,,
2024-08-26,55.0,51.0,47.5,45.0,54.0,49.0,45.5,44.5,57.7,56.41500091552734
2024-08-27,55.0,51.0,47.5,45.0,54.0,49.0,45.5,44.5,,55.92499923706055
2024-08-28,54.0,50.0,47.0,45.0,54.0,49.0,45.0,44.0,,56.19100189208984
2024-08-29,54.0,50.0,47.0,45.0,54.0,49.0,45.0,44.0,,56.20399856567383
2024-08-30,54.0,50.0,47.0,45.0,54.0,49.0,45.0,44.0,,56.06999969482422
2024-08-31,54.0,50.0,47.0,45.0,54.0,49.0,45.0,44.0,,
2024-09-01,54.0,50.0,47.0,45.0,54.0,49.0,45.0,44.0,,
2024-09-02,54.0,50.0,47.0,45.0,54.0,49.0,45.0,44.0,57.85,56.22100067138672
2024-09-03,54.0,50.0,47.0,45.0,54.0,49.0,45.0,44.0,,56.45700073242188
2024-09-04,54.0,50.0,47.0,45.0,54.0,49.0,45.0,44.0,,56.41400146484375
2024-09-05,54.0,50.0,47.0,45.0,54.0,49.0,45.0,44.0,,56.39300155639648
2024-09-06,54.0,50.0,47.0,45.0,54.0,49.0,45.0,44.0,,55.89300155639648
2024-09-07,54.0,50.0,47.0,45.0,54.0,49.0,45.0,44.0,,
2024-09-08,53.0,49.5,46.5,44.5,53.0,48.5,44.5,43.5,,
2024-09-09,53.0,49.5,46.5,44.5,53.0,48.5,44.5,43.5,56.1,56.17499923706055
2024-09-10,53.0,49.5,46.5,44.5,53.0,48.5,44.5,43.5,,56.11199951171875
2024-09-11,53.0,49.5,46.5,44.5,53.0,48.5,44.5,43.5,,56.01900100708008
2024-09-12,53.0,49.5,46.5,44.5,53.0,48.5,44.5,43.5,,55.95000076293945
2024-09-13,53.0,49.5,46.5,44.5,53.0,48.5,44.5,43.5,,56.06000137329102
2024-09-14,53.0,49.5,46.5,44.5,53.0,48.5,44.5,43.5,,
2024-09-15,52.0,48.0,45.0,44.0,52.0,48.0,44.0,43.0,,
2024-09-16,52.0,48.0,45.0,44.0,52.0,48.0,44.0,43.0,55.1,56.0
2024-09-17,52.0,48.0,45.0,44.0,52.0,48.0,44.0,43.0,,55.68399810791016
2024-09-18,52.0,48.0,45.0,44.0,52.0,48.0,44.0,43.0,,55.72000122070312
2024-09-19,52.0,48.0,45.0,44.0,52.0,48.0,44.0,43.0,,55.65800094604492
2024-09-20,52.0,48.0,45.0,44.0,52.0,48.0,44.0,43.0,,55.44900131225586
2024-09-21,52.0,48.0,45.0,44.0,52.0,48.0,44.0,43.0,,
2024-09-22,51.0,47.5,44.5,43.5,51.0,47.5,43.5,42.5,,
2024-09-23,51.0,47.5,44.5,43.5,51.0,47.5,43.5,42.5,55.3,55.63000106811523
2024-09-24,51.0,47.5,44.5,43.5,51.0,47.5,43.5,42.5,,55.93899917602539
2024-09-25,51.0,47.5,44.5,43.5,51.0,47.5,43.5,42.5,,55.875
2024-09-26,51.0,47.5,44.5,43.5,51.0,47.5,43.5,42.5,,55.74399948120117
2024-09-27,51.0,47.5,44.5,43.5,51.0,47.5,43.5,42.5,,55.72000122070312
2024-09-28,50.0,47.0,44.0,43.0,50.0,47.0,43.0,42.0,,
2024-09-29,50.0,47.0,44.0,43.0,50.0,47.0,43.0,42.0,,
2024-09-30,50.0,47.0,44.0,43.0,50.0,47.0,43.0,42.0,56.2,56.04999923706055
2024-10-01,50.0,47.0,44.0,43.0,50.0,47.0,43.0,42.0,,56.15900039672852
2024-10-02,50.0,47.0,44.0,43.0,50.0,47.0,43.0,42.0,,56.27500152587891
2024-10-03,50.0,47.0,44.0,43.0,50.0,47.0,43.0,42.0,,56.24499893188477
2024-10-04,50.0,47.0,44.0,43.0,50.0,47.0,43.0,42.0,,56.23199844360352
2024-10-05,50.0,47.0,44.0,43.0,50.0,47.0,43.0,42.0,,
2024-10-06,50.0,47.0,44.0,43.0,50.0,47.0,43.0,42.0,,
2024-10-07,50.0,47.0,44.0,43.0,50.0,47.0,43.0,42.0,56.9,56.31499862670898
2024-10-08,49.0,46.5,43.5,42.5,50.0,47.0,42.5,41.5,,56.79100036621094
2024-10-09,49.0,46.5,43.5,42.5,50.0,47.0,42.5,41.5,,56.83100128173828
2024-10-10,49.0,46.5,43.5,42.5,50.0,47.0,42.5,41.5,,57.07400131225586
2024-10-11,49.0,46.5,43.5,42.5,50.0,47.0,42.5,41.5,,57.33599853515625
2024-10-12,49.0,46.5,43.5,42.5,50.0,47.0,42.5,41.5,,
2024-10-13,49.0,46.5,43.5,42.5,50.0,47.0,42.5,41.5,,
2024-10-14,49.0,46.5,43.5,42.5,50.0,47.0,42.5,41.5,59.6,57.22200012207031
2024-10-15,48.0,46.0,43.0,42.0,48.0,46.0,42.0,41.0,,57.4119987487793
2024-10-16,48.0,46.0,43.0,42.0,48.0,46.0,42.0,41.0,,57.69100189208984
2024-10-17,48.0,46.0,43.0,42.0,48.0,46.0,42.0,41.0,,57.78200149536133
2024-10-18,48.0,46.0,43.0,42.0,48.0,46.0,42.0,41.0,,57.68999862670898
2024-10-19,48.0,46.0,43.0,42.0,48.0,46.0,42.0,41.0,,
2024-10-20,48.0,46.0,43.0,42.0,48.0,46.0,42.0,41.0,,
2024-10-21,48.0,46.0,43.0,42.0,48.0,46.0,42.0,41.0,59.1,57.5099983215332
2024-10-22,48.0,46.0,43.0,42.0,48.0,46.0,42.0,41.0,,57.625
2024-10-23,48.0,46.0,43.0,42.0,48.0,46.0,42.0,41.0,,57.72600173950195
2024-10-24,48.0,46.0,43.0,42.0,48.0,46.0,42.0,41.0,,58.06000137329102
2024-10-25,48.0,46.0,43.0,42.0,48.0,46.0,42.0,41.0,,57.89199829101562
2024-10-26,48.0,46.0,43.0,42.0,48.0,46.0,42.0,41.0,,
2024-10-27,48.0,46.0,43.0,42.0,48.0,46.0,42.0,41.0,,
2024-10-28,50.0,47.0,44.0,43.0,50.0,46.5,43.0,42.0,59.1,58.55500030517578
2024-10-29,50.0,47.0,44.0,43.0,50.0,46.5,43.0,42.0,,58.15399932861328
2024-10-30,50.0,47.0,44.0,43.0,50.0,46.5,43.0,42.0,,58.15999984741211
2024-10-31,50.0,47.0,44.0,43.0,50.0,46.5,43.0,42.0,,58.16699981689453
2024-11-01,50.0,47.0,44.0,43.0,50.0,46.5,43.0,42.0,,58.21500015258789
2024-11-02,50.0,47.0,44.0,43.0,50.0,46.5,43.0,42.0,,
2024-11-03,50.0,47.0,44.0,43.0,50.0,46.5,43.0,42.0,,
2024-11-04,50.0,47.0,44.0,43.0,50.0,46.5,43.0,42.0,58.6,58.27999877929688
2024-11-05,50.0,47.0,44.0,43.0,50.0,46.5,43.0,42.0,,58.38999938964844
2024-11-06,50.0,47.0,44.0,43.0,50.0,46.5,43.0,42.0,,58.31800079345703
2024-11-07,50.0,47.0,44.0,43.0,50.0,46.5,43.0,42.0,,58.77399826049805
2024-11-08,51.0,48.0,45.0,44.0,51.0,47.0,43.5,42.5,,58.18600082397461
2024-11-09,51.0,48.0,45.0,44.0,51.0,47.0,43.5,42.5,,
2024-11-10,51.0,48.0,45.0,44.0,51.0,47.0,43.5,42.5,,
2024-11-11,51.0,48.0,45.0,44.0,51.0,47.0,43.5,42.5,60.7,58.32699966430664
2024-11-12,51.0,48.0,45.0,44.0,51.0,47.0,43.5,42.5,,58.61999893188477
2024-11-13,51.0,48.0,45.0,44.0,51.0,47.0,43.5,42.5,,58.78099822998047
2024-11-14,51.0,48.0,45.0,44.0,51.0,47.0,43.5,42.5,,58.63999938964844
2024-11-15,52.0,49.0,46.0,45.0,52.0,48.0,44.0,43.0,,58.80199813842773
2024-11-16,52.0,49.0,46.0,45.0,52.0,48.0,44.0,43.0,,
2024-11-17,52.0,49.0,46.0,45.0,52.0,48.0,44.0,43.0,,
2024-11-18,52.0,49.0,46.0,45.0,52.0,48.0,44.0,43.0,59.95,58.59400177001953
2024-11-19,52.0,49.0,46.0,45.0,52.0,48.0,44.0,43.0,,58.54000091552734
2024-11-20,52.0,49.0,46.0,45.0,52.0,48.0,44.0,43.0,,58.84299850463867
2024-11-21,52.0,49.0,46.0,45.0,52.0,48.0,44.0,43.0,,58.98099899291992
2024-11-22,53.0,50.0,47.0,45.5,52.0,48.5,44.5,43.5,,58.86199951171875
2024-11-23,53.0,50.0,47.0,45.5,52.0,48.5,44.5,43.5,,
2024-11-24,53.0,50.0,47.0,45.5,52.0,48.5,44.5,43.5,,
2024-11-25,53.0,50.0,47.0,45.5,52.0,48.5,44.5,43.5,58.95,58.81000137329102
2024-11-26,53.0,50.0,47.0,45.5,52.0,48.5,44.5,43.5,,58.94100189208984
2024-11-27,53.0,50.0,47.0,45.5,52.0,48.5,44.5,43.5,,58.94400024414062
2024-11-28,54.0,50.5,47.5,46.0,53.0,49.0,45.0,44.0,,58.66799926757812
2024-11-29,54.0,50.5,47.5,46.0,53.0,49.0,45.0,44.0,,58.65900039672852
2024-11-30,54.0,50.5,47.5,46.0,53.0,49.0,45.0,44.0,,
2024-12-01,54.0,50.5,47.5,46.0,53.0,49.0,45.0,44.0,,
2024-12-02,54.0,50.5,47.5,46.0,53.0,49.0,45.0,44.0,59.55,58.55699920654297
2024-12-03,54.0,50.5,47.5,46.0,53.0,49.0,45.0,44.0,,58.5989990234375
2024-12-04,54.0,50.5,47.5,46.0,53.0,49.0,45.0,44.0,,58.31499862670898
2024-12-05,54.0,50.5,47.5,46.0,53.0,49.0,45.0,44.0,,58.16899871826172
2024-12-06,54.0,50.5,47.5,46.0,53.0,49.0,45.0,44.0,,57.65800094604492
2024-12-07,54.0,50.5,47.5,46.0,53.0,49.0,45.0,44.0,,
2024-12-08,55.0,51.5,48.5,46.5,54.0,50.0,46.0,45.0,,
2024-12-09,55.0,51.5,48.5,46.5,54.0,50.0,46.0,45.0,58.35,57.8650016784668
2024-12-10,55.0,51.5,48.5,46.5,54.0,50.0,46.0,45.0,,58.05500030517578
2024-12-11,55.0,51.5,48.5,46.5,54.0,50.0,46.0,45.0,,58.05199813842773
2024-12-12,55.0,51.5,48.5,46.5,54.0,50.0,46.0,45.0,,58.3849983215332
2024-12-13,55.0,51.5,48.5,46.5,54.0,50.0,46.0,45.0,,58.27199935913086
2024-12-14,55.0,51.5,48.5,46.5,54.0,50.0,46.0,45.0,,
2024-12-15,56.0,53.0,49.5,47.5,55.0,51.0,47.0,46.0,,
2024-12-16,56.0,53.0,49.5,47.5,55.0,51.0,47.0,46.0,58.2,58.55199813842773
2024-12-17,56.0,53.0,49.5,47.5,55.0,51.0,47.0,46.0,,58.59999847412109
2024-12-18,56.0,53.0,49.5,47.5,55.0,51.0,47.0,46.0,,58.91500091552734
2024-12-19,56.0,53.0,49.5,47.5,55.0,51.0,47.0,46.0,,59.37599945068359
2024-12-20,56.0,53.0,49.5,47.5,55.0,51.0,47.0,46.0,,58.83399963378906
2024-12-21,56.0,53.0,49.5,47.5,55.0,51.0,47.0,46.0,,
2024-12-22,58.0,54.0,51.0,48.5,56.0,52.0,48.0,47.0,,
2024-12-23,58.0,54.0,51.0,48.5,56.0,52.0,48.0,47.0,58.8,58.72999954223633
2024-12-24,58.0,54.0,51.0,48.5,56.0,52.0,48.0,47.0,,58.45299911499023
2024-12-25,58.0,54.0,51.0,48.5,56.0,52.0,48.0,47.0,,57.10200119018555
2024-12-26,58.0,54.0,51.0,48.5,56.0,52.0,48.0,47.0,,58.0
2024-12-27,58.0,54.0,51.0,48.5,56.0,52.0,48.0,47.0,,57.96799850463867
2024-12-28,60.0,55.0,52.0,49.5,57.0,53.0,49.0,48.0,,
2024-12-29,60.0,55.0,52.0,49.5,57.0,53.0,49.0,48.0,,
2024-12-30,60.0,55.0,52.0,49.5,57.0,53.0,49.0,48.0,58.8,57.90800094604492
2024-12-31,60.0,55.0,52.0,49.5,57.0,53.0,49.0,48.0,,58.02999877929688
2025-01-01,60.0,55.0,52.0,49.5,57.0,53.0,49.0,48.0,,
2025-01-02,60.0,55.0,52.0,49.5,57.0,53.0,49.0,48.0,,57.21599960327148
2025-01-03,60.0,55.0,52.0,49.5,57.0,53.0,49.0,48.0,,58.06900024414062
2025-01-04,60.0,55.0,52.0,49.5,57.0,53.0,49.0,48.0,,
2025-01-05,60.0,55.0,52.0,49.5,57.0,53.0,49.0,48.0,,
2025-01-06,60.0,55.0,52.0,49.5,57.0,53.0,49.0,48.0,58.8,58.14699935913086
2025-01-07,60.0,55.0,52.0,49.5,57.0,53.0,49.0,48.0,,57.92699813842773
2025-01-08,58.0,54.0,51.0,48.5,56.0,52.0,48.0,47.0,,58.08599853515625
2025-01-09,58.0,54.0,51.0,48.5,56.0,52.0,48.0,47.0,,58.65200042724609
2025-01-10,58.0,54.0,51.0,48.5,56.0,52.0,48.0,47.0,,58.20999908447266
2025-01-11,58.0,54.0,51.0,48.5,56.0,52.0,48.0,47.0,,
2025-01-12,58.0,54.0,51.0,48.5,56.0,52.0,48.0,47.0,,
2025-01-13,58.0,54.0,51.0,48.5,56.0,52.0,48.0,47.0,59.35,58.65900039672852
2025-01-14,58.0,54.0,51.0,48.5,56.0,52.0,48.0,47.0,,58.5620002746582
2025-01-15,56.0,52.0,49.0,47.0,55.0,50.0,46.5,45.0,,58.54800033569336
2025-01-16,56.0,52.0,49.0,47.0,55.0,50.0,46.5,45.0,,58.3120002746582
2025-01-17,56.0,52.0,49.0,47.0,55.0,50.0,46.5,45.0,,58.50699996948242
2025-01-18,56.0,52.0,49.0,47.0,55.0,50.0,46.5,45.0,,
2025-01-19,56.0,52.0,49.0,47.0,55.0,50.0,46.5,45.0,,
2025-01-20,56.0,52.0,49.0,47.0,55.0,50.0,46.5,45.0,58.9,58.38399887084961
2025-01-21,56.0,52.0,49.0,47.0,55.0,50.0,46.5,45.0,,58.15000152587891
2025-01-22,55.0,50.5,48.0,46.0,54.0,49.0,45.0,44.0,,58.34999847412109
2025-01-23,55.0,50.5,48.0,46.0,54.0,49.0,45.0,44.0,,58.31999969482422
2025-01-24,55.0,50.5,48.0,46.0,54.0,49.0,45.0,44.0,,58.32400131225586
2025-01-25,55.0,50.5,48.0,46.0,54.0,49.0,45.0,44.0,,
2025-01-26,55.0,50.5,48.0,46.0,54.0,49.0,45.0,44.0,,
2025-01-27,55.0,50.5,48.0,46.0,54.0,49.0,45.0,44.0,58.9,58.16500091552734
2025-01-28,54.0,50.0,47.0,45.0,53.0,48.0,44.0,42.0,,58.4010009765625
2025-01-29,54.0,50.0,47.0,45.0,53.0,48.0,44.0,42.0,,57.99900054931641
2025-01-30,54.0,50.0,47.0,45.0,53.0,48.0,44.0,42.0,,58.42499923706055
2025-01-31,54.0,50.0,47.0,45.0,53.0,48.0,44.0,42.0,,58.33000183105469
2025-02-01,54.0,50.0,47.0,45.0,53.0,48.0,44.0,42.0,,
2025-02-02,54.0,50.0,47.0,45.0,53.0,48.0,44.0,42.0,,
2025-02-03,54.0,50.0,47.0,45.0,53.0,48.0,44.0,42.0,59.8,58.4109992980957
2025-02-04,54.0,50.0,47.0,45.0,53.0,48.0,44.0,42.0,,58.56000137329102
2025-02-05,54.0,50.0,47.0,45.0,53.0,48.0,44.0,42.0,,57.95000076293945
2025-02-06,54.0,50.0,47.0,45.0,53.0,48.0,44.0,42.0,,57.71500015258789
2025-02-07,54.0,50.0,47.0,45.0,53.0,48.0,44.0,42.0,,57.91500091552734
2025-02-08,53.0,49.5,46.5,44.5,52.0,47.5,43.5,41.5,,
2025-02-09,53.0,49.5,46.5,44.5,52.0,47.5,43.5,41.5,,
2025-02-10,53.0,49.5,46.5,44.5,52.0,47.5,43.5,41.5,61.3,57.2859992980957
2025-02-11,53.0,49.5,46.5,44.5,52.0,47.5,43.5,41.5,,57.81999969482422
2025-02-12,53.0,49.5,46.5,44.5,52.0,47.5,43.5,41.5,,58.02500152587891
2025-02-13,53.0,49.5,46.5,44.5,52.0,47.5,43.5,41.5,,57.86000061035156
2025-02-14,53.0,49.5,46.5,44.5,52.0,47.5,43.5,41.5,,57.80500030517578
2025-02-15,52.0,49.0,46.0,44.0,51.0,47.0,43.0,41.0,,
2025-02-16,52.0,49.0,46.0,44.0,51.0,47.0,43.0,41.0,,
2025-02-17,52.0,49.0,46.0,44.0,51.0,47.0,43.0,41.0,62.4,57.59500122070312
2025-02-18,52.0,49.0,46.0,44.0,51.0,47.0,43.0,41.0,,57.83000183105469
2025-02-19,52.0,49.0,46.0,44.0,51.0,47.0,43.0,41.0,,58.15999984741211
2025-02-20,52.0,49.0,46.0,44.0,51.0,47.0,43.0,41.0,,58.1150016784668
2025-02-21,52.0,49.0,46.0,44.0,51.0,47.0,43.0,41.0,,57.77500152587891
2025-02-22,51.0,48.5,45.5,43.5,50.0,46.5,42.5,40.5,,
2025-02-23,51.0,48.5,45.5,43.5,50.0,46.5,42.5,40.5,,
2025-02-24,51.0,48.5,45.5,43.5,50.0,46.5,42.5,40.5,62.4,57.64400100708008
2025-02-25,51.0,48.5,45.5,43.5,50.0,46.5,42.5,40.5,,57.88600158691406
2025-02-26,51.0,48.5,45.5,43.5,50.0,46.5,42.5,40.5,,57.76499938964844
2025-02-27,51.0,48.5,45.5,43.5,50.0,46.5,42.5,40.5,,57.79000091552734
2025-02-28,50.0,48.0,45.0,43.0,50.0,46.0,42.0,40.0,,57.97499847412109
2025-03-01,50.0,48.0,45.0,43.0,50.0,46.0,42.0,40.0,,
2025-03-02,50.0,48.0,45.0,43.0,50.0,46.0,42.0,40.0,,
2025-03-03,50.0,48.0,45.0,43.0,50.0,46.0,42.0,40.0,61.2,57.84000015258789
2025-03-04,50.0,48.0,45.0,43.0,50.0,46.0,42.0,40.0,,57.67800140380859
2025-03-05,50.0,48.0,45.0,43.0,50.0,46.0,42.0,40.0,,57.61100006103516
2025-03-06,50.0,48.0,45.0,43.0,50.0,46.0,42.0,40.0,,57.27399826049805
2025-03-07,50.0,48.0,45.0,43.0,50.0,46.0,42.0,40.0,,57.18600082397461
2025-03-08,49.0,47.5,44.5,42.5,49.0,45.5,41.5,39.5,,
2025-03-09,49.0,47.5,44.5,42.5,49.0,45.5,41.5,39.5,,
2025-03-10,49.0,47.5,44.5,42.5,49.0,45.5,41.5,39.5,60.1,57.10499954223633
2025-03-11,49.0,47.5,44.5,42.5,49.0,45.5,41.5,39.5,,57.43399810791016
2025-03-12,49.0,47.5,44.5,42.5,49.0,45.5,41.5,39.5,,57.05500030517578
2025-03-13,49.0,47.5,44.5,42.5,49.0,45.5,41.5,39.5,,57.29000091552734
2025-03-14,49.0,47.5,44.5,42.5,49.0,45.5,41.5,39.5,,57.24499893188477
2025-03-15,48.0,47.0,44.0,42.0,48.0,45.0,41.0,39.0,,
2025-03-16,48.0,47.0,44.0,42.0,48.0,45.0,41.0,39.0,,
2025-03-17,48.0,47.0,44.0,42.0,48.0,45.0,41.0,39.0,59.6,57.22299957275391
2025-03-18,48.0,47.0,44.0,42.0,48.0,45.0,41.0,39.0,,57.20500183105469
2025-03-19,48.0,47.0,44.0,42.0,48.0,45.0,41.0,39.0,,57.16500091552734
2025-03-20,48.0,47.0,44.0,42.0,48.0,45.0,41.0,39.0,,56.93399810791016
2025-03-21,48.0,47.0,44.0,42.0,48.0,45.0,41.0,39.0,,57.11000061035156
2025-03-22,48.0,46.5,43.5,41.5,48.0,44.5,40.5,38.5,,
2025-03-23,48.0,46.5,43.5,41.5,48.0,44.5,40.5,38.5,,
2025-03-24,48.0,46.5,43.5,41.5,48.0,44.5,40.5,38.5,59.6,57.3120002746582
2025-03-25,48.0,46.5,43.5,41.5,48.0,44.5,40.5,38.5,,57.19499969482422
2025-03-26,48.0,46.5,43.5,41.5,48.0,44.5,40.5,38.5,,57.47499847412109
2025-03-27,48.0,46.5,43.5,41.5,48.0,44.5,40.5,38.5,,57.72000122070312
2025-03-28,48.0,46.5,43.5,41.5,48.0,44.5,40.5,38.5,,57.27999877929688
2025-03-29,47.0,46.0,43.0,41.0,47.0,44.0,40.0,38.0,,
2025-03-30,47.0,46.0,43.0,41.0,47.0,44.0,40.0,38.0,,
2025-03-31,47.0,46.0,43.0,41.0,47.0,44.0,40.0,38.0,60.7,57.36999893188477
2025-04-01,47.0,46.0,43.0,41.0,47.0,44.0,40.0,38.0,,57.1150016784668
2025-04-02,47.0,46.0,43.0,41.0,47.0,44.0,40.0,38.0,,57.13999938964844
2025-04-03,47.0,46.0,43.0,41.0,47.0,44.0,40.0,38.0,,57.06499862670898
2025-04-04,47.0,46.0,43.0,41.0,47.0,44.0,40.0,38.0,,56.91500091552734
2025-04-05,47.0,46.0,43.0,41.0,47.0,44.0,40.0,38.0,,
2025-04-06,47.0,46.0,43.0,41.0,47.0,44.0,40.0,38.0,,
2025-04-07,47.0,46.0,43.0,41.0,47.0,44.0,40.0,38.0,60.7,57.28499984741211
2025-04-08,46.5,45.5,42.5,40.5,46.0,43.0,39.5,37.5,,57.29000091552734
2025-04-09,46.5,45.5,42.5,40.5,46.0,43.0,39.5,37.5,,57.49499893188477
2025-04-10,46.5,45.5,42.5,40.5,46.0,43.0,39.5,37.5,,57.02999877929688
2025-04-11,46.5,45.5,42.5,40.5,46.0,43.0,39.5,37.5,,57.19499969482422
2025-04-12,46.5,45.5,42.5,40.5,46.0,43.0,39.5,37.5,,
2025-04-13,46.5,45.5,42.5,40.5,46.0,43.0,39.5,37.5,,
2025-04-14,46.5,45.5,42.5,40.5,46.0,43.0,39.5,37.5,61.85,57.23199844360352
2025-04-15,46.0,45.0,42.0,40.0,45.0,42.0,39.0,37.0,,57.04499816894531
2025-04-16,46.0,45.0,42.0,40.0,45.0,42.0,39.0,37.0,,56.61999893188477
2025-04-17,46.0,45.0,42.0,40.0,45.0,42.0,39.0,37.0,,56.54499816894531
2025-04-18,46.0,45.0,42.0,40.0,45.0,42.0,39.0,37.0,,
2025-04-19,46.0,45.0,42.0,40.0,45.0,42.0,39.0,37.0,,
2025-04-20,46.0,45.0,42.0,40.0,45.0,42.0,39.0,37.0,,
2025-04-21,46.0,45.0,42.0,40.0,45.0,42.0,39.0,37.0,61.25,
2025-04-22,45.5,44.5,41.5,39.5,45.0,42.0,38.5,36.5,,56.47600173950195
2025-04-23,45.5,44.5,41.5,39.5,45.0,42.0,38.5,36.5,,56.52500152587891
2025-04-24,45.5,44.5,41.5,39.5,45.0,42.0,38.5,36.5,,56.43999862670898
2025-04-25,45.5,44.5,41.5,39.5,45.0,42.0,38.5,36.5,,56.34000015258789
2025-04-26,45.5,44.5,41.5,39.5,45.0,42.0,38.5,36.5,,
2025-04-27,45.5,44.5,41.5,39.5,45.0,42.0,38.5,36.5,,
2025-04-28,45.0,44.0,41.0,39.0,44.0,41.0,38.0,36.0,60.85,56.18000030517578
2025-04-29,45.0,44.0,41.0,39.0,44.0,41.0,38.0,36.0,,56.31999969482422
2025-04-30,45.0,44.0,41.0,39.0,44.0,41.0,38.0,36.0,,55.97499847412109
2025-05-01,45.0,44.0,41.0,39.0,44.0,41.0,38.0,36.0,,55.77000045776367
2025-05-02,45.0,44.0,41.0,39.0,44.0,41.0,38.0,36.0,,55.87799835205078
2025-05-03,45.0,44.0,41.0,39.0,44.0,41.0,38.0,36.0,,
2025-05-04,45.0,44.0,41.0,39.0,44.0,41.0,38.0,36.0,,
2025-05-05,45.0,44.0,41.0,39.0,44.0,41.0,38.0,36.0,60.85,55.62799835205078
2025-05-06,45.0,44.0,41.0,39.0,44.0,41.0,38.0,36.0,,55.56499862670898
2025-05-07,45.0,44.0,41.0,39.0,44.0,41.0,38.0,36.0,,55.40999984741211
2025-05-08,45.0,43.5,40.5,38.5,44.0,40.5,37.5,35.5,,55.45000076293945
2025-05-09,45.0,43.5,40.5,38.5,44.0,40.5,37.5,35.5,,55.40299987792969
2025-05-10,45.0,43.5,40.5,38.5,44.0,40.5,37.5,35.5,,
2025-05-11,45.0,43.5,40.5,38.5,44.0,40.5,37.5,35.5,,
2025-05-12,45.0,43.5,40.5,38.5,44.0,40.5,37.5,35.5,62.15,55.36899948120117
2025-05-13,45.0,43.5,40.5,38.5,44.0,40.5,37.5,35.5,,55.69400024414062
2025-05-14,45.0,43.5,40.5,38.5,44.0,40.5,37.5,35.5,,55.72499847412109
2025-05-15,44.0,43.0,40.0,38.0,43.0,40.0,37.0,35.0,,55.79499816894531
2025-05-16,44.0,43.0,40.0,38.0,43.0,40.0,37.0,35.0,,55.6349983215332
2025-05-17,44.0,43.0,40.0,38.0,43.0,40.0,37.0,35.0,,
2025-05-18,44.0,43.0,40.0,38.0,43.0,40.0,37.0,35.0,,
2025-05-19,44.0,43.0,40.0,38.0,43.0,40.0,37.0,35.0,62.85,55.79399871826172
2025-05-20,44.0,43.0,40.0,38.0,43.0,40.0,37.0,35.0,,55.78099822998047
2025-05-21,44.0,43.0,40.0,38.0,43.0,40.0,37.0,35.0,,55.50500106811523
2025-05-22,44.0,43.0,39.5,37.5,43.0,40.0,37.0,34.5,,55.49499893188477
2025-05-23,44.0,43.0,39.5,37.5,43.0,40.0,37.0,34.5,,55.56999969482422
2025-05-24,44.0,43.0,39.5,37.5,43.0,40.0,37.0,34.5,,
2025-05-25,44.0,43.0,39.5,37.5,43.0,40.0,37.0,34.5,,
2025-05-26,44.0,43.0,39.5,37.5,43.0,40.0,37.0,34.5,61.95,55.37900161743164
2025-05-27,44.0,43.0,39.5,37.5,43.0,40.0,37.0,34.5,,55.27999877929688
2025-05-28,43.0,42.0,39.0,37.0,42.0,39.0,36.5,34.0,,55.47499847412109
2025-05-29,43.0,42.0,39.0,37.0,42.0,39.0,36.5,34.0,,55.42499923706055
2025-05-30,43.0,42.0,39.0,37.0,42.0,39.0,36.5,34.0,,55.5989990234375
2025-05-31,43.0,42.0,39.0,37.0,42.0,39.0,36.5,34.0,,
2025-06-01,43.0,42.0,39.0,37.0,42.0,39.0,36.5,34.0,,
2025-06-02,43.0,42.0,39.0,37.0,42.0,39.0,36.5,34.0,61.95,55.79100036621094
2025-06-03,43.0,42.0,39.0,37.0,42.0,39.0,36.5,34.0,,55.55500030517578
2025-06-04,43.0,42.0,39.0,37.0,42.0,39.0,36.5,34.0,,55.61999893188477
2025-06-05,43.0,42.0,39.0,37.0,42.0,39.0,36.5,34.0,,55.61999893188477
2025-06-06,43.0,42.0,39.0,37.0,42.0,39.0,36.5,34.0,,55.54999923706055
2025-06-07,43.0,42.0,39.0,37.0,42.0,39.0,36.5,34.0,,
2025-06-08,42.5,41.5,38.5,36.5,41.5,38.5,36.0,33.5,,
2025-06-09,42.5,41.5,38.5,36.5,41.5,38.5,36.0,33.5,63.2,55.61000061035156
2025-06-10,42.5,41.5,38.5,36.5,41.5,38.5,36.0,33.5,,55.54299926757812
2025-06-11,42.5,41.5,38.5,36.5,41.5,38.5,36.0,33.5,,55.77000045776367
2025-06-12,42.5,41.5,38.5,36.5,41.5,38.5,36.0,33.5,,55.75400161743164
2025-06-13,42.5,41.5,38.5,36.5,41.5,38.5,36.0,33.5,,54.19400024414062
2025-06-14,42.5,41.5,38.5,36.5,41.5,38.5,36.0,33.5,,
2025-06-15,42.0,41.0,38.0,36.0,41.0,38.0,35.5,33.0,,
2025-06-16,42.0,41.0,38.0,36.0,41.0,38.0,35.5,33.0,64.95,56.50400161743164
2025-06-17,42.0,41.0,38.0,36.0,41.0,38.0,35.5,33.0,,56.38000106811523
2025-06-18,42.0,41.0,38.0,36.0,41.0,38.0,35.5,33.0,,56.08700180053711
2025-06-19,42.0,41.0,38.0,36.0,41.0,38.0,35.5,33.0,,56.67599868774414
2025-06-20,42.0,41.0,38.0,36.0,41.0,38.0,35.5,33.0,,56.62099838256836
2025-06-21,42.0,41.0,38.0,36.0,41.0,38.0,35.5,33.0,,
2025-06-22,41.5,40.5,37.5,35.5,40.5,37.5,35.0,32.5,,
2025-06-23,41.5,40.5,37.5,35.5,40.5,37.5,35.0,32.5,64.95,57.20899963378906
2025-06-24,41.5,40.5,37.5,35.5,40.5,37.5,35.0,32.5,,56.96799850463867
2025-06-25,41.5,40.5,37.5,35.5,40.5,37.5,35.0,32.5,,56.11399841308594
2025-06-26,41.5,40.5,37.5,35.5,40.5,37.5,35.0,32.5,,56.36999893188477
2025-06-27,41.5,40.5,37.5,35.5,40.5,37.5,35.0,32.5,,56.29000091552734
2025-06-28,41.0,40.0,37.0,35.0,40.0,37.0,34.0,32.0,,
2025-06-29,41.0,40.0,37.0,35.0,40.0,37.0,34.0,32.0,,
2025-06-30,41.0,40.0,37.0,35.0,40.0,37.0,34.0,32.0,63.55,56.54899978637695
2025-07-01,41.0,40.0,37.0,35.0,40.0,37.0,34.0,32.0,,55.47000122070312
2025-07-02,41.0,40.0,37.0,35.0,40.0,37.0,34.0,32.0,,55.66600036621094
2025-07-03,41.0,40.0,37.0,35.0,40.0,37.0,34.0,32.0,,56.09000015258789
2025-07-04,41.0,40.0,37.0,35.0,40.0,37.0,34.0,32.0,,56.21200180053711
2025-07-05,41.0,40.0,37.0,35.0,40.0,37.0,34.0,32.0,,
2025-07-06,41.0,40.0,37.0,35.0,40.0,37.0,34.0,32.0,,
2025-07-07,41.0,40.0,37.0,35.0,40.0,37.0,34.0,32.0,63.55,56.45800018310547
2025-07-08,42.0,41.0,38.0,36.0,41.0,38.0,35.0,33.0,,56.5
2025-07-09,42.0,41.0,38.0,36.0,41.0,38.0,35.0,33.0,,56.27500152587891
2025-07-10,42.0,41.0,38.0,36.0,41.0,38.0,35.0,33.0,,56.49499893188477
2025-07-11,42.0,41.0,38.0,36.0,41.0,38.0,35.0,33.0,,56.40999984741211
2025-07-12,42.0,41.0,38.0,36.0,41.0,38.0,35.0,33.0,,
2025-07-13,42.0,41.0,38.0,36.0,41.0,38.0,35.0,33.0,,
2025-07-14,42.0,41.0,38.0,36.0,41.0,38.0,35.0,33.0,65.65,56.47200012207031
2025-07-15,43.0,42.0,39.0,37.0,42.0,39.0,36.0,34.0,,56.65900039672852
2025-07-16,43.0,42.0,39.0,37.0,42.0,39.0,36.0,34.0,,56.73500061035156
2025-07-17,43.0,42.0,39.0,37.0,42.0,39.0,36.0,34.0,,56.05199813842773
2025-07-18,43.0,42.0,39.0,37.0,42.0,39.0,36.0,34.0,,57.22499847412109
2025-07-19,43.0,42.0,39.0,37.0,42.0,39.0,36.0,34.0,,
2025-07-20,43.0,42.0,39.0,37.0,42.0,39.0,36.0,34.0,,
2025-07-21,43.0,42.0,39.0,37.0,42.0,39.0,36.0,34.0,66.75,57.00699996948242
2025-07-22,44.0,43.0,40.0,38.0,43.0,40.0,37.0,35.0,,56.97499847412109
2025-07-23,44.0,43.0,40.0,38.0,43.0,40.0,37.0,35.0,,56.77500152587891
2025-07-24,44.0,43.0,40.0,38.0,43.0,40.0,37.0,35.0,,56.53499984741211
2025-07-25,44.0,43.0,40.0,38.0,43.0,40.0,37.0,35.0,,56.7599983215332
2025-07-26,44.0,43.0,40.0,38.0,43.0,40.0,37.0,35.0,,
2025-07-27,44.0,43.0,40.0,38.0,43.0,40.0,37.0,35.0,,
2025-07-28,44.0,43.0,40.0,38.0,43.0,40.0,37.0,35.0,66.15,57.12400054931641
2025-07-29,44.0,43.0,40.0,38.0,43.0,40.0,37.0,35.0,,56.9900016784668
2025-07-30,44.0,43.0,40.0,38.0,43.0,40.0,37.0,35.0,,57.22999954223633
2025-07-31,44.0,43.0,40.0,38.0,43.0,40.0,37.0,35.0,,57.26499938964844
2025-08-01,44.0,43.0,40.0,38.0,43.0,40.0,37.0,35.0,,58.16999816894531
2025-08-02,44.0,43.0,40.0,38.0,43.0,40.0,37.0,35.0,,
2025-08-03,44.0,43.0,40.0,38.0,43.0,40.0,37.0,35.0,,
2025-08-04,44.0,43.0,40.0,38.0,43.0,40.0,37.0,35.0,65.1,57.70999908447266
2025-08-05,44.0,43.0,40.0,38.0,43.0,40.0,37.0,35.0,,57.33399963378906
2025-08-06,44.0,43.0,40.0,38.0,43.0,40.0,37.0,35.0,,57.50099945068359
2025-08-07,44.0,43.0,40.0,38.0,43.0,40.0,37.0,35.0,,57.29899978637695
2025-08-08,45.0,44.0,41.0,39.0,44.0,41.0,38.0,36.0,,57.10200119018555
2025-08-09,45.0,44.0,41.0,39.0,44.0,41.0,38.0,36.0,,
2025-08-10,45.0,44.0,41.0,39.0,44.0,41.0,38.0,36.0,,
2025-08-11,45.0,44.0,41.0,39.0,44.0,41.0,38.0,36.0,65.1,56.86999893188477
2025-08-12,45.0,44.0,41.0,39.0,44.0,41.0,38.0,36.0,,57.0099983215332
2025-08-13,45.0,44.0,41.0,39.0,44.0,41.0,38.0,36.0,,56.8650016784668
2025-08-14,45.0,44.0,41.0,39.0,44.0,41.0,38.0,36.0,,56.63399887084961
2025-08-15,46.0,45.0,42.0,40.0,45.0,42.0,39.0,37.0,,57.06600189208984
2025-08-16,46.0,45.0,42.0,40.0,45.0,42.0,39.0,37.0,,
2025-08-17,46.0,45.0,42.0,40.0,45.0,42.0,39.0,37.0,,
2025-08-18,46.0,45.0,42.0,40.0,45.0,42.0,39.0,37.0,66.4,57.05099868774414
2025-08-19,46.0,45.0,42.0,40.0,45.0,42.0,39.0,37.0,,56.97499847412109
2025-08-20,46.0,45.0,42.0,40.0,45.0,42.0,39.0,37.0,,57.15000152587891
2025-08-21,46.0,45.0,42.0,40.0,45.0,42.0,39.0,37.0,,57.09700012207031
2025-08-22,47.0,46.0,42.5,40.5,45.0,42.0,39.5,37.5,,57.19300079345703
2025-08-23,47.0,46.0,42.5,40.5,45.0,42.0,39.5,37.5,,
2025-08-24,47.0,46.0,42.5,40.5,45.0,42.0,39.5,37.5,,
2025-08-25,47.0,46.0,42.5,40.5,45.0,42.0,39.5,37.5,68.5,56.43600082397461
2025-08-26,47.0,46.0,42.5,40.5,45.0,42.0,39.5,37.5,,56.67499923706055
2025-08-27,47.0,46.0,42.5,40.5,45.0,42.0,39.5,37.5,,56.93500137329102
2025-08-28,48.0,47.0,43.0,41.0,46.0,43.0,40.0,38.0,,56.61299896240234
2025-08-29,48.0,47.0,43.0,41.0,46.0,43.0,40.0,38.0,,56.92499923706055
2025-08-30,48.0,47.0,43.0,41.0,46.0,43.0,40.0,38.0,,
2025-08-31,48.0,47.0,43.0,41.0,46.0,43.0,40.0,38.0,,
2025-09-01,48.0,47.0,43.0,41.0,46.0,43.0,40.0,38.0,68.5,57.13600158691406
2025-09-02,48.0,47.0,43.0,41.0,46.0,43.0,40.0,38.0,,55.95299911499023
2025-09-03,48.0,47.0,43.0,41.0,46.0,43.0,40.0,38.0,,57.2400016784668
2025-09-04,48.0,47.0,43.0,41.0,46.0,43.0,40.0,38.0,,57.26100158691406
2025-09-05,48.0,47.0,43.0,41.0,46.0,43.0,40.0,38.0,,56.85499954223633
2025-09-06,48.0,47.0,43.0,41.0,46.0,43.0,40.0,38.0,,
2025-09-07,48.0,47.0,43.0,41.0,46.0,43.0,40.0,38.0,,
2025-09-08,47.0,46.5,42.5,40.5,45.0,42.5,39.5,37.5,69.8,56.6870002746582
2025-09-09,47.0,46.5,42.5,40.5,45.0,42.5,39.5,37.5,,56.68299865722656
2025-09-10,47.0,46.5,42.5,40.5,45.0,42.5,39.5,37.5,,57.03099822998047
2025-09-11,47.0,46.5,42.5,40.5,45.0,42.5,39.5,37.5,,57.0629997253418
2025-09-12,47.0,46.5,42.5,40.5,45.0,42.5,39.5,37.5,,57.11899948120117
2025-09-13,47.0,46.5,42.5,40.5,45.0,42.5,39.5,37.5,,
2025-09-14,47.0,46.5,42.5,40.5,45.0,42.5,39.5,37.5,,
2025-09-15,46.0,46.0,42.0,40.0,44.0,42.0,39.0,37.0,71.4,57.19699859619141
2025-09-16,46.0,46.0,42.0,40.0,44.0,42.0,39.0,37.0,,57.07500076293945
2025-09-17,46.0,46.0,42.0,40.0,44.0,42.0,39.0,37.0,,56.67499923706055
2025-09-18,46.0,46.0,42.0,40.0,44.0,42.0,39.0,37.0,,56.75
2025-09-19,46.0,46.0,42.0,40.0,44.0,42.0,39.0,37.0,,57.20299911499023
2025-09-20,46.0,46.0,42.0,40.0,44.0,42.0,39.0,37.0,,
2025-09-21,46.0,46.0,42.0,40.0,44.0,42.0,39.0,37.0,,
2025-09-22,45.5,45.5,41.5,39.5,43.5,41.5,38.5,36.5,70.6,57.13000106811523
2025-09-23,45.5,45.5,41.5,39.5,43.5,41.5,38.5,36.5,,56.84500122070312
2025-09-24,45.5,45.5,41.5,39.5,43.5,41.5,38.5,36.5,,57.23899841308594
2025-09-25,45.5,45.5,41.5,39.5,43.5,41.5,38.5,36.5,,57.66699981689453
2025-09-26,45.5,45.5,41.5,39.5,43.5,41.5,38.5,36.5,,58.03900146484375
2025-09-27,45.5,45.5,41.5,39.5,43.5,41.5,38.5,36.5,,
2025-09-28,45.0,45.0,41.0,39.0,43.0,41.0,38.0,36.0,,
2025-09-29,45.0,45.0,41.0,39.0,43.0,41.0,38.0,36.0,70.6,58.14300155639648
2025-09-30,45.0,45.0,41.0,39.0,43.0,41.0,38.0,36.0,,58.06600189208984
2025-10-01,45.0,45.0,41.0,39.0,43.0,41.0,38.0,36.0,,58.2400016784668
2025-10-02,45.0,45.0,41.0,39.0,43.0,41.0,38.0,36.0,,58.1510009765625
2025-10-03,45.0,45.0,41.0,39.0,43.0,41.0,38.0,36.0,,57.97999954223633
2025-10-04,45.0,45.0,41.0,39.0,43.0,41.0,38.0,36.0,,
2025-10-05,45.0,45.0,41.0,39.0,43.0,41.0,38.0,36.0,,
2025-10-06,45.0,45.0,41.0,39.0,43.0,41.0,38.0,36.0,70.6,57.90700149536133
2025-10-07,45.0,45.0,41.0,39.0,43.0,41.0,38.0,36.0,,58.2400016784668
2025-10-08,44.5,44.5,40.5,38.5,42.5,40.5,37.5,35.5,,58.0099983215332
2025-10-09,44.5,44.5,40.5,38.5,42.5,40.5,37.5,35.5,,58.01599884033203
2025-10-10,44.5,44.5,40.5,38.5,42.5,40.5,37.5,35.5,,58.43500137329102
2025-10-11,44.5,44.5,40.5,38.5,42.5,40.5,37.5,35.5,,
2025-10-12,44.5,44.5,40.5,38.5,42.5,40.5,37.5,35.5,,
2025-10-13,44.5,44.5,40.5,38.5,42.5,40.5,37.5,35.5,69.75,58.24900054931641
2025-10-14,44.5,44.5,40.5,38.5,42.5,40.5,37.5,35.5,,58.08499908447266
2025-10-15,44.0,44.0,40.0,38.0,42.0,40.0,37.0,35.0,,58.09000015258789
2025-10-16,44.0,44.0,40.0,38.0,42.0,40.0,37.0,35.0,,58.00500106811523
2025-10-17,44.0,44.0,40.0,38.0,42.0,40.0,37.0,35.0,,58.04899978637695
2025-10-18,44.0,44.0,40.0,38.0,42.0,40.0,37.0,35.0,,
2025-10-19,44.0,44.0,40.0,38.0,42.0,40.0,37.0,35.0,,
2025-10-20,44.0,44.0,40.0,38.0,42.0,40.0,37.0,35.0,68.85,58.11100006103516
2025-10-21,44.0,44.0,40.0,38.0,42.0,40.0,37.0,35.0,,58.16299819946289
2025-10-22,43.5,43.5,39.5,37.5,41.5,39.5,36.5,34.5,,58.15999984741211
2025-10-23,43.5,43.5,39.5,37.5,41.5,39.5,36.5,34.5,,58.36999893188477
2025-10-24,43.5,43.5,39.5,37.5,41.5,39.5,36.5,34.5,,58.61000061035156
2025-10-25,43.5,43.5,39.5,37.5,41.5,39.5,36.5,34.5,,
2025-10-26,43.5,43.5,39.5,37.5,41.5,39.5,36.5,34.5,,
2025-10-27,43.5,43.5,39.5,37.5,41.5,39.5,36.5,34.5,70.15,58.65499877929688
2025-10-28,43.0,43.0,39.0,37.0,41.0,39.0,36.0,34.0,,58.0880012512207
2025-10-29,43.0,43.0,39.0,37.0,41.0,39.0,36.0,34.0,,57.875
2025-10-30,43.0,43.0,39.0,37.0,41.0,39.0,36.0,34.0,,56.90599822998047
2025-10-31,43.0,43.0,39.0,37.0,41.0,39.0,36.0,34.0,,58.85599899291992
2025-11-01,43.0,43.0,39.0,37.0,41.0,39.0,36.0,34.0,,
2025-11-02,43.0,43.0,39.0,37.0,41.0,39.0,36.0,34.0,,
2025-11-03,43.0,43.0,39.0,37.0,41.0,39.0,36.0,34.0,70.15,58.49800109863281
2025-11-04,43.0,43.0,39.0,37.0,41.0,39.0,36.0,34.0,,58.58499908447266
2025-11-05,43.0,43.0,39.0,37.0,41.0,39.0,36.0,34.0,,58.58700180053711
2025-11-06,43.0,43.0,39.0,37.0,41.0,39.0,36.0,34.0,,58.70100021362305
2025-11-07,43.0,43.0,39.0,37.0,41.0,39.0,36.0,34.0,,58.83000183105469
2025-11-08,43.5,43.5,39.5,37.5,41.5,39.5,36.5,34.5,,
2025-11-09,43.5,43.5,39.5,37.5,41.5,39.5,36.5,34.5,,
2025-11-10,43.5,43.5,39.5,37.5,41.5,39.5,36.5,34.5,71.55,58.47299957275391
2025-11-11,43.5,43.5,39.5,37.5,41.5,39.5,36.5,34.5,,58.86999893188477
2025-11-12,43.5,43.5,39.5,37.5,41.5,39.5,36.5,34.5,,58.89199829101562
2025-11-13,43.5,43.5,39.5,37.5,41.5,39.5,36.5,34.5,,59.12300109863281
2025-11-14,43.5,43.5,39.5,37.5,41.5,39.5,36.5,34.5,,58.84999847412109
2025-11-15,44.0,44.0,40.0,38.0,42.0,40.0,37.0,35.0,,
2025-11-16,44.0,44.0,40.0,38.0,42.0,40.0,37.0,35.0,,
2025-11-17,44.0,44.0,40.0,38.0,42.0,40.0,37.0,35.0,71.55,58.91500091552734
2025-11-18,44.0,44.0,40.0,38.0,42.0,40.0,37.0,35.0,,58.90999984741211
2025-11-19,44.0,44.0,40.0,38.0,42.0,40.0,37.0,35.0,,58.75
2025-11-20,44.0,44.0,40.0,38.0,42.0,40.0,37.0,35.0,,58.8650016784668
2025-11-21,44.0,44.0,40.0,38.0,42.0,40.0,37.0,35.0,,58.91999816894531
2025-11-22,44.5,44.5,40.5,38.5,42.5,40.5,37.5,35.5,,
2025-11-23,44.5,44.5,40.5,38.5,42.5,40.5,37.5,35.5,,
2025-11-24,44.5,44.5,40.5,38.5,42.5,40.5,37.5,35.5,70.05,58.57400131225586
2025-11-25,44.5,44.5,40.5,38.5,42.5,40.5,37.5,35.5,,58.89699935913086
2025-11-26,44.5,44.5,40.5,38.5,42.5,40.5,37.5,35.5,,58.77000045776367
2025-11-27,44.5,44.5,40.5,38.5,42.5,40.5,37.5,35.5,,58.76200103759766
2025-11-28,45.0,45.0,41.0,39.0,43.0,41.0,38.0,36.0,,58.61000061035156
2025-11-29,45.0,45.0,41.0,39.0,43.0,41.0,38.0,36.0,,
2025-11-30,45.0,45.0,41.0,39.0,43.0,41.0,38.0,36.0,,
2025-12-01,45.0,45.0,41.0,39.0,43.0,41.0,38.0,36.0,69.15,58.49100112915039
2025-12-02,45.0,45.0,41.0,39.0,43.0,41.0,38.0,36.0,,58.45899963378906
2025-12-03,45.0,45.0,41.0,39.0,43.0,41.0,38.0,36.0,,58.3849983215332
2025-12-04,45.0,45.0,41.0,39.0,43.0,41.0,38.0,36.0,,58.86000061035156
2025-12-05,45.0,45.0,41.0,39.0,43.0,41.0,38.0,36.0,,59.06600189208984
2025-12-06,45.0,45.0,41.0,39.0,43.0,41.0,38.0,36.0,,
2025-12-07,45.0,45.0,41.0,39.0,43.0,41.0,38.0,36.0,,
2025-12-08,45.5,45.5,41.5,39.5,43.5,41.5,38.5,36.5,69.15,58.8650016784668
2025-12-09,45.5,45.5,41.5,39.5,43.5,41.5,38.5,36.5,,59.10699844360352
2025-12-10,45.5,45.5,41.5,39.5,43.5,41.5,38.5,36.5,,59.31000137329102
2025-12-11,45.5,45.5,41.5,39.5,43.5,41.5,38.5,36.5,,58.95500183105469
2025-12-12,45.5,45.5,41.5,39.5,43.5,41.5,38.5,36.5,,58.78499984741211
2025-12-13,45.5,45.5,41.5,39.5,43.5,41.5,38.5,36.5,,
2025-12-14,45.5,45.5,41.5,39.5,43.5,41.5,38.5,36.5,,
2025-12-15,46.0,46.0,42.0,40.0,44.0,42.0,39.0,37.0,70.4,59.08000183105469
2025-12-16,46.0,46.0,42.0,40.0,44.0,42.0,39.0,37.0,,58.71900177001953
2025-12-17,46.0,46.0,42.0,40.0,44.0,42.0,39.0,37.0,,58.43999862670898
2025-12-18,46.0,46.0,42.0,40.0,44.0,42.0,39.0,37.0,,58.63399887084961
2025-12-19,46.0,46.0,42.0,40.0,44.0,42.0,39.0,37.0,,58.58000183105469
2025-12-20,46.0,46.0,42.0,40.0,44.0,42.0,39.0,37.0,,
2025-12-21,46.0,46.0,42.0,40.0,44.0,42.0,39.0,37.0,,
2025-12-22,47.0,47.0,42.5,40.5,44.5,42.5,39.5,37.5,71.1,58.49599838256836
2025-12-23,47.0,47.0,42.5,40.5,44.5,42.5,39.5,37.5,,58.77700042724609
2025-12-24,47.0,47.0,42.5,40.5,44.5,42.5,39.5,37.5,,58.73799896240234
2025-12-25,47.0,47.0,42.5,40.5,44.5,42.5,39.5,37.5,,
2025-12-26,47.0,47.0,42.5,40.5,44.5,42.5,39.5,37.5,,58.7760009765625
2025-12-27,47.0,47.0,42.5,40.5,44.5,42.5,39.5,37.5,,
2025-12-28,48.0,48.0,43.0,41.0,45.0,43.0,40.0,38.0,,
2025-12-29,48.0,48.0,43.0,41.0,45.0,43.0,40.0,38.0,71.1,58.58499908447266
2025-12-30,48.0,48.0,43.0,41.0,45.0,43.0,40.0,38.0,,58.83599853515625
2025-12-31,48.0,48.0,43.0,41.0,45.0,43.0,40.0,38.0,,58.87799835205078
2026-01-01,57.74,50.44,43.89,39.18,59.96,50.26,45.78,38.62,,
2026-01-02,58.05,50.44,43.94,38.87,60.1,50.31,45.78,38.86,,58.904999
2026-01-03,57.93,50.53,43.93,38.91,60.06,50.37,45.36,39.13,,58.904999
2026-01-04,58.0,51.0,43.45,40.43,59.83,51.33,44.5,41.67,,58.904999
2026-01-05,57.67,50.55,43.98,38.9,59.65,50.31,45.83,39.21,,58.681
2026-01-06,57.71,51.05,44.3,39.36,59.2,50.62,45.83,39.38,55.6,59.111
2026-01-07,57.77,51.17,44.38,39.56,59.36,50.63,46.5,39.92,55.6,59.279999
2026-01-08,57.7,50.61,44.09,39.38,60.0,50.49,46.5,39.93,55.6,59.310001
2026-01-09,57.71,50.54,44.11,39.44,59.84,50.55,46.08,39.93,55.6,59.112999
2026-01-10,57.7,50.73,44.18,39.49,59.89,50.51,46.5,39.93,55.6,59.112999
2026-01-11,58.1,51.0,44.22,40.38,60.5,50.82,45.33,41.67,55.6,59.112999
2026-01-12,57.83,50.66,44.18,39.49,59.9,50.57,46.08,39.93,55.6,59.158001
2026-01-13,57.95,50.94,44.47,39.79,59.9,50.65,46.08,40.5,54.4,59.125
2026-01-14,57.82,50.66,44.14,39.49,59.9,50.63,46.08,39.93,54.4,59.401001
2026-01-15,57.95,51.22,44.6,39.89,59.5,51.09,46.15,39.27,54.4,59.492001
2026-01-16,58.07,51.26,44.63,39.79,59.46,51.12,45.83,40.12,54.4,59.375
2026-01-17,58.09,51.18,44.68,39.79,59.59,51.05,47.29,40.86,54.4,59.375
2026-01-18,58.09,51.08,45.5,40.38,59.8,51.44,46.33,40.5,54.4,59.375
2026-01-19,58.02,51.17,44.63,39.54,59.59,51.85,46.17,39.74,54.4,59.330002
2026-01-20,58.0,51.24,44.44,39.71,59.61,51.47,46.17,39.74,51.1,59.345001
2026-01-21,57.92,51.16,44.43,39.77,59.62,51.81,46.17,39.74,51.1,59.345001
2026-01-22,58.16,51.37,44.78,40.12,59.62,51.8,46.17,40.12,51.1,59.145
2026-01-23,57.98,50.89,44.46,39.87,60.47,52.18,46.82,39.72,51.1,59.028
2026-01-24,57.86,50.84,44.41,39.97,60.47,52.05,46.82,39.35,51.1,59.028
2026-01-25,58.67,51.18,45.89,40.57,61.5,52.55,47.0,40.5,51.1,59.028
2026-01-26,58.29,51.21,44.62,40.48,60.45,52.38,46.82,40.0,51.1,58.952
2026-01-27,58.54,51.67,45.09,40.89,60.31,52.52,46.3,40.13,54.9,59.044998
2026-01-28,58.42,51.25,44.84,40.57,60.73,52.43,46.3,40.0,54.9,58.700001
2026-01-29,58.44,51.65,44.89,40.94,60.71,52.72,46.3,40.22,54.9,58.68
2026-01-30,58.51,51.53,45.05,40.79,60.71,52.71,46.3,40.22,54.9,58.814999
2026-01-31,58.62,51.5,45.06,41.0,60.81,53.22,46.3,40.22,54.9,58.814999
2026-02-01,58.18,50.5,45.6,41.5,61.33,53.0,46.5,41.0,54.9,58.814999
2026-02-02,58.56,51.46,45.01,41.24,60.81,53.54,46.3,40.22,54.9,58.566002
2026-02-03,58.83,51.55,45.34,41.18,60.68,54.45,46.3,40.53,56.5,58.882
2026-02-04,58.84,51.9,45.41,41.55,60.6,54.51,46.3,40.65,56.5,58.93
2026-02-05,58.93,52.16,45.57,41.59,60.64,54.51,46.3,40.72,56.5,58.941002
2026-02-06,58.96,52.16,45.6,41.6,60.64,54.51,46.3,40.72,56.5,58.715
2026-02-07,59.04,52.34,45.63,41.64,60.65,54.71,46.3,40.72,56.5,58.715
2026-02-08,58.9,51.45,46.44,41.88,61.4,54.27,46.5,41.0,56.5,58.715
2026-02-09,58.98,52.29,45.6,41.6,60.64,54.85,46.3,40.72,56.5,58.181
2026-02-10,58.82,51.65,45.29,41.13,60.6,55.25,51.27,40.63,56.0,58.446999
2026-02-11,58.92,51.63,45.43,41.12,60.6,55.72,51.27,40.63,56.0,58.495998
2026-02-12,58.94,51.9,45.51,41.21,60.6,55.61,50.87,40.63,56.0,58.275002
2026-02-13,58.94,51.93,45.51,41.21,60.6,55.68,50.87,40.63,56.0,57.915001
2026-02-14,59.0,51.85,45.46,41.09,60.6,55.62,51.13,40.35,56.0,57.915001
2026-02-15,58.82,52.0,45.33,40.71,61.17,55.0,46.5,40.0,56.0,57.915001
2026-02-16,58.9,52.02,45.89,41.09,60.63,55.97,49.54,40.63,56.0,57.727001
2026-02-17,58.9,52.02,45.91,41.13,60.63,56.2,46.95,40.63,55.0,57.895
2026-02-18,58.88,52.1,45.95,41.13,60.63,56.42,47.0,41.18,55.0,57.709999
2026-02-19,58.88,52.08,45.95,41.13,60.63,56.45,47.18,41.18,55.0,57.939999
2026-02-20,58.81,52.11,45.96,41.15,60.63,56.61,47.1,41.24,55.0,58.005001
2026-02-21,58.78,52.08,45.91,40.98,60.63,56.84,48.28,42.21,55.0,58.005001
2026-02-22,59.0,52.3,46.86,41.14,61.0,55.67,47.25,41.25,55.0,58.005001
2026-02-23,58.93,52.38,45.97,41.16,60.83,57.36,47.07,41.44,55.0,57.893002
2026-02-24,58.91,52.19,45.88,41.0,60.79,57.04,47.19,41.24,60.79,57.584999
2026-02-25,58.93,52.5,45.99,40.98,60.79,57.29,47.32,41.24,60.79,57.648998
2026-02-26,59.01,52.62,46.26,41.07,60.79,57.49,47.32,41.31,60.79,57.527
2026-02-27,59.01,52.59,46.06,41.07,60.79,57.48,47.37,41.31,60.79,57.560001
2026-02-28,58.9,52.44,46.24,41.13,60.79,57.42,47.28,41.31,60.79,57.560001
2026-03-01,59.6,52.18,45.71,41.0,61.0,56.8,47.25,41.25,60.79,57.560001
2026-03-02,59.53,53.18,46.6,41.41,60.71,57.29,47.38,41.53,60.79,57.633999
2026-03-03,59.35,52.85,46.13,40.98,60.68,57.31,47.49,41.31,60.5,58.223999
2026-03-04,59.34,53.16,46.48,41.38,60.3,57.42,47.38,41.46,60.5,58.290001
2026-03-05,59.12,53.22,46.42,41.29,60.68,57.63,47.43,41.31,60.5,58.369999
2026-03-06,59.52,53.51,46.4,41.33,60.68,57.66,47.55,41.31,60.5,58.769001
2026-03-07,59.62,53.86,46.67,41.53,60.68,57.56,47.58,41.53,60.5,58.769001
2026-03-08,59.4,53.8,48.17,42.38,61.4,57.33,48.2,42.67,60.5,58.769001
2026-03-09,59.38,53.27,46.22,41.3,60.6,57.77,47.55,42.29,60.5,59.02
2026-03-10,59.5,53.49,46.3,41.24,60.68,57.78,47.61,42.29,82.0,59.139999
2026-03-11,59.86,54.2,46.9,41.6,60.3,58.2,47.61,42.73,82.0,57.965
2026-03-12,59.64,53.31,46.05,41.0,60.68,57.79,47.58,42.0,82.0,59.244999
2026-03-13,59.55,53.5,46.45,41.28,60.65,57.86,47.62,42.13,82.0,59.452
2026-03-14,59.57,53.39,46.51,41.28,60.65,57.85,47.92,42.5,82.0,59.452
2026-03-15,59.5,54.27,48.0,42.14,61.0,57.45,47.57,41.25,82.0,59.452
2026-03-16,59.41,53.6,46.78,41.31,60.65,57.9,47.64,42.13,82.0,58.150002
2026-03-17,59.61,54.05,47.27,41.65,60.71,58.19,47.63,42.91,102.6,59.66
2026-03-18,59.86,54.19,47.56,41.84,60.71,58.69,47.91,43.22,102.6,59.240002
2026-03-19,60.01,54.33,47.56,42.0,60.71,58.91,47.89,43.22,102.6,59.758999
2026-03-20,60.27,54.28,47.77,41.84,61.04,58.82,47.94,43.22,102.6,59.525002
2026-03-21,60.43,54.86,48.28,41.73,60.7,58.96,47.9,43.22,102.6,59.525002
2026-03-22,59.56,54.73,49.63,44.22,61.2,58.18,48.75,44.0,102.6,59.525002
2026-03-23,60.25,54.59,48.14,42.37,60.68,58.83,47.85,43.57,102.6,59.450001
2026-03-24,60.3,54.65,48.15,42.29,60.96,58.71,47.95,43.22,119.2,59.535999
2026-03-25,60.47,55.25,49.34,42.83,60.79,58.71,47.96,43.22,119.2,60.016998
2026-03-26,60.46,55.29,49.38,42.9,60.79,58.71,47.93,43.22,119.2,59.995998
2026-03-27,60.43,55.29,49.51,43.07,61.17,58.91,47.92,43.22,119.2,60.206001
2026-03-28,60.43,55.41,49.33,43.8,61.17,58.82,47.95,43.22,119.2,60.206001
2026-03-29,60.9,55.33,51.11,45.0,60.8,59.08,48.25,44.0,119.2,60.206001
2026-03-30,60.58,55.51,49.41,44.05,61.17,58.82,47.95,43.4,119.2,60.521
2026-03-31,60.88,55.5,49.7,43.61,61.17,59.0,47.95,43.4,128.8,60.710999
2026-04-01,60.58,55.64,49.81,43.71,61.17,58.92,47.96,43.22,128.8,60.574001
2026-04-02,60.57,55.63,49.81,43.71,61.17,58.92,47.96,43.22,128.8,60.169998
2026-04-03,60.03,55.64,49.91,43.27,61.33,58.89,47.94,42.86,128.8,60.308998
2026-04-04,60.66,55.63,49.94,43.68,61.47,58.87,47.95,43.6,128.8,60.308998
2026-04-05,59.86,55.44,50.17,44.17,60.25,58.78,48.33,44.0,128.8,60.308998
2026-04-06,60.56,55.84,49.73,43.79,61.09,59.23,47.94,43.22,128.8,60.215
2026-04-07,60.59,55.77,49.37,43.77,61.13,59.24,47.91,43.22,153.7,59.978001
2026-04-08,60.66,56.2,50.16,43.73,60.89,59.55,47.92,43.0,153.7,59.849998
2026-04-09,60.54,55.87,50.03,44.7,61.27,59.47,47.92,43.25,153.7,59.521999
2026-04-10,60.4,55.79,49.72,44.58,61.38,59.69,47.94,43.25,153.7,59.648998
2026-04-11,60.6,55.92,50.08,44.75,61.27,59.39,47.95,43.25,153.7,59.648998
2026-04-12,60.9,55.25,51.14,43.63,61.5,59.5,48.25,43.0,153.7,59.648998
2026-04-13,60.74,55.71,50.27,45.5,61.27,59.57,47.95,43.25,153.7,59.928001
2026-04-14,60.64,55.81,49.88,44.67,61.27,59.46,47.96,43.25,123.4,60.096001
2026-04-15,60.66,55.8,49.94,44.59,61.27,59.37,47.96,43.25,123.4,59.705002
2026-04-16,60.86,56.07,50.08,44.33,60.96,59.35,47.96,43.25,123.4,60.046001
2026-04-17,60.96,56.12,50.02,44.06,60.96,59.29,47.96,43.25,123.4,59.988998
2026-04-18,60.75,55.77,49.88,44.37,61.27,59.32,47.96,43.25,123.4,59.988998
2026-04-19,61.57,56.44,51.5,43.8,60.25,59.22,48.0,45.5,123.4,59.988998
2026-04-20,60.76,55.88,50.23,44.38,61.5,59.54,48.06,42.5,123.4,59.554001
2026-04-21,60.8,55.88,50.4,44.67,61.4,59.36,48.05,42.5,99.9,59.877998
2026-04-22,60.7,55.86,50.68,45.06,61.4,59.3,48.05,42.5,99.9,60.095001
2026-04-23,,,,,,,,,99.9,60.154999
2026-04-24,60.73,56.05,50.46,44.88,60.58,59.1,48.05,42.5,99.9,60.445999
2026-04-25,60.47,55.69,50.18,45.0,60.86,59.11,48.05,42.5,99.9,60.445999
2026-04-26,59.78,55.94,51.08,44.44,61.8,59.38,48.0,43.0,99.9,60.445999
2026-04-27,60.65,55.75,50.58,45.22,61.86,58.87,48.0,42.5,99.9,60.619999
2026-04-28,60.63,55.81,50.64,45.26,61.54,58.77,48.0,42.5,86.9,60.748001
2026-04-29,60.6,55.71,50.58,44.86,61.52,58.79,48.0,42.5,86.9,61.076
2026-04-30,60.58,55.69,50.53,45.0,60.7,58.65,48.0,42.5,86.9,61.736
2026-05-01,60.76,55.93,50.67,44.69,60.36,58.57,48.0,42.5,86.9,61.313
2026-05-02,60.76,55.93,50.66,44.85,60.36,58.56,48.0,42.5,58.15,61.4005
2026-05-02,60.76,55.93,50.66,44.85,60.36,58.56,48.0,42.5,58.15,61.313
2026-05-02,60.76,55.93,50.66,44.85,60.36,58.56,48.0,42.5,86.9,61.4005
2026-05-02,60.76,55.93,50.66,44.85,60.36,58.56,48.0,42.5,86.9,61.313
2026-05-02,60.76,55.93,50.66,44.85,60.36,58.56,48.0,42.5,86.9,61.4005
2026-05-02,60.76,55.93,50.66,44.85,60.36,58.56,48.0,42.5,58.15,61.313
2026-05-02,60.76,55.93,50.66,44.85,60.36,58.56,48.0,42.5,86.9,61.313
2026-05-02,60.76,55.93,50.66,44.85,60.36,58.56,48.0,42.5,58.15,61.4005
2026-05-03,59.24,56.53,50.15,45.5,61.5,58.53,48.0,43.0,86.9,61.313
2026-05-03,59.24,56.53,50.15,45.5,61.5,58.53,48.0,43.0,86.9,61.4005
2026-05-03,59.24,56.53,50.15,45.5,61.5,58.53,48.0,43.0,58.15,61.313
2026-05-03,59.24,56.53,50.15,45.5,61.5,58.53,48.0,43.0,58.15,61.4005
2026-05-04,60.64,55.71,50.46,45.33,60.68,58.53,48.0,42.5,86.9,61.174999
2026-05-05,60.73,55.98,50.97,44.79,60.36,58.31,48.0,42.5,89.5,61.650002
2026-05-06,60.62,55.79,50.76,45.19,60.7,58.38,48.0,42.5,58.15,61.5544
2026-05-06,60.62,55.79,50.76,45.19,60.7,58.38,48.0,42.5,89.5,61.450001
2026-05-06,60.62,55.79,50.76,45.19,60.7,58.38,48.0,42.5,58.15,61.5544
2026-05-06,60.62,55.79,50.76,45.19,60.7,58.38,48.0,42.5,58.15,61.450001
2026-05-06,60.62,55.79,50.76,45.19,60.7,58.38,48.0,42.5,89.5,61.5544
2026-05-06,60.62,55.79,50.76,45.19,60.7,58.38,48.0,42.5,89.5,61.450001
2026-05-06,60.62,55.79,50.76,45.19,60.7,58.38,48.0,42.5,58.15,61.450001
2026-05-06,60.62,55.79,50.76,45.19,60.7,58.38,48.0,42.5,89.5,61.5544
2026-05-07,60.41,55.6,50.44,45.11,60.26,58.29,48.02,42.5,89.5,60.735001
2026-05-07,60.41,55.6,50.44,45.11,60.26,58.29,48.02,42.5,89.5,60.735001
2026-05-08,60.29,55.69,50.6,45.19,59.85,58.17,48.02,42.5,89.5,60.505001
2026-05-08,60.29,55.69,50.6,45.19,59.85,58.17,48.02,42.5,89.5,60.4993
2026-05-08,60.29,55.69,50.6,45.19,59.85,58.17,48.02,42.5,58.15,60.505001
2026-05-08,60.29,55.69,50.6,45.19,59.85,58.17,48.02,42.5,58.15,60.4993
2026-05-09,60.42,55.63,50.41,45.1,59.85,58.28,48.02,42.5,89.5,60.505001
2026-05-10,60.13,56.0,50.83,45.88,60.5,58.33,48.0,43.0,89.5,60.505001
2026-05-11,60.46,55.65,50.32,45.1,59.85,58.2,48.02,42.5,89.5,60.490002
2026-05-12,60.46,55.65,50.28,45.1,59.74,58.14,48.04,42.5,79.9,61.0441
2026-05-12,60.46,55.65,50.28,45.1,59.74,58.14,48.04,42.5,58.15,61.0441
2026-05-12,60.46,55.65,50.28,45.1,59.74,58.14,48.04,42.5,58.15,61.064999
2026-05-12,60.46,55.65,50.28,45.1,59.74,58.14,48.04,42.5,79.9,61.064999
2026-05-12,60.46,55.65,50.28,45.1,59.74,58.14,48.04,42.5,58.15,61.064999
2026-05-12,60.46,55.65,50.28,45.1,59.74,58.14,48.04,42.5,79.9,61.0441
2026-05-12,60.46,55.65,50.28,45.1,59.74,58.14,48.04,42.5,79.9,61.064999
2026-05-12,60.46,55.65,50.28,45.1,59.74,58.14,48.04,42.5,58.15,61.0441
2026-05-13,60.48,55.73,50.3,45.15,59.67,58.08,48.04,42.5,79.9,61.321999
2026-05-13,60.48,55.73,50.3,45.15,59.67,58.08,48.04,42.5,79.9,61.5194
2026-05-13,60.48,55.73,50.3,45.15,59.67,58.08,48.04,42.5,58.15,61.321999
2026-05-13,60.48,55.73,50.3,45.15,59.67,58.08,48.04,42.5,58.15,61.5194
2026-05-13,60.48,55.73,50.3,45.15,59.67,58.08,48.04,42.5,79.9,61.321999
2026-05-13,60.48,55.73,50.3,45.15,59.67,58.08,48.04,42.5,79.9,61.5194
2026-05-13,60.48,55.73,50.3,45.15,59.67,58.08,48.04,42.5,58.15,61.321999
2026-05-13,60.48,55.73,50.3,45.15,59.67,58.08,48.04,42.5,58.15,61.5194
2026-05-14,60.46,55.72,50.29,45.13,59.74,58.05,48.11,42.5,58.15,61.4099
2026-05-14,60.46,55.72,50.29,45.13,59.74,58.05,48.11,42.5,58.15,61.294998
2026-05-14,60.46,55.72,50.29,45.13,59.74,58.05,48.11,42.5,79.9,61.4099
2026-05-14,60.46,55.72,50.29,45.13,59.74,58.05,48.11,42.5,79.9,61.294998
2026-05-14,60.46,55.72,50.29,45.13,59.74,58.05,48.11,42.5,58.15,61.4099
2026-05-14,60.46,55.72,50.29,45.13,59.74,58.05,48.11,42.5,79.9,61.4099
2026-05-14,60.46,55.72,50.29,45.13,59.74,58.05,48.11,42.5,79.9,61.294998
2026-05-14,60.46,55.72,50.29,45.13,59.74,58.05,48.11,42.5,58.15,61.294998
2026-05-15,60.28,55.46,50.26,45.33,59.42,56.78,48.11,42.5,79.9,61.541
2026-05-16,60.14,55.36,50.19,45.38,59.42,56.23,48.05,42.5,79.9,61.541
2026-05-17,59.6,55.53,49.67,44.83,59.0,55.94,48.0,43.0,79.9,61.541
2026-05-18,60.42,55.33,50.33,45.56,58.53,55.38,48.07,42.5,79.9,61.620998
2026-05-19,60.52,55.38,49.96,45.43,59.4,52.98,48.02,42.5,,61.368
2026-05-20,60.55,55.39,50.0,45.43,60.2,52.62,48.02,42.5,,61.723999
2026-05-21,60.55,55.39,50.0,45.43,60.2,52.62,48.02,42.5,,61.591
2026-05-22,60.54,55.24,49.89,45.13,60.2,52.22,48.02,42.5,58.15,61.5996
2026-05-22,60.55,55.39,50.0,45.43,60.2,52.62,48.02,42.5,58.15,61.591
2026-05-22,60.55,55.39,50.0,45.43,60.2,52.62,48.02,42.5,58.15,61.5996
2026-05-22,60.54,55.24,49.89,45.13,60.2,52.22,48.02,42.5,58.15,61.591
2026-05-23,,,,,,,,,58.15,61.5996
