Date/Period,Rice Type,Avg Price (PHP/kg),Avg Fuel Price,Avg USD/PHP
"05/03/2026","Imported Special",60.36,58.15,61.40
"05/02/2026","Imported Special",60.36,58.15,61.40
"12/31/2025","Imported Special",45.00,71.10,58.88
"12/30/2025","Imported Special",45.00,71.10,58.84
"12/29/2025","Imported Special",45.00,71.10,58.58
"12/28/2025","Imported Special",45.00,71.10,58.78
"12/27/2025","Imported Special",44.50,71.10,58.78
"12/26/2025","Imported Special",44.50,71.10,58.78
"12/25/2025","Imported Special",44.50,71.10,58.74
"12/24/2025","Imported Special",44.50,71.10,58.74
"12/23/2025","Imported Special",44.50,71.10,58.78
"12/22/2025","Imported Special",44.50,71.10,58.50
"12/21/2025","Imported Special",44.00,70.40,58.58
"12/20/2025","Imported Special",44.00,70.40,58.58
"12/19/2025","Imported Special",44.00,70.40,58.58
"12/18/2025","Imported Special",44.00,70.40,58.63
"12/17/2025","Imported Special",44.00,70.40,58.44
"12/16/2025","Imported Special",44.00,70.40,58.72
"12/15/2025","Imported Special",44.00,70.40,59.08
"12/14/2025","Imported Special",43.50,69.15,58.78
"12/13/2025","Imported Special",43.50,69.15,58.78
"12/12/2025","Imported Special",43.50,69.15,58.78
"12/11/2025","Imported Special",43.50,69.15,58.96
"12/10/2025","Imported Special",43.50,69.15,59.31
"12/09/2025","Imported Special",43.50,69.15,59.11
"12/08/2025","Imported Special",43.50,69.15,58.87
"12/07/2025","Imported Special",43.00,69.15,59.07
"12/06/2025","Imported Special",43.00,69.15,59.07
"12/05/2025","Imported Special",43.00,69.15,59.07
"12/04/2025","Imported Special",43.00,69.15,58.86
"12/03/2025","Imported Special",43.00,69.15,58.38
"12/02/2025","Imported Special",43.00,69.15,58.46
"12/01/2025","Imported Special",43.00,69.15,58.49
"11/30/2025","Imported Special",43.00,70.05,58.61
"11/29/2025","Imported Special",43.00,70.05,58.61
"11/28/2025","Imported Special",43.00,70.05,58.61
"11/27/2025","Imported Special",42.50,70.05,58.76
"11/26/2025","Imported Special",42.50,70.05,58.77
"11/25/2025","Imported Special",42.50,70.05,58.90
"11/24/2025","Imported Special",42.50,70.05,58.57
"11/23/2025","Imported Special",42.50,71.55,58.92
"11/22/2025","Imported Special",42.50,71.55,58.92
"11/21/2025","Imported Special",42.00,71.55,58.92
"11/20/2025","Imported Special",42.00,71.55,58.87
"11/19/2025","Imported Special",42.00,71.55,58.75
"11/18/2025","Imported Special",42.00,71.55,58.91
"11/17/2025","Imported Special",42.00,71.55,58.92
"11/16/2025","Imported Special",42.00,71.55,58.85
"11/15/2025","Imported Special",42.00,71.55,58.85
"11/14/2025","Imported Special",41.50,71.55,58.85
"11/13/2025","Imported Special",41.50,71.55,59.12
"11/12/2025","Imported Special",41.50,71.55,58.89
"11/11/2025","Imported Special",41.50,71.55,58.87
"11/10/2025","Imported Special",41.50,71.55,58.47
"11/09/2025","Imported Special",41.50,70.15,58.83
"11/08/2025","Imported Special",41.50,70.15,58.83
"11/07/2025","Imported Special",41.00,70.15,58.83
"11/06/2025","Imported Special",41.00,70.15,58.70
"11/05/2025","Imported Special",41.00,70.15,58.59
"11/04/2025","Imported Special",41.00,70.15,58.58
"11/03/2025","Imported Special",41.00,70.15,58.50
"11/02/2025","Imported Special",41.00,70.15,58.86
"11/01/2025","Imported Special",41.00,70.15,58.86
"10/31/2025","Imported Special",41.00,70.15,58.86
"10/30/2025","Imported Special",41.00,70.15,56.91
"10/29/2025","Imported Special",41.00,70.15,57.88
"10/28/2025","Imported Special",41.00,70.15,58.09
"10/27/2025","Imported Special",41.50,70.15,58.65
"10/26/2025","Imported Special",41.50,68.85,58.61
"10/25/2025","Imported Special",41.50,68.85,58.61
"10/24/2025","Imported Special",41.50,68.85,58.61
"10/23/2025","Imported Special",41.50,68.85,58.37
"10/22/2025","Imported Special",41.50,68.85,58.16
"10/21/2025","Imported Special",42.00,68.85,58.16
"10/20/2025","Imported Special",42.00,68.85,58.11
"10/19/2025","Imported Special",42.00,69.75,58.05
"10/18/2025","Imported Special",42.00,69.75,58.05
"10/17/2025","Imported Special",42.00,69.75,58.05
"10/16/2025","Imported Special",42.00,69.75,58.01
"10/15/2025","Imported Special",42.00,69.75,58.09
"10/14/2025","Imported Special",42.50,69.75,58.08
"10/13/2025","Imported Special",42.50,69.75,58.25
"10/12/2025","Imported Special",42.50,70.60,58.44
"10/11/2025","Imported Special",42.50,70.60,58.44
"10/10/2025","Imported Special",42.50,70.60,58.44
"10/09/2025","Imported Special",42.50,70.60,58.02
"10/08/2025","Imported Special",42.50,70.60,58.01
"10/07/2025","Imported Special",43.00,70.60,58.24
"10/06/2025","Imported Special",43.00,70.60,57.91
"10/05/2025","Imported Special",43.00,70.60,57.98
"10/04/2025","Imported Special",43.00,70.60,57.98
"10/03/2025","Imported Special",43.00,70.60,57.98
"10/02/2025","Imported Special",43.00,70.60,58.15
"10/01/2025","Imported Special",43.00,70.60,58.24
"09/30/2025","Imported Special",43.00,70.60,58.07
"09/29/2025","Imported Special",43.00,70.60,58.14
"09/28/2025","Imported Special",43.00,70.60,58.04
"09/27/2025","Imported Special",43.50,70.60,58.04
"09/26/2025","Imported Special",43.50,70.60,58.04
"09/25/2025","Imported Special",43.50,70.60,57.67
"09/24/2025","Imported Special",43.50,70.60,57.24
"09/23/2025","Imported Special",43.50,70.60,56.85
"09/22/2025","Imported Special",43.50,70.60,57.13
"09/21/2025","Imported Special",44.00,71.40,57.20
"09/20/2025","Imported Special",44.00,71.40,57.20
"09/19/2025","Imported Special",44.00,71.40,57.20
"09/18/2025","Imported Special",44.00,71.40,56.75
"09/17/2025","Imported Special",44.00,71.40,56.67
"09/16/2025","Imported Special",44.00,71.40,57.08
"09/15/2025","Imported Special",44.00,71.40,57.20
"09/14/2025","Imported Special",45.00,69.80,57.12
"09/13/2025","Imported Special",45.00,69.80,57.12
"09/12/2025","Imported Special",45.00,69.80,57.12
"09/11/2025","Imported Special",45.00,69.80,57.06
"09/10/2025","Imported Special",45.00,69.80,57.03
"09/09/2025","Imported Special",45.00,69.80,56.68
"09/08/2025","Imported Special",45.00,69.80,56.69
"09/07/2025","Imported Special",46.00,68.50,56.85
"09/06/2025","Imported Special",46.00,68.50,56.85
"09/05/2025","Imported Special",46.00,68.50,56.85
"09/04/2025","Imported Special",46.00,68.50,57.26
"09/03/2025","Imported Special",46.00,68.50,57.24
"09/02/2025","Imported Special",46.00,68.50,55.95
"09/01/2025","Imported Special",46.00,68.50,57.14
"08/31/2025","Imported Special",46.00,68.50,56.92
"08/30/2025","Imported Special",46.00,68.50,56.92
"08/29/2025","Imported Special",46.00,68.50,56.92
"08/28/2025","Imported Special",46.00,68.50,56.61
"08/27/2025","Imported Special",45.00,68.50,56.94
"08/26/2025","Imported Special",45.00,68.50,56.67
"08/25/2025","Imported Special",45.00,68.50,56.44
"08/24/2025","Imported Special",45.00,66.40,57.19
"08/23/2025","Imported Special",45.00,66.40,57.19
"08/22/2025","Imported Special",45.00,66.40,57.19
"08/21/2025","Imported Special",45.00,66.40,57.10
"08/20/2025","Imported Special",45.00,66.40,57.15
"08/19/2025","Imported Special",45.00,66.40,56.97
"08/18/2025","Imported Special",45.00,66.40,57.05
"08/17/2025","Imported Special",45.00,65.10,57.07
"08/16/2025","Imported Special",45.00,65.10,57.07
"08/15/2025","Imported Special",45.00,65.10,57.07
"08/14/2025","Imported Special",44.00,65.10,56.63
"08/13/2025","Imported Special",44.00,65.10,56.87
"08/12/2025","Imported Special",44.00,65.10,57.01
"08/11/2025","Imported Special",44.00,65.10,56.87
"08/10/2025","Imported Special",44.00,65.10,57.10
"08/09/2025","Imported Special",44.00,65.10,57.10
"08/08/2025","Imported Special",44.00,65.10,57.10
"08/07/2025","Imported Special",43.00,65.10,57.30
"08/06/2025","Imported Special",43.00,65.10,57.50
"08/05/2025","Imported Special",43.00,65.10,57.33
"08/04/2025","Imported Special",43.00,65.10,57.71
"08/03/2025","Imported Special",43.00,66.15,58.17
"08/02/2025","Imported Special",43.00,66.15,58.17
"08/01/2025","Imported Special",43.00,66.15,58.17
"07/31/2025","Imported Special",43.00,66.15,57.26
"07/30/2025","Imported Special",43.00,66.15,57.23
"07/29/2025","Imported Special",43.00,66.15,56.99
"07/28/2025","Imported Special",43.00,66.15,57.12
"07/27/2025","Imported Special",43.00,66.75,56.76
"07/26/2025","Imported Special",43.00,66.75,56.76
"07/25/2025","Imported Special",43.00,66.75,56.76
"07/24/2025","Imported Special",43.00,66.75,56.53
"07/23/2025","Imported Special",43.00,66.75,56.78
"07/22/2025","Imported Special",43.00,66.75,56.97
"07/21/2025","Imported Special",42.00,66.75,57.01
"07/20/2025","Imported Special",42.00,65.65,57.22
"07/19/2025","Imported Special",42.00,65.65,57.22
"07/18/2025","Imported Special",42.00,65.65,57.22
"07/17/2025","Imported Special",42.00,65.65,56.05
"07/16/2025","Imported Special",42.00,65.65,56.74
"07/15/2025","Imported Special",42.00,65.65,56.66
"07/14/2025","Imported Special",41.00,65.65,56.47
"07/13/2025","Imported Special",41.00,63.55,56.41
"07/12/2025","Imported Special",41.00,63.55,56.41
"07/11/2025","Imported Special",41.00,63.55,56.41
"07/10/2025","Imported Special",41.00,63.55,56.49
"07/09/2025","Imported Special",41.00,63.55,56.28
"07/08/2025","Imported Special",41.00,63.55,56.50
"07/07/2025","Imported Special",40.00,63.55,56.46
"07/06/2025","Imported Special",40.00,63.55,56.21
"07/05/2025","Imported Special",40.00,63.55,56.21
"07/04/2025","Imported Special",40.00,63.55,56.21
"07/03/2025","Imported Special",40.00,63.55,56.09
"07/02/2025","Imported Special",40.00,63.55,55.67
"07/01/2025","Imported Special",40.00,63.55,55.47
"06/30/2025","Imported Special",40.00,63.55,56.55
"06/29/2025","Imported Special",40.00,64.95,56.29
"06/28/2025","Imported Special",40.00,64.95,56.29
"06/27/2025","Imported Special",40.50,64.95,56.29
"06/26/2025","Imported Special",40.50,64.95,56.37
"06/25/2025","Imported Special",40.50,64.95,56.11
"06/24/2025","Imported Special",40.50,64.95,56.97
"06/23/2025","Imported Special",40.50,64.95,57.21
"06/22/2025","Imported Special",40.50,64.95,56.62
"06/21/2025","Imported Special",41.00,64.95,56.62
"06/20/2025","Imported Special",41.00,64.95,56.62
"06/19/2025","Imported Special",41.00,64.95,56.68
"06/18/2025","Imported Special",41.00,64.95,56.09
"06/17/2025","Imported Special",41.00,64.95,56.38
"06/16/2025","Imported Special",41.00,64.95,56.50
"06/15/2025","Imported Special",41.00,63.20,54.19
"06/14/2025","Imported Special",41.50,63.20,54.19
"06/13/2025","Imported Special",41.50,63.20,54.19
"06/12/2025","Imported Special",41.50,63.20,55.75
"06/11/2025","Imported Special",41.50,63.20,55.77
"06/10/2025","Imported Special",41.50,63.20,55.54
"06/09/2025","Imported Special",41.50,63.20,55.61
"06/08/2025","Imported Special",41.50,61.95,55.55
"06/07/2025","Imported Special",42.00,61.95,55.55
"06/06/2025","Imported Special",42.00,61.95,55.55
"06/05/2025","Imported Special",42.00,61.95,55.62
"06/04/2025","Imported Special",42.00,61.95,55.62
"06/03/2025","Imported Special",42.00,61.95,55.56
"06/02/2025","Imported Special",42.00,61.95,55.79
"06/01/2025","Imported Special",42.00,61.95,55.60
"05/31/2025","Imported Special",42.00,61.95,55.60
"05/30/2025","Imported Special",42.00,61.95,55.60
"05/29/2025","Imported Special",42.00,61.95,55.42
"05/28/2025","Imported Special",42.00,61.95,55.47
"05/27/2025","Imported Special",43.00,61.95,55.28
"05/26/2025","Imported Special",43.00,61.95,55.38
"05/25/2025","Imported Special",43.00,62.85,55.57
"05/24/2025","Imported Special",43.00,62.85,55.57
"05/23/2025","Imported Special",43.00,62.85,55.57
"05/22/2025","Imported Special",43.00,62.85,55.49
"05/21/2025","Imported Special",43.00,62.85,55.51
"05/20/2025","Imported Special",43.00,62.85,55.78
"05/19/2025","Imported Special",43.00,62.85,55.79
"05/18/2025","Imported Special",43.00,62.15,55.63
"05/17/2025","Imported Special",43.00,62.15,55.63
"05/16/2025","Imported Special",43.00,62.15,55.63
"05/15/2025","Imported Special",43.00,62.15,55.79
"05/14/2025","Imported Special",44.00,62.15,55.72
"05/13/2025","Imported Special",44.00,62.15,55.69
"05/12/2025","Imported Special",44.00,62.15,55.37
"05/11/2025","Imported Special",44.00,60.85,55.40
"05/10/2025","Imported Special",44.00,60.85,55.40
"05/09/2025","Imported Special",44.00,60.85,55.40
"05/08/2025","Imported Special",44.00,60.85,55.45
"05/07/2025","Imported Special",44.00,60.85,55.41
"05/06/2025","Imported Special",44.00,60.85,55.56
"05/05/2025","Imported Special",44.00,60.85,55.63
"05/04/2025","Imported Special",44.00,60.85,55.88
"05/03/2025","Imported Special",44.00,60.85,55.88
"05/02/2025","Imported Special",44.00,60.85,55.88
"05/01/2025","Imported Special",44.00,60.85,55.77
"04/30/2025","Imported Special",44.00,60.85,55.97
"04/29/2025","Imported Special",44.00,60.85,56.32
"04/28/2025","Imported Special",44.00,60.85,56.18
"04/27/2025","Imported Special",45.00,61.25,56.34
"04/26/2025","Imported Special",45.00,61.25,56.34
"04/25/2025","Imported Special",45.00,61.25,56.34
"04/24/2025","Imported Special",45.00,61.25,56.44
"04/23/2025","Imported Special",45.00,61.25,56.53
"04/22/2025","Imported Special",45.00,61.25,56.48
"04/21/2025","Imported Special",45.00,61.25,56.54
"04/20/2025","Imported Special",45.00,61.85,56.54
"04/19/2025","Imported Special",45.00,61.85,56.54
"04/18/2025","Imported Special",45.00,61.85,56.54
"04/17/2025","Imported Special",45.00,61.85,56.54
"04/16/2025","Imported Special",45.00,61.85,56.62
"04/15/2025","Imported Special",45.00,61.85,57.04
"04/14/2025","Imported Special",46.00,61.85,57.23
"04/13/2025","Imported Special",46.00,60.70,57.19
"04/12/2025","Imported Special",46.00,60.70,57.19
"04/11/2025","Imported Special",46.00,60.70,57.19
"04/10/2025","Imported Special",46.00,60.70,57.03
"04/09/2025","Imported Special",46.00,60.70,57.49
"04/08/2025","Imported Special",46.00,60.70,57.29
"04/07/2025","Imported Special",47.00,60.70,57.28
"04/06/2025","Imported Special",47.00,60.70,56.92
"04/05/2025","Imported Special",47.00,60.70,56.92
"04/04/2025","Imported Special",47.00,60.70,56.92
"04/03/2025","Imported Special",47.00,60.70,57.06
"04/02/2025","Imported Special",47.00,60.70,57.14
"04/01/2025","Imported Special",47.00,60.70,57.12
"03/31/2025","Imported Special",47.00,60.70,57.37
"03/30/2025","Imported Special",47.00,59.60,57.28
"03/29/2025","Imported Special",47.00,59.60,57.28
"03/28/2025","Imported Special",48.00,59.60,57.28
"03/27/2025","Imported Special",48.00,59.60,57.72
"03/26/2025","Imported Special",48.00,59.60,57.47
"03/25/2025","Imported Special",48.00,59.60,57.19
"03/24/2025","Imported Special",48.00,59.60,57.31
"03/23/2025","Imported Special",48.00,59.60,57.11
"03/22/2025","Imported Special",48.00,59.60,57.11
"03/21/2025","Imported Special",48.00,59.60,57.11
"03/20/2025","Imported Special",48.00,59.60,56.93
"03/19/2025","Imported Special",48.00,59.60,57.17
"03/18/2025","Imported Special",48.00,59.60,57.21
"03/17/2025","Imported Special",48.00,59.60,57.22
"03/16/2025","Imported Special",48.00,60.10,57.24
"03/15/2025","Imported Special",48.00,60.10,57.24
"03/14/2025","Imported Special",49.00,60.10,57.24
"03/13/2025","Imported Special",49.00,60.10,57.29
"03/12/2025","Imported Special",49.00,60.10,57.06
"03/11/2025","Imported Special",49.00,60.10,57.43
"03/10/2025","Imported Special",49.00,60.10,57.10
"03/09/2025","Imported Special",49.00,61.20,57.19
"03/08/2025","Imported Special",49.00,61.20,57.19
"03/07/2025","Imported Special",50.00,61.20,57.19
"03/06/2025","Imported Special",50.00,61.20,57.27
"03/05/2025","Imported Special",50.00,61.20,57.61
"03/04/2025","Imported Special",50.00,61.20,57.68
"03/03/2025","Imported Special",50.00,61.20,57.84
"03/02/2025","Imported Special",50.00,62.40,57.97
"03/01/2025","Imported Special",50.00,62.40,57.97
"02/28/2025","Imported Special",50.00,62.40,57.97
"02/27/2025","Imported Special",50.00,62.40,57.79
"02/26/2025","Imported Special",50.00,62.40,57.76
"02/25/2025","Imported Special",50.00,62.40,57.89
"02/24/2025","Imported Special",50.00,62.40,57.64
"02/23/2025","Imported Special",50.00,62.40,57.78
"02/22/2025","Imported Special",50.00,62.40,57.78
"02/21/2025","Imported Special",51.00,62.40,57.78
"02/20/2025","Imported Special",51.00,62.40,58.12
"02/19/2025","Imported Special",51.00,62.40,58.16
"02/18/2025","Imported Special",51.00,62.40,57.83
"02/17/2025","Imported Special",51.00,62.40,57.60
"02/16/2025","Imported Special",51.00,61.30,57.81
"02/15/2025","Imported Special",51.00,61.30,57.81
"02/14/2025","Imported Special",52.00,61.30,57.81
"02/13/2025","Imported Special",52.00,61.30,57.86
"02/12/2025","Imported Special",52.00,61.30,58.03
"02/11/2025","Imported Special",52.00,61.30,57.82
"02/10/2025","Imported Special",52.00,61.30,57.29
"02/09/2025","Imported Special",52.00,59.80,57.92
"02/08/2025","Imported Special",52.00,59.80,57.92
"02/07/2025","Imported Special",53.00,59.80,57.92
"02/06/2025","Imported Special",53.00,59.80,57.72
"02/05/2025","Imported Special",53.00,59.80,57.95
"02/04/2025","Imported Special",53.00,59.80,58.56
"02/03/2025","Imported Special",53.00,59.80,58.41
"02/02/2025","Imported Special",53.00,58.90,58.33
"02/01/2025","Imported Special",53.00,58.90,58.33
"01/31/2025","Imported Special",53.00,58.90,58.33
"01/30/2025","Imported Special",53.00,58.90,58.42
"01/29/2025","Imported Special",53.00,58.90,58.00
"01/28/2025","Imported Special",53.00,58.90,58.40
"01/27/2025","Imported Special",54.00,58.90,58.17
"01/26/2025","Imported Special",54.00,58.90,58.32
"01/25/2025","Imported Special",54.00,58.90,58.32
"01/24/2025","Imported Special",54.00,58.90,58.32
"01/23/2025","Imported Special",54.00,58.90,58.32
"01/22/2025","Imported Special",54.00,58.90,58.35
"01/21/2025","Imported Special",55.00,58.90,58.15
"01/20/2025","Imported Special",55.00,58.90,58.38
"01/19/2025","Imported Special",55.00,59.35,58.51
"01/18/2025","Imported Special",55.00,59.35,58.51
"01/17/2025","Imported Special",55.00,59.35,58.51
"01/16/2025","Imported Special",55.00,59.35,58.31
"01/15/2025","Imported Special",55.00,59.35,58.55
"01/14/2025","Imported Special",56.00,59.35,58.56
"01/13/2025","Imported Special",56.00,59.35,58.66
"01/12/2025","Imported Special",56.00,58.80,58.21
"01/11/2025","Imported Special",56.00,58.80,58.21
"01/10/2025","Imported Special",56.00,58.80,58.21
"01/09/2025","Imported Special",56.00,58.80,58.65
"01/08/2025","Imported Special",56.00,58.80,58.09
"01/07/2025","Imported Special",57.00,58.80,57.93
"01/06/2025","Imported Special",57.00,58.80,58.15
"01/05/2025","Imported Special",57.00,58.80,58.07
"01/04/2025","Imported Special",57.00,58.80,58.07
"01/03/2025","Imported Special",57.00,58.80,58.07
"01/02/2025","Imported Special",57.00,58.80,57.22
"01/01/2025","Imported Special",57.00,58.80,58.03
"12/31/2024","Imported Special",57.00,58.80,58.03
"12/30/2024","Imported Special",57.00,58.80,57.91
"12/29/2024","Imported Special",57.00,58.80,57.97
"12/28/2024","Imported Special",57.00,58.80,57.97
"12/27/2024","Imported Special",56.00,58.80,57.97
"12/26/2024","Imported Special",56.00,58.80,58.00
"12/25/2024","Imported Special",56.00,58.80,57.10
"12/24/2024","Imported Special",56.00,58.80,58.45
"12/23/2024","Imported Special",56.00,58.80,58.73
"12/22/2024","Imported Special",56.00,58.20,58.83
"12/21/2024","Imported Special",55.00,58.20,58.83
"12/20/2024","Imported Special",55.00,58.20,58.83
"12/19/2024","Imported Special",55.00,58.20,59.38
"12/18/2024","Imported Special",55.00,58.20,58.92
"12/17/2024","Imported Special",55.00,58.20,58.60
"12/16/2024","Imported Special",55.00,58.20,58.55
"12/15/2024","Imported Special",55.00,58.35,58.27
"12/14/2024","Imported Special",54.00,58.35,58.27
"12/13/2024","Imported Special",54.00,58.35,58.27
"12/12/2024","Imported Special",54.00,58.35,58.38
"12/11/2024","Imported Special",54.00,58.35,58.05
"12/10/2024","Imported Special",54.00,58.35,58.06
"12/09/2024","Imported Special",54.00,58.35,57.87
"12/08/2024","Imported Special",54.00,59.55,57.66
"12/07/2024","Imported Special",53.00,59.55,57.66
"12/06/2024","Imported Special",53.00,59.55,57.66
"12/05/2024","Imported Special",53.00,59.55,58.17
"12/04/2024","Imported Special",53.00,59.55,58.31
"12/03/2024","Imported Special",53.00,59.55,58.60
"12/02/2024","Imported Special",53.00,59.55,58.56
"12/01/2024","Imported Special",53.00,58.95,58.66
"11/30/2024","Imported Special",53.00,58.95,58.66
"11/29/2024","Imported Special",53.00,58.95,58.66
"11/28/2024","Imported Special",53.00,58.95,58.67
"11/27/2024","Imported Special",52.00,58.95,58.94
"11/26/2024","Imported Special",52.00,58.95,58.94
"11/25/2024","Imported Special",52.00,58.95,58.81
"11/24/2024","Imported Special",52.00,59.95,58.86
"11/23/2024","Imported Special",52.00,59.95,58.86
"11/22/2024","Imported Special",52.00,59.95,58.86
"11/21/2024","Imported Special",52.00,59.95,58.98
"11/20/2024","Imported Special",52.00,59.95,58.84
"11/19/2024","Imported Special",52.00,59.95,58.54
"11/18/2024","Imported Special",52.00,59.95,58.59
"11/17/2024","Imported Special",52.00,60.70,58.80
"11/16/2024","Imported Special",52.00,60.70,58.80
"11/15/2024","Imported Special",52.00,60.70,58.80
"11/14/2024","Imported Special",51.00,60.70,58.64
"11/13/2024","Imported Special",51.00,60.70,58.78
"11/12/2024","Imported Special",51.00,60.70,58.62
"11/11/2024","Imported Special",51.00,60.70,58.33
"11/10/2024","Imported Special",51.00,58.60,58.19
"11/09/2024","Imported Special",51.00,58.60,58.19
"11/08/2024","Imported Special",51.00,58.60,58.19
"11/07/2024","Imported Special",50.00,58.60,58.77
"11/06/2024","Imported Special",50.00,58.60,58.32
"11/05/2024","Imported Special",50.00,58.60,58.39
"11/04/2024","Imported Special",50.00,58.60,58.28
"11/03/2024","Imported Special",50.00,59.10,58.22
"11/02/2024","Imported Special",50.00,59.10,58.22
"11/01/2024","Imported Special",50.00,59.10,58.22
"10/31/2024","Imported Special",50.00,59.10,58.17
"10/30/2024","Imported Special",50.00,59.10,58.16
"10/29/2024","Imported Special",50.00,59.10,58.15
"10/28/2024","Imported Special",50.00,59.10,58.56
"10/27/2024","Imported Special",48.00,59.10,57.89
"10/26/2024","Imported Special",48.00,59.10,57.89
"10/25/2024","Imported Special",48.00,59.10,57.89
"10/24/2024","Imported Special",48.00,59.10,58.06
"10/23/2024","Imported Special",48.00,59.10,57.73
"10/22/2024","Imported Special",48.00,59.10,57.63
"10/21/2024","Imported Special",48.00,59.10,57.51
"10/20/2024","Imported Special",48.00,59.60,57.69
"10/19/2024","Imported Special",48.00,59.60,57.69
"10/18/2024","Imported Special",48.00,59.60,57.69
"10/17/2024","Imported Special",48.00,59.60,57.78
"10/16/2024","Imported Special",48.00,59.60,57.69
"10/15/2024","Imported Special",48.00,59.60,57.41
"10/14/2024","Imported Special",50.00,59.60,57.22
"10/13/2024","Imported Special",50.00,56.90,57.34
"10/12/2024","Imported Special",50.00,56.90,57.34
"10/11/2024","Imported Special",50.00,56.90,57.34
"10/10/2024","Imported Special",50.00,56.90,57.07
"10/09/2024","Imported Special",50.00,56.90,56.83
"10/08/2024","Imported Special",50.00,56.90,56.79
"10/07/2024","Imported Special",50.00,56.90,56.31
"10/06/2024","Imported Special",50.00,56.20,56.23
"10/05/2024","Imported Special",50.00,56.20,56.23
"10/04/2024","Imported Special",50.00,56.20,56.23
"10/03/2024","Imported Special",50.00,56.20,56.24
"10/02/2024","Imported Special",50.00,56.20,56.28
"10/01/2024","Imported Special",50.00,56.20,56.16
"09/30/2024","Imported Special",50.00,56.20,56.05
"09/29/2024","Imported Special",50.00,55.30,55.72
"09/28/2024","Imported Special",50.00,55.30,55.72
"09/27/2024","Imported Special",51.00,55.30,55.72
"09/26/2024","Imported Special",51.00,55.30,55.74
"09/25/2024","Imported Special",51.00,55.30,55.88
"09/24/2024","Imported Special",51.00,55.30,55.94
"09/23/2024","Imported Special",51.00,55.30,55.63
"09/22/2024","Imported Special",51.00,55.10,55.45
"09/21/2024","Imported Special",52.00,55.10,55.45
"09/20/2024","Imported Special",52.00,55.10,55.45
"09/19/2024","Imported Special",52.00,55.10,55.66
"09/18/2024","Imported Special",52.00,55.10,55.72
"09/17/2024","Imported Special",52.00,55.10,55.68
"09/16/2024","Imported Special",52.00,55.10,56.00
"09/15/2024","Imported Special",52.00,56.10,56.06
"09/14/2024","Imported Special",53.00,56.10,56.06
"09/13/2024","Imported Special",53.00,56.10,56.06
"09/12/2024","Imported Special",53.00,56.10,55.95
"09/11/2024","Imported Special",53.00,56.10,56.02
"09/10/2024","Imported Special",53.00,56.10,56.11
"09/09/2024","Imported Special",53.00,56.10,56.17
"09/08/2024","Imported Special",53.00,57.85,55.89
"09/07/2024","Imported Special",54.00,57.85,55.89
"09/06/2024","Imported Special",54.00,57.85,55.89
"09/05/2024","Imported Special",54.00,57.85,56.39
"09/04/2024","Imported Special",54.00,57.85,56.41
"09/03/2024","Imported Special",54.00,57.85,56.46
"09/02/2024","Imported Special",54.00,57.85,56.22
"09/01/2024","Imported Special",54.00,57.70,56.07
"08/31/2024","Imported Special",54.00,57.70,56.07
"08/30/2024","Imported Special",54.00,57.70,56.07
"08/29/2024","Imported Special",54.00,57.70,56.20
"08/28/2024","Imported Special",54.00,57.70,56.19
"08/27/2024","Imported Special",54.00,57.70,55.92
"08/26/2024","Imported Special",54.00,57.70,56.42
"08/25/2024","Imported Special",54.00,57.50,56.48
"08/24/2024","Imported Special",54.00,57.50,56.48
"08/23/2024","Imported Special",54.00,57.50,56.48
"08/22/2024","Imported Special",54.00,57.50,56.11
"08/21/2024","Imported Special",55.00,57.50,56.25
"08/20/2024","Imported Special",55.00,57.50,56.64
"08/19/2024","Imported Special",55.00,57.50,57.08
"08/18/2024","Imported Special",55.00,57.50,57.15
"08/17/2024","Imported Special",55.00,57.50,57.15
"08/16/2024","Imported Special",55.00,57.50,57.15
"08/15/2024","Imported Special",55.00,57.50,56.85
"08/14/2024","Imported Special",56.00,57.50,56.86
"08/13/2024","Imported Special",56.00,57.50,57.21
"08/12/2024","Imported Special",56.00,57.50,57.28
"08/11/2024","Imported Special",56.00,59.40,57.14
"08/10/2024","Imported Special",56.00,59.40,57.14
"08/09/2024","Imported Special",56.00,59.40,57.14
"08/08/2024","Imported Special",56.00,59.40,57.49
"08/07/2024","Imported Special",56.00,59.40,57.69
"08/06/2024","Imported Special",56.00,59.40,57.67
"08/05/2024","Imported Special",56.00,59.40,57.93
"08/04/2024","Imported Special",56.00,59.30,58.21
"08/03/2024","Imported Special",56.00,59.30,58.21
"08/02/2024","Imported Special",56.00,59.30,58.21
"08/01/2024","Imported Special",56.00,59.30,58.25
"07/31/2024","Imported Special",56.00,59.30,58.56
"07/30/2024","Imported Special",56.00,59.30,58.62
"07/29/2024","Imported Special",56.00,59.30,58.36
"07/28/2024","Imported Special",57.00,60.30,58.51
"07/27/2024","Imported Special",57.00,60.30,58.51
"07/26/2024","Imported Special",57.00,60.30,58.51
"07/25/2024","Imported Special",57.00,60.30,58.49
"07/24/2024","Imported Special",57.00,60.30,58.46
"07/23/2024","Imported Special",57.00,60.30,58.40
"07/22/2024","Imported Special",57.00,60.30,58.33
"07/21/2024","Imported Special",58.00,60.70,58.19
"07/20/2024","Imported Special",58.00,60.70,58.19
"07/19/2024","Imported Special",58.00,60.70,58.19
"07/18/2024","Imported Special",58.00,60.70,58.15
"07/17/2024","Imported Special",58.00,60.70,58.32
"07/16/2024","Imported Special",58.00,60.70,58.35
"07/15/2024","Imported Special",58.00,60.70,58.40
"07/14/2024","Imported Special",58.00,61.30,58.16
"07/13/2024","Imported Special",58.00,61.30,58.16
"07/12/2024","Imported Special",58.00,61.30,58.16
"07/11/2024","Imported Special",58.00,61.30,58.19
"07/10/2024","Imported Special",58.00,61.30,58.49
"07/09/2024","Imported Special",58.00,61.30,58.46
"07/08/2024","Imported Special",58.00,61.30,58.53
"07/07/2024","Imported Special",60.00,59.70,58.39
"07/06/2024","Imported Special",60.00,59.70,58.39
"07/05/2024","Imported Special",60.00,59.70,58.39
"07/04/2024","Imported Special",60.00,59.70,58.65
"07/03/2024","Imported Special",60.00,59.70,58.78
"07/02/2024","Imported Special",60.00,59.70,58.74
"07/01/2024","Imported Special",60.00,59.70,58.48
"06/30/2024","Imported Special",60.00,59.05,58.60
"06/29/2024","Imported Special",60.00,59.05,58.60
"06/28/2024","Imported Special",60.00,59.05,58.60
"06/27/2024","Imported Special",60.00,59.05,58.93
"06/26/2024","Imported Special",60.00,59.05,58.74
"06/25/2024","Imported Special",60.00,59.05,58.69
"06/24/2024","Imported Special",60.00,59.05,58.86
"06/23/2024","Imported Special",60.00,57.30,58.85
"06/22/2024","Imported Special",60.00,57.30,58.85
"06/21/2024","Imported Special",62.00,57.30,58.85
"06/20/2024","Imported Special",62.00,57.30,58.76
"06/19/2024","Imported Special",62.00,57.30,58.60
"06/18/2024","Imported Special",62.00,57.30,58.57
"06/17/2024","Imported Special",62.00,57.30,58.69
"06/16/2024","Imported Special",62.00,55.55,58.68
"06/15/2024","Imported Special",62.00,55.55,58.68
"06/14/2024","Imported Special",65.00,55.55,58.68
"06/13/2024","Imported Special",65.00,55.55,58.28
"06/12/2024","Imported Special",65.00,55.55,58.76
"06/11/2024","Imported Special",65.00,55.55,58.82
"06/10/2024","Imported Special",65.00,55.55,58.69
"06/09/2024","Imported Special",65.00,56.15,58.60
"06/08/2024","Imported Special",65.00,56.15,58.60
"06/07/2024","Imported Special",65.00,56.15,58.60
"06/06/2024","Imported Special",65.00,56.15,58.75
"06/05/2024","Imported Special",65.00,56.15,58.88
"06/04/2024","Imported Special",65.00,56.15,58.62
"06/03/2024","Imported Special",65.00,56.15,58.58
"06/02/2024","Imported Special",65.00,57.05,58.44
"06/01/2024","Imported Special",65.00,57.05,58.44
"05/31/2024","Imported Special",65.00,57.05,58.44
"05/30/2024","Imported Special",65.00,57.05,58.43
"05/29/2024","Imported Special",65.00,57.05,57.89
"05/28/2024","Imported Special",65.00,57.05,58.09
"05/27/2024","Imported Special",65.00,57.05,58.18
"05/26/2024","Imported Special",65.00,56.65,58.22
"05/25/2024","Imported Special",65.00,56.65,58.22
"05/24/2024","Imported Special",65.00,56.65,58.22
"05/23/2024","Imported Special",65.00,56.65,58.00
"05/22/2024","Imported Special",65.00,56.65,58.15
"05/21/2024","Imported Special",64.00,56.65,58.03
"05/20/2024","Imported Special",64.00,56.65,57.68
"05/19/2024","Imported Special",64.00,56.65,57.37
"05/18/2024","Imported Special",64.00,56.65,57.37
"05/17/2024","Imported Special",64.00,56.65,57.37
"05/16/2024","Imported Special",64.00,56.65,57.37
"05/15/2024","Imported Special",64.00,56.65,57.71
"05/14/2024","Imported Special",62.00,56.65,57.82
"05/13/2024","Imported Special",62.00,56.65,57.45
"05/12/2024","Imported Special",62.00,58.65,57.25
"05/11/2024","Imported Special",62.00,58.65,57.25
"05/10/2024","Imported Special",62.00,58.65,57.25
"05/09/2024","Imported Special",62.00,58.65,57.39
"05/08/2024","Imported Special",62.00,58.65,57.17
"05/07/2024","Imported Special",60.00,58.65,57.16
"05/06/2024","Imported Special",60.00,58.65,57.13
"05/05/2024","Imported Special",60.00,59.55,57.44
"05/04/2024","Imported Special",60.00,59.55,57.44
"05/03/2024","Imported Special",60.00,59.55,57.44
"05/02/2024","Imported Special",60.00,59.55,57.59
"05/01/2024","Imported Special",60.00,59.55,57.81
"04/30/2024","Imported Special",60.00,59.55,57.64
"04/29/2024","Imported Special",60.00,59.55,57.70
"04/28/2024","Imported Special",60.00,60.40,57.70
"04/27/2024","Imported Special",60.00,60.40,57.70
"04/26/2024","Imported Special",60.00,60.40,57.70
"04/25/2024","Imported Special",60.00,60.40,57.87
"04/24/2024","Imported Special",60.00,60.40,57.39
"04/23/2024","Imported Special",60.00,60.40,57.52
"04/22/2024","Imported Special",60.00,60.40,57.48
"04/21/2024","Imported Special",60.00,61.30,57.21
"04/20/2024","Imported Special",60.00,61.30,57.21
"04/19/2024","Imported Special",60.00,61.30,57.21
"04/18/2024","Imported Special",60.00,61.30,57.21
"04/17/2024","Imported Special",60.00,61.30,57.12
"04/16/2024","Imported Special",60.00,61.30,56.88
"04/15/2024","Imported Special",60.00,61.30,56.61
"04/14/2024","Imported Special",65.00,60.35,56.45
"04/13/2024","Imported Special",65.00,60.35,56.45
"04/12/2024","Imported Special",65.00,60.35,56.45
"04/11/2024","Imported Special",65.00,60.35,56.56
"04/10/2024","Imported Special",65.00,60.35,56.32
"04/09/2024","Imported Special",65.00,60.35,56.40
"04/08/2024","Imported Special",65.00,60.35,56.50
"04/07/2024","Imported Special",65.00,58.80,56.66
"04/06/2024","Imported Special",65.00,58.80,56.66
"04/05/2024","Imported Special",65.00,58.80,56.66
"04/04/2024","Imported Special",65.00,58.80,56.34
"04/03/2024","Imported Special",65.00,58.80,56.30
"04/02/2024","Imported Special",65.00,58.80,56.21
"04/01/2024","Imported Special",65.00,58.80,56.16
"03/31/2024","Imported Special",65.00,82.35,56.18
"03/30/2024","Imported Special",65.00,82.35,56.18
"03/29/2024","Imported Special",65.00,82.35,56.18
"03/28/2024","Imported Special",65.00,82.35,56.26
"03/27/2024","Imported Special",65.00,82.35,56.24
"03/26/2024","Imported Special",65.00,82.35,56.23
"03/25/2024","Imported Special",65.00,82.35,56.26
"03/24/2024","Imported Special",65.00,80.15,55.96
"03/23/2024","Imported Special",65.00,80.15,55.96
"03/22/2024","Imported Special",65.00,80.15,55.96
"03/21/2024","Imported Special",64.00,80.15,56.04
"03/20/2024","Imported Special",64.00,80.15,55.84
"03/19/2024","Imported Special",64.00,80.15,55.66
"03/18/2024","Imported Special",64.00,80.15,55.57
"03/17/2024","Imported Special",64.00,80.15,55.49
"03/16/2024","Imported Special",64.00,80.15,55.49
"03/15/2024","Imported Special",64.00,80.15,55.49
"03/14/2024","Imported Special",62.00,80.15,55.35
"03/13/2024","Imported Special",62.00,80.15,55.44
"03/12/2024","Imported Special",62.00,80.15,55.29
"03/11/2024","Imported Special",62.00,80.15,55.57
"03/10/2024","Imported Special",62.00,80.15,55.70
"03/09/2024","Imported Special",62.00,80.15,55.70
"03/08/2024","Imported Special",62.00,80.15,55.70
"03/07/2024","Imported Special",62.00,80.15,55.81
"03/06/2024","Imported Special",62.00,80.15,55.93
"03/05/2024","Imported Special",62.00,80.15,55.97
"03/04/2024","Imported Special",62.00,80.15,56.01
"03/03/2024","Imported Special",62.00,81.35,56.17
"03/02/2024","Imported Special",62.00,81.35,56.17
"03/01/2024","Imported Special",62.00,81.35,56.17
"02/29/2024","Imported Special",62.00,81.35,56.21
"02/28/2024","Imported Special",62.00,81.35,56.07
"02/27/2024","Imported Special",62.00,81.35,56.03
"02/26/2024","Imported Special",62.00,81.35,55.87
"02/25/2024","Imported Special",62.00,81.35,55.76
"02/24/2024","Imported Special",62.00,81.35,55.76
"02/23/2024","Imported Special",62.00,81.35,55.76
"02/22/2024","Imported Special",62.00,81.35,55.82
"02/21/2024","Imported Special",60.00,81.35,55.85
"02/20/2024","Imported Special",60.00,81.35,56.00
"02/19/2024","Imported Special",60.00,81.35,55.96
"02/18/2024","Imported Special",60.00,79.65,55.82
"02/17/2024","Imported Special",60.00,79.65,55.82
"02/16/2024","Imported Special",60.00,79.65,55.82
"02/15/2024","Imported Special",60.00,79.65,56.03
"02/14/2024","Imported Special",60.00,79.65,56.03
"02/13/2024","Imported Special",60.00,79.65,55.89
"02/12/2024","Imported Special",60.00,79.65,55.87
"02/11/2024","Imported Special",60.00,79.65,55.97
"02/10/2024","Imported Special",60.00,79.65,55.97
"02/09/2024","Imported Special",60.00,79.65,55.97
"02/08/2024","Imported Special",60.00,79.65,55.95
"02/07/2024","Imported Special",60.00,79.65,56.12
"02/06/2024","Imported Special",60.00,79.65,56.30
"02/05/2024","Imported Special",60.00,79.65,56.16
"02/04/2024","Imported Special",60.00,80.75,55.93
"02/03/2024","Imported Special",60.00,80.75,55.93
"02/02/2024","Imported Special",60.00,80.75,55.93
"02/01/2024","Imported Special",60.00,80.75,56.10
"01/31/2024","Imported Special",60.00,80.75,56.30
"01/30/2024","Imported Special",60.00,80.75,56.33
"01/29/2024","Imported Special",60.00,80.75,56.22
"01/28/2024","Imported Special",60.00,78.15,56.51
"01/27/2024","Imported Special",60.00,78.15,56.51
"01/26/2024","Imported Special",60.00,78.15,56.51
"01/25/2024","Imported Special",60.00,78.15,56.18
"01/24/2024","Imported Special",60.00,78.15,56.29
"01/23/2024","Imported Special",60.00,78.15,56.33
"01/22/2024","Imported Special",60.00,78.15,55.86
"01/21/2024","Imported Special",60.00,77.20,55.70
"01/20/2024","Imported Special",60.00,77.20,55.70
"01/19/2024","Imported Special",60.00,77.20,55.70
"01/18/2024","Imported Special",60.00,77.20,55.91
"01/17/2024","Imported Special",60.00,77.20,55.90
"01/16/2024","Imported Special",60.00,77.20,55.73
"01/15/2024","Imported Special",60.00,77.20,55.78
"01/14/2024","Imported Special",65.00,77.30,55.94
"01/13/2024","Imported Special",65.00,77.30,55.94
"01/12/2024","Imported Special",65.00,77.30,55.94
"01/11/2024","Imported Special",65.00,77.30,56.03
"01/10/2024","Imported Special",65.00,77.30,56.09
"01/09/2024","Imported Special",65.00,77.30,55.65
"01/08/2024","Imported Special",65.00,77.30,55.49
"01/07/2024","Imported Special",65.00,77.20,55.52
"01/06/2024","Imported Special",65.00,77.20,55.52
"01/05/2024","Imported Special",65.00,77.20,55.52
"01/04/2024","Imported Special",65.00,77.20,55.67
"01/03/2024","Imported Special",65.00,77.20,55.56
"01/02/2024","Imported Special",65.00,77.20,55.39
"01/01/2024","Imported Special",65.00,77.20,55.25
"12/31/2023","Imported Special",65.00,77.20,55.31
"12/30/2023","Imported Special",65.00,77.20,55.31
"12/29/2023","Imported Special",65.00,77.20,55.31
"12/28/2023","Imported Special",65.00,77.20,55.55
"12/27/2023","Imported Special",65.00,77.20,55.31
"12/26/2023","Imported Special",65.00,77.20,55.39
"12/25/2023","Imported Special",65.00,77.20,55.24
"12/24/2023","Imported Special",65.00,75.80,55.26
"12/23/2023","Imported Special",65.00,75.80,55.26
"12/22/2023","Imported Special",65.00,75.80,55.26
"12/21/2023","Imported Special",65.00,75.80,55.62
"12/20/2023","Imported Special",65.00,75.80,55.59
"12/19/2023","Imported Special",65.00,75.80,55.65
"12/18/2023","Imported Special",65.00,75.80,55.74
"12/17/2023","Imported Special",65.00,75.80,55.66
"12/16/2023","Imported Special",65.00,75.80,55.66
"12/15/2023","Imported Special",65.00,75.80,55.66
"12/14/2023","Imported Special",65.00,75.80,55.48
"12/13/2023","Imported Special",65.00,75.80,55.53
"12/12/2023","Imported Special",65.00,75.80,55.55
"12/11/2023","Imported Special",65.00,75.80,55.36
"12/10/2023","Imported Special",65.00,77.65,55.37
"12/09/2023","Imported Special",65.00,77.65,55.37
"12/08/2023","Imported Special",65.00,77.65,55.37
"12/07/2023","Imported Special",65.00,77.65,55.25
"12/06/2023","Imported Special",65.00,77.65,55.12
"12/05/2023","Imported Special",65.00,77.65,55.33
"12/04/2023","Imported Special",65.00,77.65,55.24
"12/03/2023","Imported Special",65.00,77.65,55.50
"12/02/2023","Imported Special",65.00,77.65,55.50
"12/01/2023","Imported Special",65.00,77.65,55.50
"11/30/2023","Imported Special",65.00,77.65,55.20
"11/29/2023","Imported Special",65.00,77.65,54.83
"11/28/2023","Imported Special",65.00,77.65,55.34
"11/27/2023","Imported Special",65.00,77.65,55.49
"11/26/2023","Imported Special",65.00,77.65,55.21
"11/25/2023","Imported Special",65.00,77.65,55.21
"11/24/2023","Imported Special",65.00,77.65,55.21
"11/23/2023","Imported Special",65.00,77.65,55.32
"11/22/2023","Imported Special",65.00,77.65,55.28
"11/21/2023","Imported Special",65.00,77.65,55.12
"11/20/2023","Imported Special",65.00,77.65,55.39
"11/19/2023","Imported Special",65.00,78.70,55.62
"11/18/2023","Imported Special",65.00,78.70,55.62
"11/17/2023","Imported Special",65.00,78.70,55.62
"11/16/2023","Imported Special",65.00,78.70,55.73
"11/15/2023","Imported Special",65.00,78.70,55.50
"11/14/2023","Imported Special",65.00,78.70,55.80
"11/13/2023","Imported Special",65.00,78.70,55.90
"11/12/2023","Imported Special",65.00,81.70,55.94
"11/11/2023","Imported Special",65.00,81.70,55.94
"11/10/2023","Imported Special",65.00,81.70,55.94
"11/09/2023","Imported Special",65.00,81.70,55.75
"11/08/2023","Imported Special",65.00,81.70,55.93
"11/07/2023","Imported Special",65.00,81.70,55.73
"11/06/2023","Imported Special",65.00,81.70,55.69
"11/05/2023","Imported Special",65.00,82.80,56.49
"11/04/2023","Imported Special",65.00,82.80,56.49
"11/03/2023","Imported Special",65.00,82.80,56.49
"11/02/2023","Imported Special",65.00,82.80,56.65
"11/01/2023","Imported Special",65.00,82.80,56.78
"10/31/2023","Imported Special",65.00,82.80,56.71
"10/30/2023","Imported Special",65.00,82.80,56.88
"10/29/2023","Imported Special",65.00,84.05,56.88
"10/28/2023","Imported Special",65.00,84.05,56.88
"10/27/2023","Imported Special",65.00,84.05,56.88
"10/26/2023","Imported Special",65.00,84.05,56.76
"10/25/2023","Imported Special",65.00,84.05,56.68
"10/24/2023","Imported Special",65.00,84.05,56.66
"10/23/2023","Imported Special",65.00,84.05,56.76
"10/22/2023","Imported Special",65.00,85.00,56.76
"10/21/2023","Imported Special",65.00,85.00,56.76
"10/20/2023","Imported Special",65.00,85.00,56.76
"10/19/2023","Imported Special",65.00,85.00,56.83
"10/18/2023","Imported Special",65.00,85.00,56.61
"10/17/2023","Imported Special",65.00,85.00,56.62
"10/16/2023","Imported Special",65.00,85.00,56.80
"10/15/2023","Imported Special",65.00,84.30,56.77
"10/14/2023","Imported Special",65.00,84.30,56.77
"10/13/2023","Imported Special",65.00,84.30,56.77
"10/12/2023","Imported Special",65.00,84.30,56.53
"10/11/2023","Imported Special",65.00,84.30,56.78
"10/10/2023","Imported Special",65.00,84.30,56.88
"10/09/2023","Imported Special",65.00,84.30,56.68
"10/08/2023","Imported Special",65.00,86.75,56.63
"10/07/2023","Imported Special",65.00,86.75,56.63
"10/06/2023","Imported Special",65.00,86.75,56.63
"10/05/2023","Imported Special",65.00,86.75,56.61
"10/04/2023","Imported Special",65.00,86.75,56.83
"10/03/2023","Imported Special",65.00,86.75,56.76
"10/02/2023","Imported Special",65.00,86.75,56.69
"10/01/2023","Imported Special",65.00,88.75,56.64
"09/30/2023","Imported Special",65.00,88.75,56.64
"09/29/2023","Imported Special",65.00,88.75,56.64
"09/28/2023","Imported Special",65.00,88.75,56.97
"09/27/2023","Imported Special",65.00,88.75,57.22
"09/26/2023","Imported Special",65.00,88.75,56.85
"09/25/2023","Imported Special",65.00,88.75,56.81
"09/24/2023","Imported Special",65.00,87.50,56.77
"09/23/2023","Imported Special",65.00,87.50,56.77
"09/22/2023","Imported Special",65.00,87.50,56.77
"09/21/2023","Imported Special",65.00,87.50,56.75
"09/20/2023","Imported Special",65.00,87.50,56.74
"09/19/2023","Imported Special",65.00,87.50,56.60
"09/18/2023","Imported Special",65.00,87.50,56.86
"09/17/2023","Imported Special",65.00,85.00,56.73
"09/16/2023","Imported Special",65.00,85.00,56.73
"09/15/2023","Imported Special",65.00,85.00,56.73
"09/14/2023","Imported Special",65.00,85.00,56.62
"09/13/2023","Imported Special",65.00,85.00,56.62
"09/12/2023","Imported Special",65.00,85.00,56.69
"09/11/2023","Imported Special",65.00,85.00,56.66
"09/10/2023","Imported Special",65.00,82.50,56.68
"09/09/2023","Imported Special",65.00,82.50,56.68
"09/08/2023","Imported Special",65.00,82.50,56.68
"09/07/2023","Imported Special",65.00,82.50,56.92
"09/06/2023","Imported Special",65.00,82.50,56.97
"09/05/2023","Imported Special",65.00,82.50,56.58
"09/04/2023","Imported Special",70.00,82.50,56.53
"09/03/2023","Imported Special",70.00,81.30,56.62
"09/02/2023","Imported Special",70.00,81.30,56.62
"09/01/2023","Imported Special",70.00,81.30,56.62
"08/31/2023","Imported Special",70.00,81.30,56.76
"08/30/2023","Imported Special",70.00,81.30,56.67
"08/29/2023","Imported Special",70.00,81.30,56.71
"08/28/2023","Imported Special",68.00,81.30,56.60
"08/27/2023","Imported Special",68.00,80.70,56.62
"08/26/2023","Imported Special",68.00,80.70,56.62
"08/25/2023","Imported Special",68.00,80.70,56.62
"08/24/2023","Imported Special",68.00,80.70,56.42
"08/23/2023","Imported Special",68.00,80.70,56.13
"08/22/2023","Imported Special",68.00,80.70,56.25
"08/21/2023","Imported Special",65.00,80.70,56.14
"08/20/2023","Imported Special",65.00,80.50,56.71
"08/19/2023","Imported Special",65.00,80.50,56.71
"08/18/2023","Imported Special",65.00,80.50,56.71
"08/17/2023","Imported Special",65.00,80.50,56.63
"08/16/2023","Imported Special",65.00,80.50,56.85
"08/15/2023","Imported Special",65.00,80.50,56.86
"08/14/2023","Imported Special",64.00,80.50,56.57
"08/13/2023","Imported Special",64.00,79.20,56.16
"08/12/2023","Imported Special",64.00,79.20,56.16
"08/11/2023","Imported Special",64.00,79.20,56.16
"08/10/2023","Imported Special",64.00,79.20,56.29
"08/09/2023","Imported Special",64.00,79.20,56.28
"08/08/2023","Imported Special",64.00,79.20,56.20
"08/07/2023","Imported Special",62.00,79.20,55.12
"08/06/2023","Imported Special",62.00,75.20,55.73
"08/05/2023","Imported Special",62.00,75.20,55.73
"08/04/2023","Imported Special",62.00,75.20,55.73
"08/03/2023","Imported Special",62.00,75.20,55.33
"08/02/2023","Imported Special",62.00,75.20,54.88
"08/01/2023","Imported Special",62.00,75.20,54.72
"07/31/2023","Imported Special",62.00,75.20,54.90
"07/30/2023","Imported Special",62.00,71.20,54.78
"07/29/2023","Imported Special",62.00,71.20,54.78
"07/28/2023","Imported Special",62.00,71.20,54.78
"07/27/2023","Imported Special",60.00,71.20,54.47
"07/26/2023","Imported Special",60.00,71.20,54.53
"07/25/2023","Imported Special",60.00,71.20,54.49
"07/24/2023","Imported Special",60.00,71.20,54.72
"07/23/2023","Imported Special",60.00,70.80,54.65
"07/22/2023","Imported Special",60.00,70.80,54.65
"07/21/2023","Imported Special",60.00,70.80,54.65
"07/20/2023","Imported Special",58.00,70.80,54.62
"07/19/2023","Imported Special",58.00,70.80,54.35
"07/18/2023","Imported Special",58.00,70.80,54.38
"07/17/2023","Imported Special",58.00,70.80,54.34
"07/16/2023","Imported Special",58.00,68.70,54.34
"07/15/2023","Imported Special",58.00,68.70,54.34
"07/14/2023","Imported Special",58.00,68.70,54.34
"07/13/2023","Imported Special",58.00,68.70,54.51
"07/12/2023","Imported Special",58.00,68.70,55.26
"07/11/2023","Imported Special",58.00,68.70,55.55
"07/10/2023","Imported Special",56.00,68.70,55.52
"07/09/2023","Imported Special",56.00,68.70,55.65
"07/08/2023","Imported Special",56.00,68.70,55.65
"07/07/2023","Imported Special",56.00,68.70,55.65
"07/06/2023","Imported Special",56.00,68.70,55.46
"07/05/2023","Imported Special",56.00,68.70,55.27
"07/04/2023","Imported Special",56.00,68.70,55.26
"07/03/2023","Imported Special",56.00,68.70,55.26
"07/02/2023","Imported Special",56.00,68.70,55.44
"07/01/2023","Imported Special",56.00,68.70,55.44
"06/30/2023","Imported Special",56.00,68.70,55.44
"06/29/2023","Imported Special",56.00,68.70,55.28
"06/28/2023","Imported Special",56.00,68.70,55.15
"06/27/2023","Imported Special",56.00,68.70,55.68
"06/26/2023","Imported Special",54.00,68.70,55.76
"06/25/2023","Imported Special",54.00,68.70,55.55
"06/24/2023","Imported Special",54.00,68.70,55.55
"06/23/2023","Imported Special",54.00,68.70,55.55
"06/22/2023","Imported Special",54.00,68.70,55.58
"06/21/2023","Imported Special",54.00,68.70,55.55
"06/20/2023","Imported Special",54.00,68.70,55.72
"06/19/2023","Imported Special",54.00,68.70,55.71
"06/18/2023","Imported Special",54.00,68.70,55.78
"06/17/2023","Imported Special",54.00,68.70,55.78
"06/16/2023","Imported Special",54.00,68.70,55.78
"06/15/2023","Imported Special",54.00,68.70,55.93
"06/14/2023","Imported Special",54.00,68.70,55.90
"06/13/2023","Imported Special",54.00,68.70,56.07
"06/12/2023","Imported Special",54.00,68.70,56.07
"06/11/2023","Imported Special",54.00,67.60,56.06
"06/10/2023","Imported Special",54.00,67.60,56.06
"06/09/2023","Imported Special",54.00,67.60,56.06
"06/08/2023","Imported Special",54.00,67.60,56.13
"06/07/2023","Imported Special",54.00,67.60,56.10
"06/06/2023","Imported Special",54.00,67.60,56.02
"06/05/2023","Imported Special",54.00,67.60,56.01
"06/04/2023","Imported Special",54.00,68.20,56.07
"06/03/2023","Imported Special",54.00,68.20,56.07
"06/02/2023","Imported Special",54.00,68.20,56.07
"06/01/2023","Imported Special",54.00,68.20,56.34
"05/31/2023","Imported Special",54.00,68.20,56.35
"05/30/2023","Imported Special",54.00,68.20,56.13
"05/29/2023","Imported Special",54.00,68.20,55.92
"05/28/2023","Imported Special",54.00,68.20,56.08
"05/27/2023","Imported Special",54.00,68.20,56.08
"05/26/2023","Imported Special",54.00,68.20,56.08
"05/25/2023","Imported Special",54.00,68.20,55.70
"05/24/2023","Imported Special",54.00,68.20,55.82
"05/23/2023","Imported Special",54.00,68.20,55.56
"05/22/2023","Imported Special",54.00,68.20,55.64
"05/21/2023","Imported Special",54.00,68.20,55.81
"05/20/2023","Imported Special",54.00,68.20,55.81
"05/19/2023","Imported Special",54.00,68.20,55.81
"05/18/2023","Imported Special",54.00,68.20,56.02
"05/17/2023","Imported Special",54.00,68.20,56.18
"05/16/2023","Imported Special",54.00,68.20,56.07
"05/15/2023","Imported Special",54.00,68.20,55.85
"05/14/2023","Imported Special",54.00,69.25,55.85
"05/13/2023","Imported Special",54.00,69.25,55.85
"05/12/2023","Imported Special",54.00,69.25,55.85
"05/11/2023","Imported Special",54.00,69.25,55.63
"05/10/2023","Imported Special",54.00,69.25,55.76
"05/09/2023","Imported Special",54.00,69.25,55.44
"05/08/2023","Imported Special",54.00,69.25,55.29
"05/07/2023","Imported Special",54.00,71.45,55.34
"05/06/2023","Imported Special",54.00,71.45,55.34
"05/05/2023","Imported Special",54.00,71.45,55.34
"05/04/2023","Imported Special",54.00,71.45,55.33
"05/03/2023","Imported Special",54.00,71.45,55.42
"05/02/2023","Imported Special",54.00,71.45,55.53
"05/01/2023","Imported Special",54.00,71.45,55.47
"04/30/2023","Imported Special",54.00,72.95,55.63
"04/29/2023","Imported Special",54.00,72.95,55.63
"04/28/2023","Imported Special",54.00,72.95,55.63
"04/27/2023","Imported Special",54.00,72.95,55.56
"04/26/2023","Imported Special",54.00,72.95,55.43
"04/25/2023","Imported Special",54.00,72.95,55.63
"04/24/2023","Imported Special",54.00,72.95,55.88
"04/23/2023","Imported Special",54.00,75.05,55.93
"04/22/2023","Imported Special",54.00,75.05,55.93
"04/21/2023","Imported Special",54.00,75.05,55.93
"04/20/2023","Imported Special",54.00,75.05,56.29
"04/19/2023","Imported Special",54.00,75.05,56.24
"04/18/2023","Imported Special",54.00,75.05,56.03
"04/17/2023","Imported Special",54.00,75.05,55.34
"04/16/2023","Imported Special",54.00,75.05,55.21
"04/15/2023","Imported Special",54.00,75.05,55.21
"04/14/2023","Imported Special",54.00,75.05,55.21
"04/13/2023","Imported Special",54.00,75.05,55.16
"04/12/2023","Imported Special",54.00,75.05,55.00
"04/11/2023","Imported Special",54.00,75.05,54.69
"04/10/2023","Imported Special",54.00,75.05,54.58
"04/09/2023","Imported Special",54.00,73.35,54.46
"04/08/2023","Imported Special",54.00,73.35,54.46
"04/07/2023","Imported Special",54.00,73.35,54.46
"04/06/2023","Imported Special",54.00,73.35,54.49
"04/05/2023","Imported Special",54.00,73.35,54.24
"04/04/2023","Imported Special",54.00,73.35,54.51
"04/03/2023","Imported Special",54.00,73.35,54.27
"04/02/2023","Imported Special",54.00,73.35,54.30
"04/01/2023","Imported Special",54.00,73.35,54.30
"03/31/2023","Imported Special",54.00,73.35,54.30
"03/30/2023","Imported Special",54.00,73.35,54.26
"03/29/2023","Imported Special",54.00,73.35,54.28
"03/28/2023","Imported Special",52.00,73.35,54.08
"03/27/2023","Imported Special",52.00,73.35,54.28
"03/26/2023","Imported Special",52.00,74.65,54.28
"03/25/2023","Imported Special",52.00,74.65,54.28
"03/24/2023","Imported Special",52.00,74.65,54.28
"03/23/2023","Imported Special",52.00,74.65,54.35
"03/22/2023","Imported Special",52.00,74.65,54.22
"03/21/2023","Imported Special",52.00,74.65,54.20
"03/20/2023","Imported Special",52.00,74.65,54.63
"03/19/2023","Imported Special",52.00,76.50,54.59
"03/18/2023","Imported Special",52.00,76.50,54.59
"03/17/2023","Imported Special",52.00,76.50,54.59
"03/16/2023","Imported Special",52.00,76.50,55.01
"03/15/2023","Imported Special",52.00,76.50,54.86
"03/14/2023","Imported Special",50.00,76.50,55.17
"03/13/2023","Imported Special",50.00,76.50,55.08
"03/12/2023","Imported Special",50.00,76.50,55.20
"03/11/2023","Imported Special",50.00,76.50,55.20
"03/10/2023","Imported Special",50.00,76.50,55.20
"03/09/2023","Imported Special",50.00,76.50,55.39
"03/08/2023","Imported Special",50.00,76.50,55.25
"03/07/2023","Imported Special",50.00,76.50,55.06
"03/06/2023","Imported Special",50.00,76.50,55.51
"03/05/2023","Imported Special",50.00,76.90,54.97
"03/04/2023","Imported Special",50.00,76.90,54.97
"03/03/2023","Imported Special",50.00,76.90,54.97
"03/02/2023","Imported Special",50.00,76.90,54.85
"03/01/2023","Imported Special",50.00,76.90,55.44
"02/28/2023","Imported Special",50.00,76.90,55.33
"02/27/2023","Imported Special",50.00,76.90,54.82
"02/26/2023","Imported Special",50.00,77.80,54.96
"02/25/2023","Imported Special",50.00,77.80,54.96
"02/24/2023","Imported Special",50.00,77.80,54.96
"02/23/2023","Imported Special",50.00,77.80,55.13
"02/22/2023","Imported Special",50.00,77.80,55.13
"02/21/2023","Imported Special",50.00,77.80,54.94
"02/20/2023","Imported Special",50.00,77.80,55.42
"02/19/2023","Imported Special",50.00,78.90,55.20
"02/18/2023","Imported Special",50.00,78.90,55.20
"02/17/2023","Imported Special",50.00,78.90,55.20
"02/16/2023","Imported Special",50.00,78.90,55.39
"02/15/2023","Imported Special",50.00,78.90,54.93
"02/14/2023","Imported Special",50.00,78.90,54.66
"02/13/2023","Imported Special",50.00,78.90,54.38
"02/12/2023","Imported Special",50.00,81.10,54.63
"02/11/2023","Imported Special",50.00,81.10,54.63
"02/10/2023","Imported Special",50.00,81.10,54.63
"02/09/2023","Imported Special",50.00,81.10,54.76
"02/08/2023","Imported Special",50.00,81.10,55.06
"02/07/2023","Imported Special",50.00,81.10,54.79
"02/06/2023","Imported Special",50.00,81.10,53.56
"02/05/2023","Imported Special",50.00,84.10,53.75
"02/04/2023","Imported Special",50.00,84.10,53.75
"02/03/2023","Imported Special",50.00,84.10,53.75
"02/02/2023","Imported Special",50.00,84.10,54.10
"02/01/2023","Imported Special",50.00,84.10,54.63
"01/31/2023","Imported Special",50.00,84.10,54.63
"01/30/2023","Imported Special",50.00,84.10,54.39
"01/29/2023","Imported Special",50.00,83.50,54.35
"01/28/2023","Imported Special",50.00,83.50,54.35
"01/27/2023","Imported Special",50.00,83.50,54.35
"01/26/2023","Imported Special",50.00,83.50,54.56
"01/25/2023","Imported Special",50.00,83.50,54.66
"01/24/2023","Imported Special",50.00,83.50,54.28
"01/23/2023","Imported Special",50.00,83.50,54.45
"01/22/2023","Imported Special",50.00,81.60,54.72
"01/21/2023","Imported Special",50.00,81.60,54.72
"01/20/2023","Imported Special",50.00,81.60,54.72
"01/19/2023","Imported Special",50.00,81.60,54.65
"01/18/2023","Imported Special",50.00,81.60,54.65
"01/17/2023","Imported Special",50.00,81.60,54.58
"01/16/2023","Imported Special",50.00,81.60,54.83
"01/15/2023","Imported Special",50.00,81.10,55.02
"01/14/2023","Imported Special",50.00,81.10,55.02
"01/13/2023","Imported Special",50.00,81.10,55.02
"01/12/2023","Imported Special",50.00,81.10,55.02
"01/11/2023","Imported Special",50.00,81.10,54.73
"01/10/2023","Imported Special",50.00,81.10,54.70
"01/09/2023","Imported Special",50.00,81.10,55.51
"01/08/2023","Imported Special",50.00,83.90,55.91
"01/07/2023","Imported Special",50.00,83.90,55.91
"01/06/2023","Imported Special",50.00,83.90,55.91
"01/05/2023","Imported Special",50.00,83.90,56.04
"01/04/2023","Imported Special",50.00,83.90,55.88
"01/03/2023","Imported Special",50.00,83.90,55.75
"01/02/2023","Imported Special",50.00,83.90,55.67
"01/01/2023","Imported Special",50.00,83.90,55.65
"12/31/2022","Imported Special",50.00,83.90,55.65
"12/30/2022","Imported Special",50.00,83.90,55.65
"12/29/2022","Imported Special",50.00,83.90,56.14
"12/28/2022","Imported Special",50.00,83.90,55.72
"12/27/2022","Imported Special",50.00,83.90,55.17
"12/26/2022","Imported Special",50.00,83.90,55.22
"12/25/2022","Imported Special",50.00,83.90,55.34
"12/24/2022","Imported Special",50.00,83.90,55.34
"12/23/2022","Imported Special",50.00,83.90,55.34
"12/22/2022","Imported Special",50.00,83.90,54.78
"12/21/2022","Imported Special",50.00,83.90,54.88
"12/20/2022","Imported Special",50.00,83.90,55.37
"12/19/2022","Imported Special",50.00,83.90,55.43
"12/18/2022","Imported Special",50.00,81.00,55.91
"12/17/2022","Imported Special",50.00,81.00,55.91
"12/16/2022","Imported Special",50.00,81.00,55.91
"12/15/2022","Imported Special",50.00,81.00,55.56
"12/14/2022","Imported Special",50.00,81.00,55.43
"12/13/2022","Imported Special",50.00,81.00,55.64
"12/12/2022","Imported Special",50.00,81.00,55.28
"12/11/2022","Imported Special",50.00,85.40,55.31
"12/10/2022","Imported Special",50.00,85.40,55.31
"12/09/2022","Imported Special",50.00,85.40,55.31
"12/08/2022","Imported Special",50.00,85.40,55.31
"12/07/2022","Imported Special",50.00,85.40,55.85
"12/06/2022","Imported Special",50.00,85.40,55.98
"12/05/2022","Imported Special",50.00,85.40,55.72
"12/04/2022","Imported Special",50.00,87.30,56.03
"12/03/2022","Imported Special",50.00,87.30,56.03
"12/02/2022","Imported Special",50.00,87.30,56.03
"12/01/2022","Imported Special",50.00,87.30,56.37
"11/30/2022","Imported Special",50.00,87.30,56.48
"11/29/2022","Imported Special",50.00,87.30,56.63
"11/28/2022","Imported Special",50.00,87.30,56.69
"11/27/2022","Imported Special",50.00,91.25,56.64
"11/26/2022","Imported Special",50.00,91.25,56.64
"11/25/2022","Imported Special",50.00,91.25,56.64
"11/24/2022","Imported Special",50.00,91.25,56.78
"11/23/2022","Imported Special",50.00,91.25,57.28
"11/22/2022","Imported Special",50.00,91.25,57.44
"11/21/2022","Imported Special",50.00,91.25,57.20
"11/20/2022","Imported Special",50.00,93.40,57.45
"11/19/2022","Imported Special",50.00,93.40,57.45
"11/18/2022","Imported Special",50.00,93.40,57.45
"11/17/2022","Imported Special",50.00,93.40,57.41
"11/16/2022","Imported Special",50.00,93.40,57.25
"11/15/2022","Imported Special",50.00,93.40,57.03
"11/14/2022","Imported Special",50.00,93.40,57.11
"11/13/2022","Imported Special",50.00,94.30,57.17
"11/12/2022","Imported Special",50.00,94.30,57.17
"11/11/2022","Imported Special",50.00,94.30,57.17
"11/10/2022","Imported Special",50.00,94.30,58.12
"11/09/2022","Imported Special",50.00,94.30,58.15
"11/08/2022","Imported Special",50.00,94.30,57.99
"11/07/2022","Imported Special",50.00,94.30,58.23
"11/06/2022","Imported Special",50.00,94.30,58.94
"11/05/2022","Imported Special",50.00,94.30,58.94
"11/04/2022","Imported Special",50.00,94.30,58.94
"11/03/2022","Imported Special",50.00,94.30,58.62
"11/02/2022","Imported Special",50.00,94.30,58.21
"11/01/2022","Imported Special",50.00,94.30,58.07
"10/31/2022","Imported Special",50.00,94.30,57.97
"10/30/2022","Imported Special",50.00,95.40,58.29
"10/29/2022","Imported Special",50.00,95.40,58.29
"10/28/2022","Imported Special",50.00,95.40,58.29
"10/27/2022","Imported Special",50.00,95.40,58.18
"10/26/2022","Imported Special",50.00,95.40,58.69
"10/25/2022","Imported Special",50.00,95.40,58.97
"10/24/2022","Imported Special",50.00,95.40,58.87
"10/23/2022","Imported Special",50.00,95.40,59.02
"10/22/2022","Imported Special",50.00,95.40,59.02
"10/21/2022","Imported Special",50.00,95.40,59.02
"10/20/2022","Imported Special",50.00,95.40,59.22
"10/19/2022","Imported Special",50.00,95.40,58.92
"10/18/2022","Imported Special",50.00,95.40,58.96
"10/17/2022","Imported Special",50.00,95.40,58.99
"10/16/2022","Imported Special",50.00,92.70,59.10
"10/15/2022","Imported Special",50.00,92.70,59.10
"10/14/2022","Imported Special",50.00,92.70,59.10
"10/13/2022","Imported Special",50.00,92.70,58.82
"10/12/2022","Imported Special",50.00,92.70,59.08
"10/11/2022","Imported Special",50.00,92.70,59.15
"10/10/2022","Imported Special",50.00,92.70,59.04
"10/09/2022","Imported Special",50.00,85.85,59.01
"10/08/2022","Imported Special",50.00,85.85,59.01
"10/07/2022","Imported Special",50.00,85.85,59.01
"10/06/2022","Imported Special",50.00,85.85,58.80
"10/05/2022","Imported Special",50.00,85.85,58.67
"10/04/2022","Imported Special",50.00,85.85,59.03
"10/03/2022","Imported Special",50.00,85.85,58.75
"10/02/2022","Imported Special",50.00,85.45,58.60
"10/01/2022","Imported Special",50.00,85.45,58.60
"09/30/2022","Imported Special",50.00,85.45,58.60
"09/29/2022","Imported Special",50.00,85.45,58.71
"09/28/2022","Imported Special",50.00,85.45,59.10
"09/27/2022","Imported Special",50.00,85.45,59.19
"09/26/2022","Imported Special",50.00,85.45,58.74
"09/25/2022","Imported Special",50.00,89.55,58.48
"09/24/2022","Imported Special",50.00,89.55,58.48
"09/23/2022","Imported Special",50.00,89.55,58.48
"09/22/2022","Imported Special",50.00,89.55,58.13
"09/21/2022","Imported Special",50.00,89.55,57.67
"09/20/2022","Imported Special",50.00,89.55,57.31
"09/19/2022","Imported Special",50.00,89.55,57.34
"09/18/2022","Imported Special",50.00,89.55,57.38
"09/17/2022","Imported Special",50.00,89.55,57.38
"09/16/2022","Imported Special",50.00,89.55,57.38
"09/15/2022","Imported Special",50.00,89.55,56.92
"09/14/2022","Imported Special",50.00,89.55,57.11
"09/13/2022","Imported Special",50.00,89.55,56.88
"09/12/2022","Imported Special",50.00,89.55,56.81
"09/11/2022","Imported Special",50.00,91.00,57.19
"09/10/2022","Imported Special",50.00,91.00,57.19
"09/09/2022","Imported Special",50.00,91.00,57.19
"09/08/2022","Imported Special",50.00,91.00,57.12
"09/07/2022","Imported Special",50.00,91.00,57.12
"09/06/2022","Imported Special",50.00,91.00,56.96
"09/05/2022","Imported Special",50.00,91.00,56.80
"09/04/2022","Imported Special",50.00,92.55,56.85
"09/03/2022","Imported Special",50.00,92.55,56.85
"09/02/2022","Imported Special",50.00,92.55,56.85
"09/01/2022","Imported Special",50.00,92.55,56.23
"08/31/2022","Imported Special",50.00,92.55,56.30
"08/30/2022","Imported Special",50.00,92.55,56.32
"08/29/2022","Imported Special",50.00,92.55,56.11
"08/28/2022","Imported Special",50.00,86.45,56.11
"08/27/2022","Imported Special",50.00,86.45,56.11
"08/26/2022","Imported Special",50.00,86.45,56.11
"08/25/2022","Imported Special",50.00,86.45,56.15
"08/24/2022","Imported Special",50.00,86.45,56.09
"08/23/2022","Imported Special",50.00,86.45,56.30
"08/22/2022","Imported Special",50.00,86.45,56.01
"08/21/2022","Imported Special",50.00,87.50,56.01
"08/20/2022","Imported Special",50.00,87.50,56.01
"08/19/2022","Imported Special",50.00,87.50,56.01
"08/18/2022","Imported Special",50.00,87.50,56.00
"08/17/2022","Imported Special",50.00,87.50,55.87
"08/16/2022","Imported Special",50.00,87.50,56.05
"08/15/2022","Imported Special",50.00,87.50,55.68
"08/14/2022","Imported Special",50.00,87.50,55.46
"08/13/2022","Imported Special",50.00,87.50,55.46
"08/12/2022","Imported Special",50.00,87.50,55.46
"08/11/2022","Imported Special",50.00,87.50,55.45
"08/10/2022","Imported Special",50.00,87.50,55.67
"08/09/2022","Imported Special",50.00,87.50,55.47
"08/08/2022","Imported Special",50.00,87.50,55.54
"08/07/2022","Imported Special",50.00,89.70,55.59
"08/06/2022","Imported Special",50.00,89.70,55.59
"08/05/2022","Imported Special",50.00,89.70,55.59
"08/04/2022","Imported Special",50.00,89.70,55.70
"08/03/2022","Imported Special",50.00,89.70,55.70
"08/02/2022","Imported Special",50.00,89.70,55.44
"08/01/2022","Imported Special",50.00,89.70,55.10
"07/31/2022","Imported Special",50.00,89.70,55.90
"07/30/2022","Imported Special",50.00,89.70,55.90
"07/29/2022","Imported Special",50.00,89.70,55.90
"07/28/2022","Imported Special",50.00,89.70,55.53
"07/27/2022","Imported Special",50.00,89.70,55.54
"07/26/2022","Imported Special",50.00,89.70,55.84
"07/25/2022","Imported Special",50.00,89.70,56.06
"07/24/2022","Imported Special",50.00,91.75,56.42
"07/23/2022","Imported Special",50.00,91.75,56.42
"07/22/2022","Imported Special",50.00,91.75,56.42
"07/21/2022","Imported Special",50.00,91.75,56.35
"07/20/2022","Imported Special",50.00,91.75,56.25
"07/19/2022","Imported Special",50.00,91.75,56.51
"07/18/2022","Imported Special",50.00,91.75,56.29
"07/17/2022","Imported Special",50.00,97.85,56.23
"07/16/2022","Imported Special",50.00,97.85,56.23
"07/15/2022","Imported Special",50.00,97.85,56.23
"07/14/2022","Imported Special",50.00,97.85,56.45
"07/13/2022","Imported Special",50.00,97.85,56.18
"07/12/2022","Imported Special",50.00,97.85,56.16
"07/11/2022","Imported Special",50.00,97.85,55.82
"07/10/2022","Imported Special",50.00,103.95,56.04
"07/09/2022","Imported Special",50.00,103.95,56.04
"07/08/2022","Imported Special",50.00,103.95,56.04
"07/07/2022","Imported Special",50.00,103.95,55.97
"07/06/2022","Imported Special",50.00,103.95,55.31
"07/05/2022","Imported Special",50.00,103.95,55.10
"07/04/2022","Imported Special",50.00,103.95,55.13
"07/03/2022","Imported Special",50.00,103.95,55.07
"07/02/2022","Imported Special",50.00,103.95,55.07
"07/01/2022","Imported Special",50.00,103.95,55.07
"06/30/2022","Imported Special",50.00,103.95,55.05
"06/29/2022","Imported Special",50.00,103.95,54.89
"06/28/2022","Imported Special",50.00,103.95,54.86
"06/27/2022","Imported Special",50.00,103.95,54.89
"06/26/2022","Imported Special",50.00,102.30,54.67
"06/25/2022","Imported Special",50.00,102.30,54.67
"06/24/2022","Imported Special",50.00,102.30,54.67
"06/23/2022","Imported Special",50.00,102.30,54.40
"06/22/2022","Imported Special",50.00,102.30,54.41
"06/21/2022","Imported Special",50.00,102.30,54.26
"06/20/2022","Imported Special",50.00,102.30,53.66
"06/19/2022","Imported Special",50.00,99.20,53.61
"06/18/2022","Imported Special",50.00,99.20,53.61
"06/17/2022","Imported Special",50.00,99.20,53.61
"06/16/2022","Imported Special",50.00,99.20,53.31
"06/15/2022","Imported Special",50.00,99.20,53.46
"06/14/2022","Imported Special",50.00,99.20,53.50
"06/13/2022","Imported Special",50.00,99.20,53.08
"06/12/2022","Imported Special",50.00,94.65,53.14
"06/11/2022","Imported Special",50.00,94.65,53.14
"06/10/2022","Imported Special",50.00,94.65,53.14
"06/09/2022","Imported Special",50.00,94.65,53.16
"06/08/2022","Imported Special",50.00,94.65,52.74
"06/07/2022","Imported Special",50.00,94.65,53.07
"06/06/2022","Imported Special",50.00,94.65,52.92
"06/05/2022","Imported Special",50.00,88.10,52.31
"06/04/2022","Imported Special",50.00,88.10,52.31
"06/03/2022","Imported Special",50.00,88.10,52.31
"06/02/2022","Imported Special",50.00,88.10,52.64
"06/01/2022","Imported Special",50.00,88.10,52.34
"05/31/2022","Imported Special",50.00,88.10,52.24
"05/30/2022","Imported Special",50.00,88.10,52.20
"05/29/2022","Imported Special",50.00,88.10,52.37
"05/28/2022","Imported Special",50.00,88.10,52.37
"05/27/2022","Imported Special",50.00,88.10,52.37
"05/26/2022","Imported Special",50.00,88.10,52.25
"05/25/2022","Imported Special",50.00,88.10,52.44
"05/24/2022","Imported Special",50.00,88.10,52.37
"05/23/2022","Imported Special",50.00,88.10,52.25
"05/22/2022","Imported Special",50.00,84.15,52.13
"05/21/2022","Imported Special",50.00,84.15,52.13
"05/20/2022","Imported Special",50.00,84.15,52.13
"05/19/2022","Imported Special",50.00,84.15,52.36
"05/18/2022","Imported Special",50.00,84.15,52.48
"05/17/2022","Imported Special",50.00,84.15,52.44
"05/16/2022","Imported Special",50.00,84.15,52.31
"05/15/2022","Imported Special",50.00,85.20,52.66
"05/14/2022","Imported Special",50.00,85.20,52.66
"05/13/2022","Imported Special",50.00,85.20,52.66
"05/12/2022","Imported Special",50.00,85.20,52.35
"05/11/2022","Imported Special",50.00,85.20,52.54
"05/10/2022","Imported Special",50.00,85.20,53.02
"05/09/2022","Imported Special",50.00,85.20,52.40
"05/08/2022","Imported Special",50.00,85.20,52.41
"05/07/2022","Imported Special",50.00,85.20,52.41
"05/06/2022","Imported Special",50.00,85.20,52.41
"05/05/2022","Imported Special",50.00,85.20,52.48
"05/04/2022","Imported Special",50.00,85.20,52.77
"05/03/2022","Imported Special",50.00,85.20,52.73
"05/02/2022","Imported Special",50.00,85.20,52.33
"05/01/2022","Imported Special",50.00,84.05,52.56
"04/30/2022","Imported Special",50.00,84.05,52.56
"04/29/2022","Imported Special",50.00,84.05,52.56
"04/28/2022","Imported Special",50.00,84.05,52.25
"04/27/2022","Imported Special",50.00,84.05,52.44
"04/26/2022","Imported Special",50.00,84.05,52.54
"04/25/2022","Imported Special",50.00,84.05,52.41
"04/24/2022","Imported Special",50.00,79.95,52.52
"04/23/2022","Imported Special",50.00,79.95,52.52
"04/22/2022","Imported Special",50.00,79.95,52.52
"04/21/2022","Imported Special",50.00,79.95,52.33
"04/20/2022","Imported Special",50.00,79.95,52.68
"04/19/2022","Imported Special",50.00,79.95,52.42
"04/18/2022","Imported Special",50.00,79.95,52.17
"04/17/2022","Imported Special",50.00,78.25,52.37
"04/16/2022","Imported Special",50.00,78.25,52.37
"04/15/2022","Imported Special",50.00,78.25,52.37
"04/14/2022","Imported Special",50.00,78.25,52.21
"04/13/2022","Imported Special",50.00,78.25,52.21
"04/12/2022","Imported Special",50.00,78.25,52.24
"04/11/2022","Imported Special",50.00,78.25,51.59
"04/10/2022","Imported Special",50.00,78.25,51.56
"04/09/2022","Imported Special",50.00,78.25,51.56
"04/08/2022","Imported Special",50.00,78.25,51.56
"04/07/2022","Imported Special",50.00,78.25,51.46
"04/06/2022","Imported Special",50.00,78.25,51.39
"04/05/2022","Imported Special",50.00,78.25,51.42
"04/04/2022","Imported Special",50.00,78.25,51.58
"04/03/2022","Imported Special",50.00,85.10,51.81
"04/02/2022","Imported Special",50.00,85.10,51.81
"04/01/2022","Imported Special",50.00,85.10,51.81
"03/31/2022","Imported Special",50.00,85.10,52.11
"03/30/2022","Imported Special",50.00,85.10,52.05
"03/29/2022","Imported Special",50.00,85.10,52.12
"03/28/2022","Imported Special",50.00,85.10,52.15
"03/27/2022","Imported Special",50.00,76.45,52.41
"03/26/2022","Imported Special",50.00,76.45,52.41
"03/25/2022","Imported Special",50.00,76.45,52.41
"03/24/2022","Imported Special",50.00,76.45,52.53
"03/23/2022","Imported Special",50.00,76.45,52.50
"03/22/2022","Imported Special",50.00,76.45,52.64
"03/21/2022","Imported Special",50.00,76.45,52.54
"03/20/2022","Imported Special",50.00,76.45,52.27
"03/19/2022","Imported Special",50.00,76.45,52.27
"03/18/2022","Imported Special",50.00,76.45,52.27
"03/17/2022","Imported Special",50.00,76.45,52.27
"03/16/2022","Imported Special",50.00,76.45,52.52
"03/15/2022","Imported Special",50.00,76.45,52.65
"03/14/2022","Imported Special",50.00,76.45,52.34
"03/13/2022","Imported Special",50.00,63.30,52.51
"03/12/2022","Imported Special",50.00,63.30,52.51
"03/11/2022","Imported Special",50.00,63.30,52.51
"03/10/2022","Imported Special",50.00,63.30,52.18
"03/09/2022","Imported Special",50.00,63.30,52.60
"03/08/2022","Imported Special",50.00,63.30,52.63
"03/07/2022","Imported Special",50.00,63.30,51.85
"03/06/2022","Imported Special",50.00,57.45,51.53
"03/05/2022","Imported Special",50.00,57.45,51.53
"03/04/2022","Imported Special",50.00,57.45,51.53
"03/03/2022","Imported Special",50.00,57.45,51.60
"03/02/2022","Imported Special",50.00,57.45,51.44
"03/01/2022","Imported Special",50.00,57.45,51.28
"02/28/2022","Imported Special",50.00,57.45,51.22
"02/27/2022","Imported Special",50.00,56.65,51.40
"02/26/2022","Imported Special",50.00,56.65,51.40
"02/25/2022","Imported Special",50.00,56.65,51.40
"02/24/2022","Imported Special",50.00,56.65,51.12
"02/23/2022","Imported Special",50.00,56.65,51.39
"02/22/2022","Imported Special",50.00,56.65,51.53
"02/21/2022","Imported Special",50.00,56.65,51.43
"02/20/2022","Imported Special",50.00,56.00,51.42
"02/19/2022","Imported Special",50.00,56.00,51.42
"02/18/2022","Imported Special",50.00,56.00,51.42
"02/17/2022","Imported Special",50.00,56.00,51.38
"02/16/2022","Imported Special",50.00,56.00,51.29
"02/15/2022","Imported Special",50.00,56.00,51.45
"02/14/2022","Imported Special",50.00,56.00,51.14
"02/13/2022","Imported Special",50.00,54.95,51.40
"02/12/2022","Imported Special",50.00,54.95,51.40
"02/11/2022","Imported Special",50.00,54.95,51.40
"02/10/2022","Imported Special",50.00,54.95,51.40
"02/09/2022","Imported Special",50.00,54.95,51.65
"02/08/2022","Imported Special",50.00,54.95,51.68
"02/07/2022","Imported Special",50.00,54.95,51.07
"02/06/2022","Imported Special",50.00,53.90,51.06
"02/05/2022","Imported Special",50.00,53.90,51.06
"02/04/2022","Imported Special",50.00,53.90,51.06
"02/03/2022","Imported Special",50.00,53.90,51.10
"02/02/2022","Imported Special",50.00,53.90,51.14
"02/01/2022","Imported Special",50.00,53.90,51.16
"01/31/2022","Imported Special",50.00,53.90,50.97
"01/30/2022","Imported Special",50.00,53.15,51.35
"01/29/2022","Imported Special",50.00,53.15,51.35
"01/28/2022","Imported Special",50.00,53.15,51.35
"01/27/2022","Imported Special",50.00,53.15,51.45
"01/26/2022","Imported Special",50.00,53.15,51.03
"01/25/2022","Imported Special",50.00,53.15,51.50
"01/24/2022","Imported Special",50.00,53.15,51.16
"01/23/2022","Imported Special",50.00,52.40,51.54
"01/22/2022","Imported Special",50.00,52.40,51.54
"01/21/2022","Imported Special",50.00,52.40,51.54
"01/20/2022","Imported Special",50.00,52.40,51.35
"01/19/2022","Imported Special",50.00,52.40,51.76
"01/18/2022","Imported Special",50.00,52.40,51.52
"01/17/2022","Imported Special",50.00,52.40,51.19
"01/16/2022","Imported Special",50.00,51.45,51.24
"01/15/2022","Imported Special",50.00,51.45,51.24
"01/14/2022","Imported Special",50.00,51.45,51.24
"01/13/2022","Imported Special",50.00,51.45,51.00
"01/12/2022","Imported Special",50.00,51.45,50.86
"01/11/2022","Imported Special",50.00,51.45,51.57
"01/10/2022","Imported Special",50.00,51.45,51.20
"01/09/2022","Imported Special",50.00,51.45,51.57
"01/08/2022","Imported Special",50.00,51.45,51.57
"01/07/2022","Imported Special",50.00,51.45,51.57
"01/06/2022","Imported Special",50.00,51.45,50.89
"01/05/2022","Imported Special",50.00,51.45,51.58
"01/04/2022","Imported Special",50.00,51.45,51.42
"01/03/2022","Imported Special",50.00,51.45,50.87
"01/02/2022","Imported Special",50.00,49.35,51.24
"01/01/2022","Imported Special",50.00,49.35,51.24
"12/31/2021","Imported Special",50.00,49.35,51.24
"12/30/2021","Imported Special",50.00,49.35,51.26
"12/29/2021","Imported Special",50.00,49.35,50.63
"12/28/2021","Imported Special",50.00,49.35,50.20
"12/27/2021","Imported Special",50.00,49.35,49.88
"12/26/2021","Imported Special",50.00,49.35,50.08
"12/25/2021","Imported Special",50.00,49.35,50.08
"12/24/2021","Imported Special",50.00,49.35,50.08
"12/23/2021","Imported Special",50.00,49.35,50.19
"12/22/2021","Imported Special",50.00,49.35,49.81
"12/21/2021","Imported Special",50.00,49.35,49.73
"12/20/2021","Imported Special",50.00,49.35,49.78
"12/19/2021","Imported Special",50.00,48.55,49.99
"12/18/2021","Imported Special",50.00,48.55,49.99
"12/17/2021","Imported Special",50.00,48.55,49.99
"12/16/2021","Imported Special",50.00,48.55,50.21
"12/15/2021","Imported Special",50.00,48.55,50.37
"12/14/2021","Imported Special",50.00,48.55,50.45
"12/13/2021","Imported Special",50.00,48.55,48.98
"12/12/2021","Imported Special",50.00,48.15,50.44
"12/11/2021","Imported Special",50.00,48.15,50.44
"12/10/2021","Imported Special",50.00,48.15,50.44
"12/09/2021","Imported Special",50.00,48.15,50.30
"12/08/2021","Imported Special",50.00,48.15,50.38
"12/07/2021","Imported Special",50.00,48.15,50.47
"12/06/2021","Imported Special",50.00,48.15,50.33
"12/05/2021","Imported Special",50.00,50.55,50.36
"12/04/2021","Imported Special",50.00,50.55,50.36
"12/03/2021","Imported Special",50.00,50.55,50.36
"12/02/2021","Imported Special",50.00,50.55,50.44
"12/01/2021","Imported Special",50.00,50.55,50.38
"11/30/2021","Imported Special",50.00,50.55,50.38
"11/29/2021","Imported Special",50.00,50.55,50.37
"11/28/2021","Imported Special",50.00,51.65,50.19
"11/27/2021","Imported Special",50.00,51.65,50.19
"11/26/2021","Imported Special",50.00,51.65,50.19
"11/25/2021","Imported Special",50.00,51.65,50.27
"11/24/2021","Imported Special",50.00,51.65,50.45
"11/23/2021","Imported Special",50.00,51.65,50.57
"11/22/2021","Imported Special",50.00,51.65,50.37
"11/21/2021","Imported Special",50.00,52.85,50.33
"11/20/2021","Imported Special",50.00,52.85,50.33
"11/19/2021","Imported Special",50.00,52.85,50.33
"11/18/2021","Imported Special",50.00,52.85,50.33
"11/17/2021","Imported Special",50.00,52.85,50.50
"11/16/2021","Imported Special",50.00,52.85,50.22
"11/15/2021","Imported Special",50.00,52.85,49.81
"11/14/2021","Imported Special",50.00,53.75,50.13
"11/13/2021","Imported Special",50.00,53.75,50.13
"11/12/2021","Imported Special",50.00,53.75,50.13
"11/11/2021","Imported Special",50.00,53.75,50.00
"11/10/2021","Imported Special",50.00,53.75,50.24
"11/09/2021","Imported Special",50.00,53.75,50.16
"11/08/2021","Imported Special",50.00,53.75,50.33
"11/07/2021","Imported Special",50.00,53.75,50.46
"11/06/2021","Imported Special",50.00,53.75,50.46
"11/05/2021","Imported Special",50.00,53.75,50.46
"11/04/2021","Imported Special",50.00,53.75,50.69
"11/03/2021","Imported Special",50.00,53.75,50.27
"11/02/2021","Imported Special",50.00,53.75,50.42
"11/01/2021","Imported Special",50.00,53.75,50.41
"10/31/2021","Imported Special",50.00,52.65,50.69
"10/30/2021","Imported Special",50.00,52.65,50.69
"10/29/2021","Imported Special",50.00,52.65,50.69
"10/28/2021","Imported Special",50.00,52.65,50.63
"10/27/2021","Imported Special",50.00,52.65,50.84
"10/26/2021","Imported Special",50.00,52.65,50.77
"10/25/2021","Imported Special",50.00,52.65,50.74
"10/24/2021","Imported Special",50.00,51.50,50.94
"10/23/2021","Imported Special",50.00,51.50,50.94
"10/22/2021","Imported Special",50.00,51.50,50.94
"10/21/2021","Imported Special",50.00,51.50,50.90
"10/20/2021","Imported Special",50.00,51.50,50.92
"10/19/2021","Imported Special",50.00,51.50,51.03
"10/18/2021","Imported Special",50.00,51.50,50.70
"10/17/2021","Imported Special",50.00,50.00,50.81
"10/16/2021","Imported Special",50.00,50.00,50.81
"10/15/2021","Imported Special",50.00,50.00,50.81
"10/14/2021","Imported Special",50.00,50.00,50.41
"10/13/2021","Imported Special",50.00,50.00,50.97
"10/12/2021","Imported Special",50.00,50.00,51.00
"10/11/2021","Imported Special",50.00,50.00,50.57
"10/10/2021","Imported Special",50.00,48.50,50.65
"10/09/2021","Imported Special",50.00,48.50,50.65
"10/08/2021","Imported Special",50.00,48.50,50.65
"10/07/2021","Imported Special",50.00,48.50,50.97
"10/06/2021","Imported Special",50.00,48.50,50.51
"10/05/2021","Imported Special",50.00,48.50,50.94
"10/04/2021","Imported Special",50.00,48.50,50.63
"10/03/2021","Imported Special",50.00,47.05,51.10
"10/02/2021","Imported Special",50.00,47.05,51.10
"10/01/2021","Imported Special",50.00,47.05,51.10
"09/30/2021","Imported Special",50.00,47.05,51.09
"09/29/2021","Imported Special",50.00,47.05,51.01
"09/28/2021","Imported Special",50.00,47.05,50.96
"09/27/2021","Imported Special",50.00,47.05,50.80
"09/26/2021","Imported Special",50.00,45.85,50.18
"09/25/2021","Imported Special",50.00,45.85,50.18
"09/24/2021","Imported Special",50.00,45.85,50.18
"09/23/2021","Imported Special",50.00,45.85,50.35
"09/22/2021","Imported Special",50.00,45.85,50.22
"09/21/2021","Imported Special",50.00,45.85,50.13
"09/20/2021","Imported Special",50.00,45.85,50.03
"09/19/2021","Imported Special",50.00,44.75,50.04
"09/18/2021","Imported Special",50.00,44.75,50.04
"09/17/2021","Imported Special",50.00,44.75,50.04
"09/16/2021","Imported Special",50.00,44.75,49.71
"09/15/2021","Imported Special",50.00,44.75,49.96
"09/14/2021","Imported Special",50.00,44.75,49.94
"09/13/2021","Imported Special",50.00,44.75,49.93
"09/12/2021","Imported Special",50.00,44.35,49.80
"09/11/2021","Imported Special",50.00,44.35,49.80
"09/10/2021","Imported Special",50.00,44.35,49.80
"09/09/2021","Imported Special",50.00,44.35,50.26
"09/08/2021","Imported Special",50.00,44.35,49.99
"09/07/2021","Imported Special",50.00,44.35,50.00
"09/06/2021","Imported Special",50.00,44.35,49.91
"09/05/2021","Imported Special",50.00,43.85,49.81
"09/04/2021","Imported Special",50.00,43.85,49.81
"09/03/2021","Imported Special",50.00,43.85,49.81
"09/02/2021","Imported Special",50.00,43.85,50.02
"09/01/2021","Imported Special",50.00,43.85,49.63
"08/31/2021","Imported Special",50.00,43.85,49.88
"08/30/2021","Imported Special",50.00,43.85,49.81
"08/29/2021","Imported Special",50.00,43.45,49.88
"08/28/2021","Imported Special",50.00,43.45,49.88
"08/27/2021","Imported Special",50.00,43.45,49.88
"08/26/2021","Imported Special",50.00,43.45,49.82
"08/25/2021","Imported Special",50.00,43.45,49.89
"08/24/2021","Imported Special",50.00,43.45,50.27
"08/23/2021","Imported Special",50.00,43.45,50.25
"08/22/2021","Imported Special",50.00,44.25,50.40
"08/21/2021","Imported Special",50.00,44.25,50.40
"08/20/2021","Imported Special",50.00,44.25,50.40
"08/19/2021","Imported Special",50.00,44.25,50.49
"08/18/2021","Imported Special",50.00,44.25,50.62
"08/17/2021","Imported Special",50.00,44.25,50.81
"08/16/2021","Imported Special",50.00,44.25,50.54
"08/15/2021","Imported Special",50.00,44.25,50.59
"08/14/2021","Imported Special",50.00,44.25,50.59
"08/13/2021","Imported Special",50.00,44.25,50.59
"08/12/2021","Imported Special",50.00,44.25,50.36
"08/11/2021","Imported Special",50.00,44.25,50.55
"08/10/2021","Imported Special",50.00,44.25,50.38
"08/09/2021","Imported Special",50.00,44.25,50.75
"08/08/2021","Imported Special",50.00,44.95,50.25
"08/07/2021","Imported Special",50.00,44.95,50.25
"08/06/2021","Imported Special",50.00,44.95,50.25
"08/05/2021","Imported Special",50.00,44.95,49.76
"08/04/2021","Imported Special",50.00,44.95,49.83
"08/03/2021","Imported Special",50.00,44.95,49.97
"08/02/2021","Imported Special",50.00,44.95,49.95
"08/01/2021","Imported Special",50.00,44.50,50.26
"07/31/2021","Imported Special",48.50,44.50,50.26
"07/30/2021","Imported Special",48.50,44.50,50.26
"07/29/2021","Imported Special",48.50,44.50,50.22
"07/28/2021","Imported Special",48.50,44.50,50.46
"07/27/2021","Imported Special",48.50,44.50,50.30
"07/26/2021","Imported Special",48.50,44.50,50.18
"07/25/2021","Imported Special",48.00,45.20,50.19
"07/24/2021","Imported Special",48.00,45.20,50.19
"07/23/2021","Imported Special",48.00,45.20,50.19
"07/22/2021","Imported Special",48.00,45.20,50.31
"07/21/2021","Imported Special",48.00,45.20,50.94
"07/20/2021","Imported Special",48.00,45.20,51.09
"07/19/2021","Imported Special",48.00,45.20,50.42
"07/18/2021","Imported Special",47.50,46.00,50.27
"07/17/2021","Imported Special",47.50,46.00,50.27
"07/16/2021","Imported Special",47.50,46.00,50.27
"07/15/2021","Imported Special",47.50,46.00,50.19
"07/14/2021","Imported Special",47.50,46.00,50.21
"07/13/2021","Imported Special",47.50,46.00,50.53
"07/12/2021","Imported Special",47.50,46.00,50.03
"07/11/2021","Imported Special",47.00,45.55,49.96
"07/10/2021","Imported Special",47.00,45.55,49.96
"07/09/2021","Imported Special",47.00,45.55,49.96
"07/08/2021","Imported Special",47.00,45.55,50.09
"07/07/2021","Imported Special",47.00,45.55,49.91
"07/06/2021","Imported Special",47.00,45.55,49.32
"07/05/2021","Imported Special",47.00,45.55,49.22
"07/04/2021","Imported Special",46.50,44.95,49.08
"07/03/2021","Imported Special",46.50,44.95,49.08
"07/02/2021","Imported Special",46.50,44.95,49.08
"07/01/2021","Imported Special",46.50,44.95,48.92
"06/30/2021","Imported Special",46.50,44.95,48.67
"06/29/2021","Imported Special",46.50,44.95,48.68
"06/28/2021","Imported Special",46.50,44.95,48.40
"06/27/2021","Imported Special",46.00,44.30,48.71
"06/26/2021","Imported Special",46.00,44.30,48.71
"06/25/2021","Imported Special",46.00,44.30,48.71
"06/24/2021","Imported Special",46.00,44.30,48.64
"06/23/2021","Imported Special",46.00,44.30,48.79
"06/22/2021","Imported Special",46.00,44.30,48.59
"06/21/2021","Imported Special",46.00,44.30,48.52
"06/20/2021","Imported Special",45.50,43.60,48.51
"06/19/2021","Imported Special",45.50,43.60,48.51
"06/18/2021","Imported Special",45.50,43.60,48.51
"06/17/2021","Imported Special",45.50,43.60,48.20
"06/16/2021","Imported Special",45.50,43.60,48.07
"06/15/2021","Imported Special",45.50,43.60,47.92
"06/14/2021","Imported Special",45.50,43.60,47.77
"06/13/2021","Imported Special",45.00,43.00,47.72
"06/12/2021","Imported Special",45.00,43.00,47.72
"06/11/2021","Imported Special",45.00,43.00,47.72
"06/10/2021","Imported Special",45.00,43.00,47.76
"06/09/2021","Imported Special",45.00,43.00,47.59
"06/08/2021","Imported Special",45.00,43.00,47.68
"06/07/2021","Imported Special",45.00,43.00,47.64
"06/06/2021","Imported Special",44.50,42.75,47.70
"06/05/2021","Imported Special",44.50,42.75,47.70
"06/04/2021","Imported Special",44.50,42.75,47.70
"06/03/2021","Imported Special",44.50,42.75,47.78
"06/02/2021","Imported Special",44.50,42.75,47.71
"06/01/2021","Imported Special",44.50,42.75,47.56
"05/31/2021","Imported Special",44.50,42.75,47.75
"05/30/2021","Imported Special",44.50,41.60,48.10
"05/29/2021","Imported Special",44.50,41.60,48.10
"05/28/2021","Imported Special",44.50,41.60,48.10
"05/27/2021","Imported Special",44.50,41.60,48.24
"05/26/2021","Imported Special",44.50,41.60,48.10
"05/25/2021","Imported Special",44.50,41.60,48.13
"05/24/2021","Imported Special",45.00,41.60,47.93
"05/23/2021","Imported Special",45.00,41.60,47.92
"05/22/2021","Imported Special",45.00,41.60,47.92
"05/21/2021","Imported Special",45.00,41.60,47.92
"05/20/2021","Imported Special",45.00,41.60,47.96
"05/19/2021","Imported Special",45.00,41.60,47.92
"05/18/2021","Imported Special",45.00,41.60,47.97
"05/17/2021","Imported Special",45.50,41.60,47.73
"05/16/2021","Imported Special",45.50,41.80,47.75
"05/15/2021","Imported Special",45.50,41.80,47.75
"05/14/2021","Imported Special",45.50,41.80,47.75
"05/13/2021","Imported Special",45.50,41.80,48.06
"05/12/2021","Imported Special",45.50,41.80,48.00
"05/11/2021","Imported Special",45.50,41.80,47.96
"05/10/2021","Imported Special",46.00,41.80,47.78
"05/09/2021","Imported Special",46.00,41.05,47.95
"05/08/2021","Imported Special",46.00,41.05,47.95
"05/07/2021","Imported Special",46.00,41.05,47.95
"05/06/2021","Imported Special",46.00,41.05,47.90
"05/05/2021","Imported Special",46.00,41.05,48.16
"05/04/2021","Imported Special",46.00,41.05,47.91
"05/03/2021","Imported Special",46.50,41.05,48.19
"05/02/2021","Imported Special",46.50,41.05,48.46
"05/01/2021","Imported Special",46.50,41.05,48.46
"04/30/2021","Imported Special",46.50,41.05,48.46
"04/29/2021","Imported Special",46.50,41.05,48.56
"04/28/2021","Imported Special",46.50,41.05,48.56
"04/27/2021","Imported Special",46.50,41.05,48.42
"04/26/2021","Imported Special",46.50,41.05,48.24
"04/25/2021","Imported Special",47.00,40.35,48.47
"04/24/2021","Imported Special",47.00,40.35,48.47
"04/23/2021","Imported Special",47.00,40.35,48.47
"04/22/2021","Imported Special",47.00,40.35,48.30
"04/21/2021","Imported Special",47.00,40.35,48.53
"04/20/2021","Imported Special",47.00,40.35,48.44
"04/19/2021","Imported Special",47.00,40.35,48.33
"04/18/2021","Imported Special",47.50,39.75,48.55
"04/17/2021","Imported Special",47.50,39.75,48.55
"04/16/2021","Imported Special",47.50,39.75,48.55
"04/15/2021","Imported Special",47.50,39.75,48.38
"04/14/2021","Imported Special",47.50,39.75,48.72
"04/13/2021","Imported Special",47.50,39.75,48.79
"04/12/2021","Imported Special",47.50,39.75,48.53
"04/11/2021","Imported Special",48.00,39.75,48.83
"04/10/2021","Imported Special",48.00,39.75,48.83
"04/09/2021","Imported Special",48.00,39.75,48.83
"04/08/2021","Imported Special",48.00,39.75,48.86
"04/07/2021","Imported Special",48.00,39.75,48.78
"04/06/2021","Imported Special",48.00,39.75,48.76
"04/05/2021","Imported Special",48.00,39.75,48.55
"04/04/2021","Imported Special",48.00,40.35,48.75
"04/03/2021","Imported Special",48.00,40.35,48.75
"04/02/2021","Imported Special",48.00,40.35,48.75
"04/01/2021","Imported Special",48.00,40.35,48.67
"03/31/2021","Imported Special",48.00,40.35,48.64
"03/30/2021","Imported Special",48.00,40.35,48.51
"03/29/2021","Imported Special",48.00,40.35,48.43
"03/28/2021","Imported Special",47.00,41.25,48.62
"03/27/2021","Imported Special",47.00,41.25,48.62
"03/26/2021","Imported Special",47.00,41.25,48.62
"03/25/2021","Imported Special",47.00,41.25,48.73
"03/24/2021","Imported Special",47.00,41.25,48.76
"03/23/2021","Imported Special",47.00,41.25,48.66
"03/22/2021","Imported Special",47.00,41.25,48.45
"03/21/2021","Imported Special",48.00,41.25,48.55
"03/20/2021","Imported Special",48.00,41.25,48.55
"03/19/2021","Imported Special",48.00,41.25,48.55
"03/18/2021","Imported Special",48.00,41.25,48.83
"03/17/2021","Imported Special",48.00,41.25,48.50
"03/16/2021","Imported Special",48.00,41.25,48.49
"03/15/2021","Imported Special",48.00,41.25,48.37
"03/14/2021","Imported Special",48.00,40.30,48.40
"03/13/2021","Imported Special",48.00,40.30,48.40
"03/12/2021","Imported Special",48.00,40.30,48.40
"03/11/2021","Imported Special",48.00,40.30,48.50
"03/10/2021","Imported Special",48.00,40.30,48.48
"03/09/2021","Imported Special",48.00,40.30,48.63
"03/08/2021","Imported Special",48.00,40.30,48.49
"03/07/2021","Imported Special",48.00,39.65,48.48
"03/06/2021","Imported Special",48.00,39.65,48.48
"03/05/2021","Imported Special",48.00,39.65,48.48
"03/04/2021","Imported Special",48.00,39.65,48.59
"03/03/2021","Imported Special",48.00,39.65,48.59
"03/02/2021","Imported Special",48.00,39.65,48.54
"03/01/2021","Imported Special",48.00,39.65,48.63
"02/28/2021","Imported Special",48.00,39.65,49.05
"02/27/2021","Imported Special",48.00,39.65,49.05
"02/26/2021","Imported Special",48.00,39.65,49.05
"02/25/2021","Imported Special",48.00,39.65,48.69
"02/24/2021","Imported Special",48.00,39.65,48.67
"02/23/2021","Imported Special",48.00,39.65,48.65
"02/22/2021","Imported Special",48.00,39.65,48.37
"02/21/2021","Imported Special",48.00,38.45,48.56
"02/20/2021","Imported Special",48.00,38.45,48.56
"02/19/2021","Imported Special",48.00,38.45,48.56
"02/18/2021","Imported Special",48.00,38.45,48.40
"02/17/2021","Imported Special",48.00,38.45,48.35
"02/16/2021","Imported Special",48.00,38.45,47.96
"02/15/2021","Imported Special",48.00,38.45,48.05
"02/14/2021","Imported Special",48.00,37.20,48.06
"02/13/2021","Imported Special",48.00,37.20,48.06
"02/12/2021","Imported Special",48.00,37.20,48.06
"02/11/2021","Imported Special",48.00,37.20,48.04
"02/10/2021","Imported Special",48.00,37.20,48.03
"02/09/2021","Imported Special",48.00,37.20,48.08
"02/08/2021","Imported Special",48.00,37.20,47.91
"02/07/2021","Imported Special",48.00,36.10,48.08
"02/06/2021","Imported Special",48.00,36.10,48.08
"02/05/2021","Imported Special",48.00,36.10,48.08
"02/04/2021","Imported Special",48.00,36.10,47.94
"02/03/2021","Imported Special",48.00,36.10,47.79
"02/02/2021","Imported Special",48.00,36.10,48.08
"02/01/2021","Imported Special",48.00,36.10,48.05
"01/31/2021","Imported Special",47.50,35.85,48.10
"01/30/2021","Imported Special",47.50,35.85,48.10
"01/29/2021","Imported Special",47.50,35.85,48.10
"01/28/2021","Imported Special",47.50,35.85,48.13
"01/27/2021","Imported Special",47.50,35.85,48.04
"01/26/2021","Imported Special",47.50,35.85,48.09
"01/25/2021","Imported Special",47.50,35.85,47.94
"01/24/2021","Imported Special",47.00,35.85,48.06
"01/23/2021","Imported Special",47.00,35.85,48.06
"01/22/2021","Imported Special",47.00,35.85,48.06
"01/21/2021","Imported Special",47.00,35.85,48.06
"01/20/2021","Imported Special",47.00,35.85,48.06
"01/19/2021","Imported Special",47.00,35.85,48.05
"01/18/2021","Imported Special",47.00,35.85,47.93
"01/17/2021","Imported Special",46.50,35.35,48.01
"01/16/2021","Imported Special",46.50,35.35,48.01
"01/15/2021","Imported Special",46.50,35.35,48.01
"01/14/2021","Imported Special",46.50,35.35,47.93
"01/13/2021","Imported Special",46.50,35.35,48.07
"01/12/2021","Imported Special",46.50,35.35,48.01
"01/11/2021","Imported Special",46.00,35.35,47.93
"01/10/2021","Imported Special",46.00,35.05,48.17
"01/09/2021","Imported Special",46.00,35.05,48.17
"01/08/2021","Imported Special",46.00,35.05,48.17
"01/07/2021","Imported Special",46.00,35.05,48.09
"01/06/2021","Imported Special",46.00,35.05,48.10
"01/05/2021","Imported Special",46.00,35.05,47.91
"01/04/2021","Imported Special",45.00,35.05,48.08
"01/03/2021","Imported Special",45.00,34.60,48.07
"01/02/2021","Imported Special",45.00,34.60,48.07
"01/01/2021","Imported Special",45.00,34.60,48.07
"12/31/2020","Imported Special",45.00,34.60,48.07
"12/30/2020","Imported Special",45.00,34.60,48.10
"12/29/2020","Imported Special",45.00,34.60,47.90
"12/28/2020","Imported Special",45.00,34.60,48.01
"12/27/2020","Imported Special",45.00,34.55,48.05
"12/26/2020","Imported Special",45.00,34.55,48.05
"12/25/2020","Imported Special",45.00,34.55,48.05
"12/24/2020","Imported Special",45.00,34.55,47.93
"12/23/2020","Imported Special",45.00,34.55,48.23
"12/22/2020","Imported Special",45.00,34.55,48.16
"12/21/2020","Imported Special",45.00,34.55,47.96
"12/20/2020","Imported Special",45.00,33.80,48.09
"12/19/2020","Imported Special",45.00,33.80,48.09
"12/18/2020","Imported Special",45.00,33.80,48.09
"12/17/2020","Imported Special",45.00,33.80,47.93
"12/16/2020","Imported Special",45.00,33.80,47.89
"12/15/2020","Imported Special",44.50,33.80,48.14
"12/14/2020","Imported Special",44.50,33.80,48.02
"12/13/2020","Imported Special",44.50,33.40,48.24
"12/12/2020","Imported Special",44.50,33.40,48.24
"12/11/2020","Imported Special",44.50,33.40,48.24
"12/10/2020","Imported Special",44.00,33.40,48.25
"12/09/2020","Imported Special",44.00,33.40,48.23
"12/08/2020","Imported Special",44.00,33.40,48.22
"12/07/2020","Imported Special",44.00,33.40,47.98
"12/06/2020","Imported Special",44.00,33.00,47.90
"12/05/2020","Imported Special",44.00,33.00,47.90
"12/04/2020","Imported Special",44.00,33.00,47.90
"12/03/2020","Imported Special",44.00,33.00,47.88
"12/02/2020","Imported Special",44.00,33.00,48.06
"12/01/2020","Imported Special",44.00,33.00,48.15
"11/30/2020","Imported Special",44.00,33.00,48.11
"11/29/2020","Imported Special",44.00,31.90,47.98
"11/28/2020","Imported Special",44.00,31.90,47.98
"11/27/2020","Imported Special",44.00,31.90,47.98
"11/26/2020","Imported Special",44.00,31.90,48.00
"11/25/2020","Imported Special",44.00,31.90,48.16
"11/24/2020","Imported Special",44.00,31.90,48.21
"11/23/2020","Imported Special",44.00,31.90,48.11
"11/22/2020","Imported Special",44.50,31.40,48.26
"11/21/2020","Imported Special",44.50,31.40,48.26
"11/20/2020","Imported Special",44.50,31.40,48.26
"11/19/2020","Imported Special",44.50,31.40,47.95
"11/18/2020","Imported Special",44.50,31.40,48.23
"11/17/2020","Imported Special",44.50,31.40,48.17
"11/16/2020","Imported Special",44.50,31.40,48.16
"11/15/2020","Imported Special",44.50,29.90,48.50
"11/14/2020","Imported Special",44.50,29.90,48.50
"11/13/2020","Imported Special",44.50,29.90,48.50
"11/12/2020","Imported Special",44.50,29.90,48.55
"11/11/2020","Imported Special",44.00,29.90,48.35
"11/10/2020","Imported Special",44.00,29.90,48.22
"11/09/2020","Imported Special",44.00,29.90,48.05
"11/08/2020","Imported Special",44.00,29.90,48.25
"11/07/2020","Imported Special",44.00,29.90,48.25
"11/06/2020","Imported Special",44.00,29.90,48.25
"11/05/2020","Imported Special",44.00,29.90,48.22
"11/04/2020","Imported Special",43.50,29.90,48.20
"11/03/2020","Imported Special",43.50,29.90,48.37
"11/02/2020","Imported Special",43.50,29.90,48.33
"11/01/2020","Imported Special",43.50,30.70,48.38
"10/31/2020","Imported Special",43.50,30.70,48.38
"10/30/2020","Imported Special",43.50,30.70,48.38
"10/29/2020","Imported Special",43.50,30.70,48.39
"10/28/2020","Imported Special",43.50,30.70,48.26
"10/27/2020","Imported Special",43.50,30.70,48.37
"10/26/2020","Imported Special",43.50,30.70,48.28
"10/25/2020","Imported Special",44.00,30.70,48.54
"10/24/2020","Imported Special",44.00,30.70,48.54
"10/23/2020","Imported Special",44.00,30.70,48.54
"10/22/2020","Imported Special",44.00,30.70,48.50
"10/21/2020","Imported Special",44.00,30.70,48.48
"10/20/2020","Imported Special",44.00,30.70,48.51
"10/19/2020","Imported Special",44.00,30.70,48.64
"10/18/2020","Imported Special",44.50,30.45,48.64
"10/17/2020","Imported Special",44.50,30.45,48.64
"10/16/2020","Imported Special",44.50,30.45,48.64
"10/15/2020","Imported Special",44.50,30.45,48.49
"10/14/2020","Imported Special",44.50,30.45,48.82
"10/13/2020","Imported Special",44.50,30.45,48.44
"10/12/2020","Imported Special",44.50,30.45,48.35
"10/11/2020","Imported Special",45.00,31.15,48.41
"10/10/2020","Imported Special",45.00,31.15,48.41
"10/09/2020","Imported Special",45.00,31.15,48.41
"10/08/2020","Imported Special",45.00,31.15,48.48
"10/07/2020","Imported Special",45.00,31.15,48.47
"10/06/2020","Imported Special",45.00,31.15,48.35
"10/05/2020","Imported Special",45.00,31.15,48.49
"10/04/2020","Imported Special",45.50,31.15,48.37
"10/03/2020","Imported Special",45.50,31.15,48.37
"10/02/2020","Imported Special",45.50,31.15,48.37
"10/01/2020","Imported Special",45.50,31.15,48.49
"09/30/2020","Imported Special",45.50,31.15,48.35
"09/29/2020","Imported Special",45.50,31.15,48.37
"09/28/2020","Imported Special",45.50,31.15,48.46
"09/27/2020","Imported Special",46.00,30.95,48.50
"09/26/2020","Imported Special",46.00,30.95,48.50
"09/25/2020","Imported Special",46.00,30.95,48.50
"09/24/2020","Imported Special",46.00,30.95,48.58
"09/23/2020","Imported Special",46.00,30.95,48.46
"09/22/2020","Imported Special",46.00,30.95,48.43
"09/21/2020","Imported Special",46.00,30.95,48.47
"09/20/2020","Imported Special",46.50,31.45,48.35
"09/19/2020","Imported Special",46.50,31.45,48.35
"09/18/2020","Imported Special",46.50,31.45,48.35
"09/17/2020","Imported Special",46.50,31.45,48.32
"09/16/2020","Imported Special",46.50,31.45,48.26
"09/15/2020","Imported Special",46.50,31.45,48.45
"09/14/2020","Imported Special",46.50,31.45,48.54
"09/13/2020","Imported Special",47.00,32.95,48.49
"09/12/2020","Imported Special",47.00,32.95,48.49
"09/11/2020","Imported Special",47.00,32.95,48.49
"09/10/2020","Imported Special",47.00,32.95,48.65
"09/09/2020","Imported Special",47.00,32.95,48.56
"09/08/2020","Imported Special",47.00,32.95,48.53
"09/07/2020","Imported Special",47.00,32.95,48.58
"09/06/2020","Imported Special",47.50,32.95,48.72
"09/05/2020","Imported Special",47.50,32.95,48.72
"09/04/2020","Imported Special",47.50,32.95,48.72
"09/03/2020","Imported Special",47.50,32.95,48.60
"09/02/2020","Imported Special",47.50,32.95,48.56
"09/01/2020","Imported Special",47.50,32.95,48.36
"08/31/2020","Imported Special",47.50,32.95,48.35
"08/30/2020","Imported Special",47.50,32.80,48.49
"08/29/2020","Imported Special",47.50,32.80,48.49
"08/28/2020","Imported Special",47.50,32.80,48.49
"08/27/2020","Imported Special",47.50,32.80,48.57
"08/26/2020","Imported Special",47.50,32.80,48.57
"08/25/2020","Imported Special",48.00,32.80,48.53
"08/24/2020","Imported Special",48.00,32.80,48.70
"08/23/2020","Imported Special",48.00,32.65,48.63
"08/22/2020","Imported Special",48.00,32.65,48.63
"08/21/2020","Imported Special",48.00,32.65,48.63
"08/20/2020","Imported Special",48.00,32.65,48.69
"08/19/2020","Imported Special",48.00,32.65,48.58
"08/18/2020","Imported Special",49.00,32.65,48.63
"08/17/2020","Imported Special",49.00,32.65,48.65
"08/16/2020","Imported Special",49.00,32.50,48.75
"08/15/2020","Imported Special",49.00,32.50,48.75
"08/14/2020","Imported Special",49.00,32.50,48.75
"08/13/2020","Imported Special",49.00,32.50,48.94
"08/12/2020","Imported Special",49.00,32.50,49.01
"08/11/2020","Imported Special",49.00,32.50,49.12
"08/10/2020","Imported Special",49.00,32.50,49.09
"08/09/2020","Imported Special",49.00,32.50,48.74
"08/08/2020","Imported Special",49.00,32.50,48.74
"08/07/2020","Imported Special",49.00,32.50,48.74
"08/06/2020","Imported Special",49.00,32.50,49.07
"08/05/2020","Imported Special",49.00,32.50,48.99
"08/04/2020","Imported Special",49.00,32.50,49.19
"08/03/2020","Imported Special",48.00,32.50,49.11
"08/02/2020","Imported Special",48.00,32.80,49.08
"08/01/2020","Imported Special",48.00,32.80,49.08
"07/31/2020","Imported Special",48.00,32.80,49.08
"07/30/2020","Imported Special",48.00,32.80,49.03
"07/29/2020","Imported Special",48.00,32.80,49.19
"07/28/2020","Imported Special",48.00,32.80,49.15
"07/27/2020","Imported Special",48.00,32.80,49.33
"07/26/2020","Imported Special",48.50,32.80,49.48
"07/25/2020","Imported Special",48.50,32.80,49.48
"07/24/2020","Imported Special",48.50,32.80,49.48
"07/23/2020","Imported Special",48.50,32.80,49.40
"07/22/2020","Imported Special",48.50,32.80,49.37
"07/21/2020","Imported Special",48.50,32.80,49.36
"07/20/2020","Imported Special",48.50,32.80,49.37
"07/19/2020","Imported Special",49.00,32.80,49.54
"07/18/2020","Imported Special",49.00,32.80,49.54
"07/17/2020","Imported Special",49.00,32.80,49.54
"07/16/2020","Imported Special",49.00,32.80,49.50
"07/15/2020","Imported Special",49.00,32.80,49.42
"07/14/2020","Imported Special",49.00,32.80,49.44
"07/13/2020","Imported Special",49.00,32.80,49.43
"07/12/2020","Imported Special",50.00,32.50,49.45
"07/11/2020","Imported Special",50.00,32.50,49.45
"07/10/2020","Imported Special",50.00,32.50,49.45
"07/09/2020","Imported Special",50.00,32.50,49.55
"07/08/2020","Imported Special",50.00,32.50,49.51
"07/07/2020","Imported Special",50.00,32.50,49.31
"07/06/2020","Imported Special",50.00,32.50,49.47
"07/05/2020","Imported Special",50.00,32.50,49.54
"07/04/2020","Imported Special",50.00,32.50,49.54
"07/03/2020","Imported Special",50.00,32.50,49.54
"07/02/2020","Imported Special",50.00,32.50,49.69
"07/01/2020","Imported Special",50.00,32.50,49.70
"06/30/2020","Imported Special",50.00,32.50,49.69
"06/29/2020","Imported Special",50.00,32.50,49.97
"06/28/2020","Imported Special",50.00,32.50,49.97
"06/27/2020","Imported Special",50.00,32.50,49.97
"06/26/2020","Imported Special",50.00,32.50,49.97
"06/25/2020","Imported Special",50.00,32.50,50.11
"06/24/2020","Imported Special",50.00,32.50,50.04
"06/23/2020","Imported Special",50.00,32.50,50.14
"06/22/2020","Imported Special",50.00,32.50,50.06
"06/21/2020","Imported Special",50.00,31.40,50.17
"06/20/2020","Imported Special",50.00,31.40,50.17
"06/19/2020","Imported Special",50.00,31.40,50.17
"06/18/2020","Imported Special",50.00,31.40,50.15
"06/17/2020","Imported Special",50.00,31.40,49.97
"06/16/2020","Imported Special",50.00,31.40,50.24
"06/15/2020","Imported Special",50.00,31.40,50.29
"06/14/2020","Imported Special",50.00,30.30,50.29
"06/13/2020","Imported Special",50.00,30.30,50.29
"06/12/2020","Imported Special",50.00,30.30,50.29
"06/11/2020","Imported Special",50.00,30.30,49.81
"06/10/2020","Imported Special",50.00,30.30,49.83
"06/09/2020","Imported Special",50.00,30.30,49.83
"06/08/2020","Imported Special",50.00,30.30,49.73
"06/07/2020","Imported Special",50.00,30.30,49.90
"06/06/2020","Imported Special",50.00,30.30,49.90
"06/05/2020","Imported Special",50.00,30.30,49.90
"06/04/2020","Imported Special",50.00,30.30,49.90
"06/03/2020","Imported Special",50.00,30.30,50.05
"06/02/2020","Imported Special",50.00,30.30,50.42
"06/01/2020","Imported Special",50.00,30.30,50.54
"05/31/2020","Imported Special",50.00,30.05,50.63
"05/30/2020","Imported Special",50.00,30.05,50.63
"05/29/2020","Imported Special",50.00,30.05,50.63
"05/28/2020","Imported Special",50.00,30.05,50.71
"05/27/2020","Imported Special",50.00,30.05,50.55
"05/26/2020","Imported Special",50.00,30.05,50.80
"05/25/2020","Imported Special",50.00,30.05,50.82
"05/24/2020","Imported Special",50.00,29.45,50.78
"05/23/2020","Imported Special",50.00,29.45,50.78
"05/22/2020","Imported Special",50.00,29.45,50.78
"05/21/2020","Imported Special",50.00,29.45,50.65
"05/20/2020","Imported Special",50.00,29.45,50.69
"05/19/2020","Imported Special",50.00,29.45,50.89
"05/18/2020","Imported Special",50.00,29.45,50.72
"05/17/2020","Imported Special",50.00,28.85,50.53
"05/16/2020","Imported Special",50.00,28.85,50.53
"05/15/2020","Imported Special",50.00,28.85,50.53
"05/14/2020","Imported Special",50.00,28.85,50.17
"05/13/2020","Imported Special",50.00,28.85,50.24
"05/12/2020","Imported Special",50.00,28.85,50.39
"05/11/2020","Imported Special",50.00,28.85,50.49
"05/10/2020","Imported Special",50.00,26.85,50.58
"05/09/2020","Imported Special",50.00,26.85,50.58
"05/08/2020","Imported Special",50.00,26.85,50.58
"05/07/2020","Imported Special",50.00,26.85,50.80
"05/06/2020","Imported Special",50.00,26.85,50.67
"05/05/2020","Imported Special",50.00,26.85,50.50
"05/04/2020","Imported Special",50.00,26.85,50.56
"05/03/2020","Imported Special",50.00,26.85,50.46
"05/02/2020","Imported Special",50.00,26.85,50.46
"05/01/2020","Imported Special",50.00,26.85,50.46
"04/30/2020","Imported Special",50.00,26.85,50.38
"04/29/2020","Imported Special",50.00,26.85,50.59
"04/28/2020","Imported Special",50.00,26.85,50.47
"04/27/2020","Imported Special",50.00,26.85,50.79
"04/26/2020","Imported Special",50.00,26.85,50.61
"04/25/2020","Imported Special",50.00,26.85,50.61
"04/24/2020","Imported Special",50.00,26.85,50.61
"04/23/2020","Imported Special",50.00,26.85,50.53
"04/22/2020","Imported Special",50.00,26.85,50.79
"04/21/2020","Imported Special",50.00,26.85,50.91
"04/20/2020","Imported Special",50.00,26.85,50.84
"04/19/2020","Imported Special",50.00,27.85,50.89
"04/18/2020","Imported Special",50.00,27.85,50.89
"04/17/2020","Imported Special",50.00,27.85,50.89
"04/16/2020","Imported Special",50.00,27.85,50.81
"04/15/2020","Imported Special",50.00,27.85,50.45
"04/14/2020","Imported Special",50.00,27.85,50.63
"04/13/2020","Imported Special",50.00,27.85,50.51
"04/12/2020","Imported Special",50.00,27.50,50.58
"04/11/2020","Imported Special",50.00,27.50,50.58
"04/10/2020","Imported Special",50.00,27.50,50.58
"04/09/2020","Imported Special",50.00,27.50,50.63
"04/08/2020","Imported Special",50.00,27.50,50.63
"04/07/2020","Imported Special",50.00,27.50,50.49
"04/06/2020","Imported Special",50.00,27.50,50.89
"04/05/2020","Imported Special",50.00,31.45,51.17
"04/04/2020","Imported Special",50.00,31.45,51.17
"04/03/2020","Imported Special",50.00,31.45,51.17
"04/02/2020","Imported Special",50.00,31.45,51.47
"04/01/2020","Imported Special",50.00,31.45,50.73
"03/31/2020","Imported Special",50.00,31.45,51.38
"03/30/2020","Imported Special",50.00,31.45,51.08
"03/29/2020","Imported Special",50.00,33.45,51.45
"03/28/2020","Imported Special",50.00,33.45,51.45
"03/27/2020","Imported Special",50.00,33.45,51.45
"03/26/2020","Imported Special",50.00,33.45,50.90
"03/25/2020","Imported Special",50.00,33.45,51.88
"03/24/2020","Imported Special",50.00,33.45,51.16
"03/23/2020","Imported Special",50.00,33.45,50.84
"03/22/2020","Imported Special",50.00,37.45,52.46
"03/21/2020","Imported Special",50.00,37.45,52.46
"03/20/2020","Imported Special",50.00,37.45,52.46
"03/19/2020","Imported Special",50.00,37.45,52.10
"03/18/2020","Imported Special",50.00,37.45,51.59
"03/17/2020","Imported Special",50.00,37.45,52.23
"03/16/2020","Imported Special",49.00,37.45,51.03
"03/15/2020","Imported Special",49.00,38.15,51.04
"03/14/2020","Imported Special",49.00,38.15,51.04
"03/13/2020","Imported Special",49.00,38.15,51.04
"03/12/2020","Imported Special",48.00,38.15,50.60
"03/11/2020","Imported Special",48.00,38.15,50.53
"03/10/2020","Imported Special",48.00,38.15,50.45
"03/09/2020","Imported Special",48.00,38.15,50.56
"03/08/2020","Imported Special",47.50,38.15,50.46
"03/07/2020","Imported Special",47.50,38.15,50.46
"03/06/2020","Imported Special",47.50,38.15,50.46
"03/05/2020","Imported Special",47.50,38.15,50.62
"03/04/2020","Imported Special",47.50,38.15,50.70
"03/03/2020","Imported Special",47.50,38.15,50.58
"03/02/2020","Imported Special",47.50,38.15,50.83
"03/01/2020","Imported Special",47.50,39.55,50.95
"02/29/2020","Imported Special",47.50,39.55,50.95
"02/28/2020","Imported Special",47.50,39.55,50.95
"02/27/2020","Imported Special",47.50,39.55,51.13
"02/26/2020","Imported Special",47.50,39.55,51.15
"02/25/2020","Imported Special",47.50,39.55,50.92
"02/24/2020","Imported Special",47.50,39.55,50.75
"02/23/2020","Imported Special",47.50,39.15,50.67
"02/22/2020","Imported Special",47.50,39.15,50.67
"02/21/2020","Imported Special",47.50,39.15,50.67
"02/20/2020","Imported Special",47.00,39.15,50.57
"02/19/2020","Imported Special",47.00,39.15,50.66
"02/18/2020","Imported Special",47.00,39.15,50.54
"02/17/2020","Imported Special",47.00,39.15,50.42
"02/16/2020","Imported Special",47.00,38.80,50.34
"02/15/2020","Imported Special",47.00,38.80,50.34
"02/14/2020","Imported Special",47.00,38.80,50.34
"02/13/2020","Imported Special",47.00,38.80,50.65
"02/12/2020","Imported Special",47.00,38.80,50.52
"02/11/2020","Imported Special",47.00,38.80,50.80
"02/10/2020","Imported Special",47.00,38.80,50.85
"02/09/2020","Imported Special",47.00,40.40,50.67
"02/08/2020","Imported Special",47.00,40.40,50.67
"02/07/2020","Imported Special",47.00,40.40,50.67
"02/06/2020","Imported Special",47.00,40.40,50.76
"02/05/2020","Imported Special",47.00,40.40,50.75
"02/04/2020","Imported Special",47.00,40.40,50.86
"02/03/2020","Imported Special",47.00,40.40,50.76
"02/02/2020","Imported Special",47.00,42.55,50.84
"02/01/2020","Imported Special",47.00,42.55,50.84
"01/31/2020","Imported Special",47.00,42.55,50.84
"01/30/2020","Imported Special",47.00,42.55,50.83
"01/29/2020","Imported Special",47.00,42.55,50.71
"01/28/2020","Imported Special",47.00,42.55,50.85
"01/27/2020","Imported Special",47.00,42.55,50.73
"01/26/2020","Imported Special",47.00,43.15,50.97
"01/25/2020","Imported Special",47.00,43.15,50.97
"01/24/2020","Imported Special",47.00,43.15,50.97
"01/23/2020","Imported Special",47.00,43.15,50.99
"01/22/2020","Imported Special",47.00,43.15,51.00
"01/21/2020","Imported Special",47.00,43.15,50.88
"01/20/2020","Imported Special",46.50,43.15,50.82
"01/19/2020","Imported Special",46.50,44.05,50.84
"01/18/2020","Imported Special",46.50,44.05,50.84
"01/17/2020","Imported Special",46.50,44.05,50.84
"01/16/2020","Imported Special",46.50,44.05,50.77
"01/15/2020","Imported Special",46.50,44.05,50.55
"01/14/2020","Imported Special",46.50,44.05,50.48
"01/13/2020","Imported Special",46.00,44.05,50.40
"01/12/2020","Imported Special",46.00,43.65,50.65
"01/11/2020","Imported Special",46.00,43.65,50.65
"01/10/2020","Imported Special",46.00,43.65,50.65
"01/09/2020","Imported Special",46.00,43.65,50.44
"01/08/2020","Imported Special",46.00,43.65,50.99
"01/07/2020","Imported Special",46.00,43.65,51.17
"01/06/2020","Imported Special",46.00,43.65,51.07
"01/05/2020","Imported Special",46.00,43.65,50.60
"01/04/2020","Imported Special",46.00,43.65,50.60
"01/03/2020","Imported Special",46.00,43.65,50.60
"01/02/2020","Imported Special",46.00,43.65,50.70
"01/01/2020","Imported Special",46.00,43.65,50.70
"12/31/2019","Imported Special",46.00,43.65,50.75
"12/30/2019","Imported Special",46.00,43.65,50.62
"12/29/2019","Imported Special",46.00,43.65,50.68
"12/28/2019","Imported Special",46.00,43.65,50.68
"12/27/2019","Imported Special",46.00,43.65,50.68
"12/26/2019","Imported Special",46.00,43.65,50.79
"12/25/2019","Imported Special",46.50,43.65,50.81
"12/24/2019","Imported Special",46.50,43.65,50.76
"12/23/2019","Imported Special",46.50,43.65,50.76
"12/22/2019","Imported Special",46.50,42.50,50.62
"12/21/2019","Imported Special",46.50,42.50,50.62
"12/20/2019","Imported Special",46.50,42.50,50.62
"12/19/2019","Imported Special",46.50,42.50,50.51
"12/18/2019","Imported Special",46.50,42.50,50.56
"12/17/2019","Imported Special",46.50,42.50,50.55
"12/16/2019","Imported Special",46.50,42.50,50.51
"12/15/2019","Imported Special",46.50,42.65,50.43
"12/14/2019","Imported Special",46.50,42.65,50.43
"12/13/2019","Imported Special",46.50,42.65,50.43
"12/12/2019","Imported Special",47.00,42.65,50.64
"12/11/2019","Imported Special",47.00,42.65,50.78
"12/10/2019","Imported Special",47.00,42.65,50.82
"12/09/2019","Imported Special",47.00,42.65,50.73
"12/08/2019","Imported Special",47.00,42.75,50.79
"12/07/2019","Imported Special",47.00,42.75,50.79
"12/06/2019","Imported Special",47.00,42.75,50.79
"12/05/2019","Imported Special",47.00,42.75,50.86
"12/04/2019","Imported Special",47.00,42.75,51.08
"12/03/2019","Imported Special",47.00,42.75,50.88
"12/02/2019","Imported Special",47.00,42.75,50.72
"12/01/2019","Imported Special",47.00,42.10,50.75
"11/30/2019","Imported Special",47.00,42.10,50.75
"11/29/2019","Imported Special",47.00,42.10,50.75
"11/28/2019","Imported Special",47.00,42.10,50.80
"11/27/2019","Imported Special",47.00,42.10,50.83
"11/26/2019","Imported Special",47.00,42.10,50.80
"11/25/2019","Imported Special",47.00,42.10,50.90
"11/24/2019","Imported Special",47.00,42.10,50.83
"11/23/2019","Imported Special",47.00,42.10,50.83
"11/22/2019","Imported Special",47.00,42.10,50.83
"11/21/2019","Imported Special",47.00,42.10,50.78
"11/20/2019","Imported Special",47.00,42.10,50.78
"11/19/2019","Imported Special",47.00,42.10,50.63
"11/18/2019","Imported Special",47.00,42.10,50.45
"11/17/2019","Imported Special",47.50,42.80,50.58
"11/16/2019","Imported Special",47.50,42.80,50.58
"11/15/2019","Imported Special",47.50,42.80,50.58
"11/14/2019","Imported Special",47.50,42.80,50.78
"11/13/2019","Imported Special",47.50,42.80,50.65
"11/12/2019","Imported Special",47.50,42.80,50.70
"11/11/2019","Imported Special",47.50,42.80,50.52
"11/10/2019","Imported Special",48.00,42.00,50.55
"11/09/2019","Imported Special",48.00,42.00,50.55
"11/08/2019","Imported Special",48.00,42.00,50.55
"11/07/2019","Imported Special",48.00,42.00,50.48
"11/06/2019","Imported Special",48.00,42.00,50.27
"11/05/2019","Imported Special",48.00,42.00,50.48
"11/04/2019","Imported Special",48.00,42.00,50.48
"11/03/2019","Imported Special",48.00,42.00,50.75
"11/02/2019","Imported Special",48.00,42.00,50.75
"11/01/2019","Imported Special",48.00,42.00,50.75
"10/31/2019","Imported Special",48.00,42.00,50.88
"10/30/2019","Imported Special",48.00,42.00,51.07
"10/29/2019","Imported Special",48.00,42.00,51.14
"10/28/2019","Imported Special",48.00,42.00,51.20
"10/27/2019","Imported Special",48.50,41.30,51.20
"10/26/2019","Imported Special",48.50,41.30,51.20
"10/25/2019","Imported Special",48.50,41.30,51.20
"10/24/2019","Imported Special",48.50,41.30,51.00
"10/23/2019","Imported Special",49.00,41.30,51.18
"10/22/2019","Imported Special",49.00,41.30,51.05
"10/21/2019","Imported Special",49.00,41.30,51.25
"10/20/2019","Imported Special",49.00,41.20,51.13
"10/19/2019","Imported Special",49.00,41.20,51.13
"10/18/2019","Imported Special",49.00,41.20,51.13
"10/17/2019","Imported Special",49.50,41.20,51.53
"10/16/2019","Imported Special",49.50,41.20,51.60
"10/15/2019","Imported Special",49.50,41.20,51.53
"10/14/2019","Imported Special",50.00,41.20,51.50
"10/13/2019","Imported Special",50.00,41.45,51.59
"10/12/2019","Imported Special",50.00,41.45,51.59
"10/11/2019","Imported Special",50.00,41.45,51.59
"10/10/2019","Imported Special",50.00,41.45,51.84
"10/09/2019","Imported Special",50.50,41.45,51.83
"10/08/2019","Imported Special",50.50,41.45,51.86
"10/07/2019","Imported Special",50.50,41.45,51.69
"10/06/2019","Imported Special",51.00,42.35,51.68
"10/05/2019","Imported Special",51.00,42.35,51.68
"10/04/2019","Imported Special",51.00,42.35,51.68
"10/03/2019","Imported Special",51.00,42.35,51.99
"10/02/2019","Imported Special",51.50,42.35,52.00
"10/01/2019","Imported Special",51.50,42.35,51.83
"09/30/2019","Imported Special",51.50,42.35,51.93
"09/29/2019","Imported Special",51.50,42.90,51.98
"09/28/2019","Imported Special",51.50,42.90,51.98
"09/27/2019","Imported Special",51.50,42.90,51.98
"09/26/2019","Imported Special",51.50,42.90,52.25
"09/25/2019","Imported Special",51.50,42.90,52.25
"09/24/2019","Imported Special",51.50,42.90,52.13
"09/23/2019","Imported Special",51.50,42.90,51.99
"09/22/2019","Imported Special",51.50,40.55,52.22
"09/21/2019","Imported Special",51.50,40.55,52.22
"09/20/2019","Imported Special",51.50,40.55,52.22
"09/19/2019","Imported Special",51.50,40.55,51.98
"09/18/2019","Imported Special",51.50,40.55,52.13
"09/17/2019","Imported Special",51.50,40.55,52.14
"09/16/2019","Imported Special",51.50,40.55,51.93
"09/15/2019","Imported Special",51.50,40.55,51.84
"09/14/2019","Imported Special",51.50,40.55,51.84
"09/13/2019","Imported Special",51.50,40.55,51.84
"09/12/2019","Imported Special",51.50,40.55,52.08
"09/11/2019","Imported Special",51.50,40.55,51.91
"09/10/2019","Imported Special",51.50,40.55,51.85
"09/09/2019","Imported Special",51.50,40.55,51.82
"09/08/2019","Imported Special",51.50,40.55,51.79
"09/07/2019","Imported Special",51.50,40.55,51.79
"09/06/2019","Imported Special",51.50,40.55,51.79
"09/05/2019","Imported Special",51.50,40.55,51.87
"09/04/2019","Imported Special",51.50,40.55,52.25
"09/03/2019","Imported Special",51.50,40.55,52.27
"09/02/2019","Imported Special",51.50,40.55,52.15
"09/01/2019","Imported Special",51.50,40.15,52.05
"08/31/2019","Imported Special",41.50,40.15,52.05
"08/30/2019","Imported Special",41.50,40.15,52.05
"08/29/2019","Imported Special",41.50,40.15,52.42
"08/28/2019","Imported Special",41.50,40.15,52.23
"08/27/2019","Imported Special",41.50,40.15,52.29
"08/26/2019","Imported Special",41.50,40.15,52.45
"08/25/2019","Imported Special",42.00,40.05,52.34
"08/24/2019","Imported Special",42.00,40.05,52.34
"08/23/2019","Imported Special",42.00,40.05,52.34
"08/22/2019","Imported Special",42.00,40.05,52.23
"08/21/2019","Imported Special",42.00,40.05,52.33
"08/20/2019","Imported Special",42.00,40.05,52.45
"08/19/2019","Imported Special",42.00,40.05,52.37
"08/18/2019","Imported Special",42.50,40.05,52.64
"08/17/2019","Imported Special",42.50,40.05,52.64
"08/16/2019","Imported Special",42.50,40.05,52.64
"08/15/2019","Imported Special",42.50,40.05,52.40
"08/14/2019","Imported Special",42.50,40.05,51.93
"08/13/2019","Imported Special",42.50,40.05,52.06
"08/12/2019","Imported Special",42.50,40.05,52.03
"08/11/2019","Imported Special",43.00,40.55,51.96
"08/10/2019","Imported Special",43.00,40.55,51.96
"08/09/2019","Imported Special",43.00,40.55,51.96
"08/08/2019","Imported Special",43.00,40.55,52.37
"08/07/2019","Imported Special",43.00,40.55,52.05
"08/06/2019","Imported Special",43.00,40.55,52.31
"08/05/2019","Imported Special",43.00,40.55,51.62
"08/04/2019","Imported Special",43.50,41.05,51.30
"08/03/2019","Imported Special",43.50,41.05,51.30
"08/02/2019","Imported Special",43.50,41.05,51.30
"08/01/2019","Imported Special",43.50,41.05,50.91
"07/31/2019","Imported Special",43.50,41.05,50.85
"07/30/2019","Imported Special",43.50,41.05,51.04
"07/29/2019","Imported Special",43.50,41.05,51.11
"07/28/2019","Imported Special",44.00,41.35,51.23
"07/27/2019","Imported Special",44.00,41.35,51.23
"07/26/2019","Imported Special",44.00,41.35,51.23
"07/25/2019","Imported Special",44.00,41.35,51.22
"07/24/2019","Imported Special",44.00,41.35,51.30
"07/23/2019","Imported Special",44.00,41.35,51.05
"07/22/2019","Imported Special",44.00,41.35,51.07
"07/21/2019","Imported Special",44.50,41.60,50.90
"07/20/2019","Imported Special",44.50,41.60,50.90
"07/19/2019","Imported Special",44.50,41.60,50.90
"07/18/2019","Imported Special",44.50,41.60,50.91
"07/17/2019","Imported Special",44.50,41.60,50.83
"07/16/2019","Imported Special",44.50,41.60,50.98
"07/15/2019","Imported Special",44.50,41.60,51.11
"07/14/2019","Imported Special",45.00,40.45,51.18
"07/13/2019","Imported Special",45.00,40.45,51.18
"07/12/2019","Imported Special",45.00,40.45,51.18
"07/11/2019","Imported Special",45.00,40.45,51.30
"07/10/2019","Imported Special",45.00,40.45,51.40
"07/09/2019","Imported Special",45.00,40.45,51.35
"07/08/2019","Imported Special",45.00,40.45,51.33
"07/07/2019","Imported Special",45.50,40.45,51.10
"07/06/2019","Imported Special",45.50,40.45,51.10
"07/05/2019","Imported Special",45.50,40.45,51.10
"07/04/2019","Imported Special",45.50,40.45,51.13
"07/03/2019","Imported Special",45.50,40.45,51.06
"07/02/2019","Imported Special",45.50,40.45,51.10
"07/01/2019","Imported Special",45.50,40.45,51.24
"06/30/2019","Imported Special",45.50,40.45,51.07
"06/29/2019","Imported Special",45.50,40.45,51.07
"06/28/2019","Imported Special",45.50,40.45,51.07
"06/27/2019","Imported Special",45.50,40.45,51.19
"06/26/2019","Imported Special",45.50,40.45,51.28
"06/25/2019","Imported Special",45.50,40.45,51.35
"06/24/2019","Imported Special",45.50,40.45,51.45
"06/23/2019","Imported Special",45.50,40.15,51.38
"06/22/2019","Imported Special",45.50,40.15,51.38
"06/21/2019","Imported Special",45.00,40.15,51.38
"06/20/2019","Imported Special",45.00,40.15,51.78
"06/19/2019","Imported Special",45.00,40.15,51.69
"06/18/2019","Imported Special",45.00,40.15,52.31
"06/17/2019","Imported Special",45.00,40.15,52.06
"06/16/2019","Imported Special",45.00,39.05,51.90
"06/15/2019","Imported Special",45.00,39.05,51.90
"06/14/2019","Imported Special",45.00,39.05,51.90
"06/13/2019","Imported Special",45.00,39.05,51.89
"06/12/2019","Imported Special",45.00,39.05,51.82
"06/11/2019","Imported Special",45.00,39.05,52.10
"06/10/2019","Imported Special",45.00,39.05,51.91
"06/09/2019","Imported Special",45.00,41.65,51.65
"06/08/2019","Imported Special",45.00,41.65,51.65
"06/07/2019","Imported Special",45.00,41.65,51.65
"06/06/2019","Imported Special",45.00,41.65,51.75
"06/05/2019","Imported Special",45.00,41.65,51.70
"06/04/2019","Imported Special",45.00,41.65,51.63
"06/03/2019","Imported Special",45.00,41.65,52.14
"06/02/2019","Imported Special",45.00,43.35,52.15
"06/01/2019","Imported Special",45.00,43.35,52.15
"05/31/2019","Imported Special",45.00,43.35,52.15
"05/30/2019","Imported Special",45.00,43.35,52.40
"05/29/2019","Imported Special",45.00,43.35,52.32
"05/28/2019","Imported Special",45.00,43.35,52.04
"05/27/2019","Imported Special",45.00,43.35,52.13
"05/26/2019","Imported Special",45.00,43.70,52.50
"05/25/2019","Imported Special",45.00,43.70,52.50
"05/24/2019","Imported Special",45.00,43.70,52.50
"05/23/2019","Imported Special",45.00,43.70,52.29
"05/22/2019","Imported Special",45.00,43.70,52.53
"05/21/2019","Imported Special",45.00,43.70,52.53
"05/20/2019","Imported Special",45.50,43.70,52.67
"05/19/2019","Imported Special",45.50,42.75,52.60
"05/18/2019","Imported Special",45.50,42.75,52.60
"05/17/2019","Imported Special",45.50,42.75,52.60
"05/16/2019","Imported Special",45.50,42.75,52.47
"05/15/2019","Imported Special",45.50,42.75,52.19
"05/14/2019","Imported Special",45.50,42.75,52.58
"05/13/2019","Imported Special",46.00,42.75,52.25
"05/12/2019","Imported Special",46.00,42.75,52.30
"05/11/2019","Imported Special",46.00,42.75,52.30
"05/10/2019","Imported Special",46.00,42.75,52.30
"05/09/2019","Imported Special",46.00,42.75,52.08
"05/08/2019","Imported Special",46.00,42.75,51.95
"05/07/2019","Imported Special",46.00,42.75,51.84
"05/06/2019","Imported Special",46.00,42.75,51.78
"05/05/2019","Imported Special",46.50,43.65,51.73
"05/04/2019","Imported Special",46.50,43.65,51.73
"05/03/2019","Imported Special",46.50,43.65,51.73
"05/02/2019","Imported Special",46.50,43.65,51.80
"05/01/2019","Imported Special",46.50,43.65,51.77
"04/30/2019","Imported Special",46.50,43.65,52.02
"04/29/2019","Imported Special",46.50,43.65,52.10
"04/28/2019","Imported Special",47.00,43.65,52.05
"04/27/2019","Imported Special",47.00,43.65,52.05
"04/26/2019","Imported Special",47.00,43.65,52.05
"04/25/2019","Imported Special",47.00,43.65,52.28
"04/24/2019","Imported Special",47.00,43.65,52.20
"04/23/2019","Imported Special",47.00,43.65,52.11
"04/22/2019","Imported Special",47.00,43.65,51.67
"04/21/2019","Imported Special",47.50,42.85,51.69
"04/20/2019","Imported Special",47.50,42.85,51.69
"04/19/2019","Imported Special",47.50,42.85,51.69
"04/18/2019","Imported Special",47.50,42.85,51.77
"04/17/2019","Imported Special",47.50,42.85,51.81
"04/16/2019","Imported Special",47.50,42.85,51.48
"04/15/2019","Imported Special",47.50,42.85,51.66
"04/14/2019","Imported Special",47.50,41.80,52.18
"04/13/2019","Imported Special",47.50,41.80,52.18
"04/12/2019","Imported Special",47.50,41.80,52.18
"04/11/2019","Imported Special",48.00,41.80,51.74
"04/10/2019","Imported Special",48.00,41.80,51.88
"04/09/2019","Imported Special",48.00,41.80,52.22
"04/08/2019","Imported Special",48.00,41.80,52.06
"04/07/2019","Imported Special",48.00,41.70,52.10
"04/06/2019","Imported Special",48.00,41.70,52.10
"04/05/2019","Imported Special",48.00,41.70,52.10
"04/04/2019","Imported Special",48.50,41.70,51.95
"04/03/2019","Imported Special",48.50,41.70,52.46
"04/02/2019","Imported Special",48.50,41.70,52.52
"04/01/2019","Imported Special",48.50,41.70,52.66
"03/31/2019","Imported Special",48.50,41.70,52.63
"03/30/2019","Imported Special",48.50,41.70,52.63
"03/29/2019","Imported Special",48.50,41.70,52.63
"03/28/2019","Imported Special",49.00,41.70,52.85
"03/27/2019","Imported Special",49.00,41.70,52.50
"03/26/2019","Imported Special",49.00,41.70,52.36
"03/25/2019","Imported Special",49.00,41.70,52.62
"03/24/2019","Imported Special",49.00,42.30,52.44
"03/23/2019","Imported Special",49.00,42.30,52.44
"03/22/2019","Imported Special",49.00,42.30,52.44
"03/21/2019","Imported Special",49.50,42.30,52.69
"03/20/2019","Imported Special",49.50,42.30,52.69
"03/19/2019","Imported Special",49.50,42.30,52.53
"03/18/2019","Imported Special",49.50,42.30,52.63
"03/17/2019","Imported Special",49.50,42.30,52.83
"03/16/2019","Imported Special",49.50,42.30,52.83
"03/15/2019","Imported Special",49.50,42.30,52.83
"03/14/2019","Imported Special",50.00,42.30,52.52
"03/13/2019","Imported Special",50.00,42.30,52.76
"03/12/2019","Imported Special",50.00,42.30,52.40
"03/11/2019","Imported Special",50.00,42.30,52.25
"03/10/2019","Imported Special",50.00,42.30,52.24
"03/09/2019","Imported Special",50.00,42.30,52.24
"03/08/2019","Imported Special",50.00,42.30,52.24
"03/07/2019","Imported Special",50.50,42.30,52.07
"03/06/2019","Imported Special",50.50,42.30,52.15
"03/05/2019","Imported Special",50.50,42.30,51.66
"03/04/2019","Imported Special",50.50,42.30,51.87
"03/03/2019","Imported Special",50.50,42.40,51.90
"03/02/2019","Imported Special",50.50,42.40,51.90
"03/01/2019","Imported Special",50.50,42.40,51.90
"02/28/2019","Imported Special",50.50,42.40,51.85
"02/27/2019","Imported Special",50.50,42.40,51.83
"02/26/2019","Imported Special",50.50,42.40,51.94
"02/25/2019","Imported Special",50.50,42.40,51.94
"02/24/2019","Imported Special",50.50,41.35,52.15
"02/23/2019","Imported Special",50.50,41.35,52.15
"02/22/2019","Imported Special",50.50,41.35,52.15
"02/21/2019","Imported Special",51.00,41.35,51.84
"02/20/2019","Imported Special",51.00,41.35,52.08
"02/19/2019","Imported Special",51.00,41.35,52.18
"02/18/2019","Imported Special",51.00,41.35,52.42
"02/17/2019","Imported Special",51.00,40.30,52.14
"02/16/2019","Imported Special",51.00,40.30,52.14
"02/15/2019","Imported Special",51.00,40.30,52.14
"02/14/2019","Imported Special",51.50,40.30,52.50
"02/13/2019","Imported Special",51.50,40.30,51.98
"02/12/2019","Imported Special",51.50,40.30,52.09
"02/11/2019","Imported Special",51.50,40.30,52.12
"02/10/2019","Imported Special",51.50,39.25,52.15
"02/09/2019","Imported Special",51.50,39.25,52.15
"02/08/2019","Imported Special",51.50,39.25,52.15
"02/07/2019","Imported Special",52.00,39.25,52.31
"02/06/2019","Imported Special",52.00,39.25,52.26
"02/05/2019","Imported Special",52.00,39.25,52.38
"02/04/2019","Imported Special",52.00,39.25,52.36
"02/03/2019","Imported Special",52.00,39.25,52.01
"02/02/2019","Imported Special",52.00,39.25,52.01
"02/01/2019","Imported Special",52.00,39.25,52.01
"01/31/2019","Imported Special",52.00,39.25,52.02
"01/30/2019","Imported Special",52.00,39.25,52.33
"01/29/2019","Imported Special",52.00,39.25,52.39
"01/28/2019","Imported Special",52.50,39.25,52.54
"01/27/2019","Imported Special",52.50,38.55,52.70
"01/26/2019","Imported Special",52.50,38.55,52.70
"01/25/2019","Imported Special",52.50,38.55,52.70
"01/24/2019","Imported Special",52.50,38.55,52.56
"01/23/2019","Imported Special",52.50,38.55,52.84
"01/22/2019","Imported Special",52.50,38.55,52.90
"01/21/2019","Imported Special",53.00,38.55,52.67
"01/20/2019","Imported Special",53.00,38.55,52.36
"01/19/2019","Imported Special",53.00,38.55,52.36
"01/18/2019","Imported Special",53.00,38.55,52.36
"01/17/2019","Imported Special",53.00,38.55,52.04
"01/16/2019","Imported Special",53.00,38.55,52.12
"01/15/2019","Imported Special",53.00,38.55,52.10
"01/14/2019","Imported Special",53.50,38.55,52.17
"01/13/2019","Imported Special",53.50,36.25,52.11
"01/12/2019","Imported Special",53.50,36.25,52.11
"01/11/2019","Imported Special",53.50,36.25,52.11
"01/10/2019","Imported Special",53.50,36.25,52.21
"01/09/2019","Imported Special",53.50,36.25,52.50
"01/08/2019","Imported Special",53.50,36.25,52.29
"01/07/2019","Imported Special",54.00,36.25,52.38
"01/06/2019","Imported Special",54.00,35.55,52.57
"01/05/2019","Imported Special",54.00,35.55,52.57
"01/04/2019","Imported Special",54.00,35.55,52.57
"01/03/2019","Imported Special",54.00,35.55,52.55
"01/02/2019","Imported Special",54.00,35.55,52.47
"01/01/2019","Imported Special",54.00,35.55,52.49
"12/31/2018","Imported Special",54.00,35.55,52.51
"12/30/2018","Imported Special",54.00,37.45,52.58
"12/29/2018","Imported Special",54.00,37.45,52.58
"12/28/2018","Imported Special",54.00,37.45,52.58
"12/27/2018","Imported Special",54.00,37.45,52.72
"12/26/2018","Imported Special",54.00,37.45,53.02
"12/25/2018","Imported Special",54.00,37.45,52.97
"12/24/2018","Imported Special",54.00,37.45,52.94
"12/23/2018","Imported Special",54.00,38.90,53.12
"12/22/2018","Imported Special",54.00,38.90,53.12
"12/21/2018","Imported Special",55.00,38.90,53.12
"12/20/2018","Imported Special",55.00,38.90,53.06
"12/19/2018","Imported Special",55.00,38.90,52.83
"12/18/2018","Imported Special",55.00,38.90,52.84
"12/17/2018","Imported Special",55.00,38.90,53.05
"12/16/2018","Imported Special",55.00,38.90,52.50
"12/15/2018","Imported Special",55.00,38.90,52.50
"12/14/2018","Imported Special",56.00,38.90,52.50
"12/13/2018","Imported Special",56.00,38.90,52.58
"12/12/2018","Imported Special",56.00,38.90,52.62
"12/11/2018","Imported Special",56.00,38.90,52.71
"12/10/2018","Imported Special",56.00,38.90,52.78
"12/09/2018","Imported Special",56.00,38.90,52.60
"12/08/2018","Imported Special",56.00,38.90,52.60
"12/07/2018","Imported Special",57.00,38.90,52.60
"12/06/2018","Imported Special",57.00,38.90,52.63
"12/05/2018","Imported Special",57.00,38.90,52.77
"12/04/2018","Imported Special",57.00,38.90,52.34
"12/03/2018","Imported Special",57.00,38.90,52.41
"12/02/2018","Imported Special",57.00,41.00,52.26
"12/01/2018","Imported Special",57.00,41.00,52.26
"11/30/2018","Imported Special",57.00,41.00,52.26
"11/29/2018","Imported Special",57.00,41.00,52.36
"11/28/2018","Imported Special",58.00,41.00,52.57
"11/27/2018","Imported Special",58.00,41.00,52.32
"11/26/2018","Imported Special",58.00,41.00,52.39
"11/25/2018","Imported Special",58.00,43.10,52.30
"11/24/2018","Imported Special",58.00,43.10,52.30
"11/23/2018","Imported Special",58.00,43.10,52.30
"11/22/2018","Imported Special",58.00,43.10,52.07
"11/21/2018","Imported Special",60.00,43.10,52.33
"11/20/2018","Imported Special",60.00,43.10,52.43
"11/19/2018","Imported Special",60.00,43.10,52.56
"11/18/2018","Imported Special",60.00,44.30,52.54
"11/17/2018","Imported Special",60.00,44.30,52.54
"11/16/2018","Imported Special",60.00,44.30,52.54
"11/15/2018","Imported Special",60.00,44.30,52.96
"11/14/2018","Imported Special",62.00,44.30,53.04
"11/13/2018","Imported Special",62.00,44.30,53.16
"11/12/2018","Imported Special",62.00,44.30,53.12
"11/11/2018","Imported Special",62.00,46.40,52.85
"11/10/2018","Imported Special",62.00,46.40,52.85
"11/09/2018","Imported Special",62.00,46.40,52.85
"11/08/2018","Imported Special",62.00,46.40,52.75
"11/07/2018","Imported Special",64.00,46.40,52.91
"11/06/2018","Imported Special",64.00,46.40,53.11
"11/05/2018","Imported Special",64.00,46.40,53.15
"11/04/2018","Imported Special",64.00,47.50,53.12
"11/03/2018","Imported Special",64.00,47.50,53.12
"11/02/2018","Imported Special",64.00,47.50,53.12
"11/01/2018","Imported Special",64.00,47.50,53.31
"10/31/2018","Imported Special",64.00,47.50,53.41
"10/30/2018","Imported Special",64.00,47.50,53.47
"10/29/2018","Imported Special",64.00,47.50,53.57
"10/28/2018","Imported Special",66.00,48.55,53.64
"10/27/2018","Imported Special",66.00,48.55,53.64
"10/26/2018","Imported Special",66.00,48.55,53.64
"10/25/2018","Imported Special",66.00,48.55,53.74
"10/24/2018","Imported Special",66.00,48.55,53.65
"10/23/2018","Imported Special",66.00,48.55,53.41
"10/22/2018","Imported Special",66.00,48.55,53.70
"10/21/2018","Imported Special",68.00,49.60,54.00
"10/20/2018","Imported Special",68.00,49.60,54.00
"10/19/2018","Imported Special",68.00,49.60,54.00
"10/18/2018","Imported Special",68.00,49.60,53.92
"10/17/2018","Imported Special",68.00,49.60,53.82
"10/16/2018","Imported Special",68.00,49.60,53.90
"10/15/2018","Imported Special",68.00,49.60,54.05
"10/14/2018","Imported Special",69.00,49.60,53.94
"10/13/2018","Imported Special",69.00,49.60,53.94
"10/12/2018","Imported Special",69.00,49.60,53.94
"10/11/2018","Imported Special",69.00,49.60,54.01
"10/10/2018","Imported Special",69.00,49.60,54.05
"10/09/2018","Imported Special",69.00,49.60,54.01
"10/08/2018","Imported Special",69.00,49.60,54.13
"10/07/2018","Imported Special",70.00,48.15,54.18
"10/06/2018","Imported Special",70.00,48.15,54.18
"10/05/2018","Imported Special",70.00,48.15,54.18
"10/04/2018","Imported Special",70.00,48.15,54.15
"10/03/2018","Imported Special",70.00,48.15,53.71
"10/02/2018","Imported Special",70.00,48.15,54.17
"10/01/2018","Imported Special",70.00,48.15,53.97
"09/30/2018","Imported Special",70.50,46.80,54.03
"09/29/2018","Imported Special",70.50,46.80,54.03
"09/28/2018","Imported Special",71.00,46.80,54.03
"09/27/2018","Imported Special",71.00,46.80,54.10
"09/26/2018","Imported Special",71.00,46.80,53.91
"09/25/2018","Imported Special",71.00,46.80,54.10
"09/24/2018","Imported Special",71.50,46.80,54.23
"09/23/2018","Imported Special",71.50,46.40,53.96
"09/22/2018","Imported Special",71.50,46.40,53.96
"09/21/2018","Imported Special",71.50,46.40,53.96
"09/20/2018","Imported Special",72.00,46.40,53.93
"09/19/2018","Imported Special",72.00,46.40,53.94
"09/18/2018","Imported Special",72.00,46.40,54.02
"09/17/2018","Imported Special",72.00,46.40,54.10
"09/16/2018","Imported Special",72.00,45.95,53.89
"09/15/2018","Imported Special",72.00,45.95,53.89
"09/14/2018","Imported Special",72.00,45.95,53.89
"09/13/2018","Imported Special",71.50,45.95,53.84
"09/12/2018","Imported Special",71.50,45.95,53.83
"09/11/2018","Imported Special",71.50,45.95,53.81
"09/10/2018","Imported Special",71.50,45.95,53.72
"09/09/2018","Imported Special",71.50,45.30,53.85
"09/08/2018","Imported Special",71.50,45.30,53.85
"09/07/2018","Imported Special",71.00,45.30,53.85
"09/06/2018","Imported Special",71.00,45.30,53.58
"09/05/2018","Imported Special",71.00,45.30,53.78
"09/04/2018","Imported Special",71.00,45.30,53.40
"09/03/2018","Imported Special",71.00,45.30,53.46
"09/02/2018","Imported Special",71.00,44.65,53.33
"09/01/2018","Imported Special",71.00,44.65,53.33
"08/31/2018","Imported Special",71.00,44.65,53.33
"08/30/2018","Imported Special",71.00,44.65,53.26
"08/29/2018","Imported Special",71.00,44.65,53.25
"08/28/2018","Imported Special",70.50,44.65,53.18
"08/27/2018","Imported Special",70.50,44.65,53.36
"08/26/2018","Imported Special",70.50,44.05,53.37
"08/25/2018","Imported Special",70.50,44.05,53.37
"08/24/2018","Imported Special",70.50,44.05,53.37
"08/23/2018","Imported Special",70.50,44.05,53.26
"08/22/2018","Imported Special",70.50,44.05,53.26
"08/21/2018","Imported Special",70.00,44.05,53.20
"08/20/2018","Imported Special",70.00,44.05,53.33
"08/19/2018","Imported Special",70.00,43.80,53.29
"08/18/2018","Imported Special",70.00,43.80,53.29
"08/17/2018","Imported Special",70.00,43.80,53.29
"08/16/2018","Imported Special",70.00,43.80,53.48
"08/15/2018","Imported Special",70.00,43.80,53.34
"08/14/2018","Imported Special",69.50,43.80,53.52
"08/13/2018","Imported Special",69.50,43.80,53.24
"08/12/2018","Imported Special",69.50,43.80,53.01
"08/11/2018","Imported Special",69.50,43.80,53.01
"08/10/2018","Imported Special",69.50,43.80,53.01
"08/09/2018","Imported Special",69.50,43.80,53.00
"08/08/2018","Imported Special",69.50,43.80,52.77
"08/07/2018","Imported Special",69.00,43.80,52.87
"08/06/2018","Imported Special",69.00,43.80,53.06
"08/05/2018","Imported Special",69.00,43.80,53.18
"08/04/2018","Imported Special",69.00,43.80,53.18
"08/03/2018","Imported Special",69.00,43.80,53.18
"08/02/2018","Imported Special",69.00,43.80,52.89
"08/01/2018","Imported Special",69.00,43.80,52.91
"07/31/2018","Imported Special",69.00,43.80,53.01
"07/30/2018","Imported Special",69.00,43.80,53.22
"07/29/2018","Imported Special",69.00,43.20,53.26
"07/28/2018","Imported Special",68.50,43.20,53.26
"07/27/2018","Imported Special",68.50,43.20,53.26
"07/26/2018","Imported Special",68.50,43.20,53.07
"07/25/2018","Imported Special",68.50,43.20,53.18
"07/24/2018","Imported Special",68.50,43.20,53.45
"07/23/2018","Imported Special",68.50,43.20,53.35
"07/22/2018","Imported Special",68.50,43.60,53.64
"07/21/2018","Imported Special",68.00,43.60,53.64
"07/20/2018","Imported Special",68.00,43.60,53.64
"07/19/2018","Imported Special",68.00,43.60,53.21
"07/18/2018","Imported Special",68.00,43.60,53.30
"07/17/2018","Imported Special",68.00,43.60,53.36
"07/16/2018","Imported Special",68.00,43.60,53.52
"07/15/2018","Imported Special",68.00,44.50,53.28
"07/14/2018","Imported Special",68.00,44.50,53.28
"07/13/2018","Imported Special",67.50,44.50,53.28
"07/12/2018","Imported Special",67.50,44.50,53.49
"07/11/2018","Imported Special",67.50,44.50,53.68
"07/10/2018","Imported Special",67.50,44.50,53.37
"07/09/2018","Imported Special",67.50,44.50,53.34
"07/08/2018","Imported Special",67.50,44.50,53.47
"07/07/2018","Imported Special",67.50,44.50,53.47
"07/06/2018","Imported Special",67.50,44.50,53.47
"07/05/2018","Imported Special",67.00,44.50,53.33
"07/04/2018","Imported Special",67.00,44.50,53.27
"07/03/2018","Imported Special",67.00,44.50,53.35
"07/02/2018","Imported Special",67.00,44.50,53.36
"07/01/2018","Imported Special",67.00,43.85,53.35
"06/30/2018","Imported Special",67.00,43.85,53.35
"06/29/2018","Imported Special",67.00,43.85,53.35
"06/28/2018","Imported Special",67.00,43.85,53.70
"06/27/2018","Imported Special",67.00,43.85,53.60
"06/26/2018","Imported Special",67.00,43.85,53.34
"06/25/2018","Imported Special",67.00,43.85,53.28
"06/24/2018","Imported Special",67.00,43.20,53.20
"06/23/2018","Imported Special",67.00,43.20,53.20
"06/22/2018","Imported Special",67.00,43.20,53.20
"06/21/2018","Imported Special",66.50,43.20,53.46
"06/20/2018","Imported Special",66.50,43.20,53.28
"06/19/2018","Imported Special",66.50,43.20,53.32
"06/18/2018","Imported Special",66.50,43.20,53.44
"06/17/2018","Imported Special",66.50,43.75,53.23
"06/16/2018","Imported Special",66.50,43.75,53.23
"06/15/2018","Imported Special",66.50,43.75,53.23
"06/14/2018","Imported Special",66.00,43.75,53.08
"06/13/2018","Imported Special",66.00,43.75,53.23
"06/12/2018","Imported Special",66.00,43.75,53.06
"06/11/2018","Imported Special",66.00,43.75,52.89
"06/10/2018","Imported Special",66.00,44.35,52.51
"06/09/2018","Imported Special",66.00,44.35,52.51
"06/08/2018","Imported Special",66.00,44.35,52.51
"06/07/2018","Imported Special",65.50,44.35,52.29
"06/06/2018","Imported Special",65.50,44.35,52.24
"06/05/2018","Imported Special",65.50,44.35,52.58
"06/04/2018","Imported Special",65.50,44.35,52.51
"06/03/2018","Imported Special",65.50,45.45,52.17
"06/02/2018","Imported Special",65.50,45.45,52.17
"06/01/2018","Imported Special",65.50,45.45,52.17
"05/31/2018","Imported Special",65.50,45.45,52.57
"05/30/2018","Imported Special",65.50,45.45,52.74
"05/29/2018","Imported Special",65.50,45.45,52.37
"05/28/2018","Imported Special",65.50,45.45,52.64
"05/27/2018","Imported Special",65.50,45.45,52.39
"05/26/2018","Imported Special",65.50,45.45,52.39
"05/25/2018","Imported Special",65.50,45.45,52.39
"05/24/2018","Imported Special",65.50,45.45,52.48
"05/23/2018","Imported Special",65.50,45.45,52.19
"05/22/2018","Imported Special",65.50,45.45,52.33
"05/21/2018","Imported Special",65.00,45.45,52.39
"05/20/2018","Imported Special",65.00,44.25,52.13
"05/19/2018","Imported Special",65.00,44.25,52.13
"05/18/2018","Imported Special",65.00,44.25,52.13
"05/17/2018","Imported Special",65.00,44.25,52.38
"05/16/2018","Imported Special",65.00,44.25,52.46
"05/15/2018","Imported Special",65.00,44.25,52.31
"05/14/2018","Imported Special",64.50,44.25,52.45
"05/13/2018","Imported Special",64.50,43.15,51.85
"05/12/2018","Imported Special",64.50,43.15,51.85
"05/11/2018","Imported Special",64.50,43.15,51.85
"05/10/2018","Imported Special",64.50,43.15,51.85
"05/09/2018","Imported Special",64.50,43.15,51.99
"05/08/2018","Imported Special",64.50,43.15,51.74
"05/07/2018","Imported Special",64.00,43.15,51.66
"05/06/2018","Imported Special",64.00,42.15,51.64
"05/05/2018","Imported Special",64.00,42.15,51.64
"05/04/2018","Imported Special",64.00,42.15,51.64
"05/03/2018","Imported Special",64.00,42.15,51.73
"05/02/2018","Imported Special",64.00,42.15,51.73
"05/01/2018","Imported Special",64.00,42.15,51.72
"04/30/2018","Imported Special",64.00,42.15,51.62
"04/29/2018","Imported Special",64.00,42.15,51.98
"04/28/2018","Imported Special",63.50,42.15,51.98
"04/27/2018","Imported Special",63.50,42.15,51.98
"04/26/2018","Imported Special",63.50,42.15,52.14
"04/25/2018","Imported Special",63.50,42.15,52.19
"04/24/2018","Imported Special",63.50,42.15,52.29
"04/23/2018","Imported Special",63.50,42.15,52.22
"04/22/2018","Imported Special",63.50,41.55,52.13
"04/21/2018","Imported Special",63.00,41.55,52.13
"04/20/2018","Imported Special",63.00,41.55,52.13
"04/19/2018","Imported Special",63.00,41.55,52.08
"04/18/2018","Imported Special",63.00,41.55,52.16
"04/17/2018","Imported Special",63.00,41.55,51.95
"04/16/2018","Imported Special",63.00,41.55,51.95
"04/15/2018","Imported Special",63.00,40.60,51.85
"04/14/2018","Imported Special",62.50,40.60,51.85
"04/13/2018","Imported Special",62.50,40.60,51.85
"04/12/2018","Imported Special",62.50,40.60,51.96
"04/11/2018","Imported Special",62.50,40.60,51.81
"04/10/2018","Imported Special",62.50,40.60,51.88
"04/09/2018","Imported Special",62.50,40.60,52.03
"04/08/2018","Imported Special",62.50,40.60,51.88
"04/07/2018","Imported Special",62.00,40.60,51.88
"04/06/2018","Imported Special",62.00,40.60,51.88
"04/05/2018","Imported Special",62.00,40.60,51.98
"04/04/2018","Imported Special",62.00,40.60,51.86
"04/03/2018","Imported Special",62.00,40.60,52.11
"04/02/2018","Imported Special",62.00,40.60,52.16
"04/01/2018","Imported Special",62.00,40.60,52.20
"03/31/2018","Imported Special",62.00,40.60,52.20
"03/30/2018","Imported Special",62.00,40.60,52.20
"03/29/2018","Imported Special",62.00,40.60,52.17
"03/28/2018","Imported Special",62.00,40.60,52.30
"03/27/2018","Imported Special",62.00,40.60,52.14
"03/26/2018","Imported Special",62.00,40.60,52.39
"03/25/2018","Imported Special",62.00,38.90,52.31
"03/24/2018","Imported Special",62.00,38.90,52.31
"03/23/2018","Imported Special",62.00,38.90,52.31
"03/22/2018","Imported Special",62.00,38.90,51.99
"03/21/2018","Imported Special",61.50,38.90,52.01
"03/20/2018","Imported Special",61.50,38.90,51.98
"03/19/2018","Imported Special",61.50,38.90,51.91
"03/18/2018","Imported Special",61.50,38.90,52.02
"03/17/2018","Imported Special",61.50,38.90,52.02
"03/16/2018","Imported Special",61.50,38.90,52.02
"03/15/2018","Imported Special",61.50,38.90,51.93
"03/14/2018","Imported Special",61.00,38.90,51.85
"03/13/2018","Imported Special",61.00,38.90,51.92
"03/12/2018","Imported Special",61.00,38.90,51.99
"03/11/2018","Imported Special",61.00,39.60,52.03
"03/10/2018","Imported Special",61.00,39.60,52.03
"03/09/2018","Imported Special",61.00,39.60,52.03
"03/08/2018","Imported Special",61.00,39.60,51.93
"03/07/2018","Imported Special",60.50,39.60,51.87
"03/06/2018","Imported Special",60.50,39.60,51.83
"03/05/2018","Imported Special",60.50,39.60,51.93
"03/04/2018","Imported Special",60.50,38.95,51.70
"03/03/2018","Imported Special",60.50,38.95,51.70
"03/02/2018","Imported Special",60.50,38.95,51.70
"03/01/2018","Imported Special",60.50,38.95,51.98
"02/28/2018","Imported Special",60.50,38.95,52.13
"02/27/2018","Imported Special",60.50,38.95,51.72
"02/26/2018","Imported Special",60.50,38.95,51.69
"02/25/2018","Imported Special",60.50,38.15,51.76
"02/24/2018","Imported Special",60.50,38.15,51.76
"02/23/2018","Imported Special",60.50,38.15,51.76
"02/22/2018","Imported Special",60.50,38.15,51.99
"02/21/2018","Imported Special",60.00,38.15,52.16
"02/20/2018","Imported Special",60.00,38.15,52.21
"02/19/2018","Imported Special",60.00,38.15,52.30
"02/18/2018","Imported Special",60.00,39.25,52.12
"02/17/2018","Imported Special",60.00,39.25,52.12
"02/16/2018","Imported Special",60.00,39.25,52.12
"02/15/2018","Imported Special",60.00,39.25,52.00
"02/14/2018","Imported Special",59.50,39.25,51.98
"02/13/2018","Imported Special",59.50,39.25,51.83
"02/12/2018","Imported Special",59.50,39.25,51.65
"02/11/2018","Imported Special",59.50,40.30,51.62
"02/10/2018","Imported Special",59.50,40.30,51.62
"02/09/2018","Imported Special",59.50,40.30,51.62
"02/08/2018","Imported Special",59.50,40.30,51.14
"02/07/2018","Imported Special",59.00,40.30,51.30
"02/06/2018","Imported Special",59.00,40.30,51.39
"02/05/2018","Imported Special",59.00,40.30,51.47
"02/04/2018","Imported Special",59.00,39.85,51.44
"02/03/2018","Imported Special",59.00,39.85,51.44
"02/02/2018","Imported Special",59.00,39.85,51.44
"02/01/2018","Imported Special",59.00,39.85,51.24
"01/31/2018","Imported Special",59.00,39.85,51.27
"01/30/2018","Imported Special",59.00,39.85,51.18
"01/29/2018","Imported Special",59.00,39.85,50.93
"01/28/2018","Imported Special",59.00,39.10,50.72
"01/27/2018","Imported Special",59.00,39.10,50.72
"01/26/2018","Imported Special",58.50,39.10,50.72
"01/25/2018","Imported Special",58.50,39.10,50.73
"01/24/2018","Imported Special",58.50,39.10,50.98
"01/23/2018","Imported Special",58.50,39.10,50.89
"01/22/2018","Imported Special",58.50,39.10,50.74
"01/21/2018","Imported Special",58.50,38.45,50.68
"01/20/2018","Imported Special",58.50,38.45,50.68
"01/19/2018","Imported Special",58.00,38.45,50.68
"01/18/2018","Imported Special",58.00,38.45,50.60
"01/17/2018","Imported Special",58.00,38.45,50.42
"01/16/2018","Imported Special",58.00,38.45,50.26
"01/15/2018","Imported Special",58.00,38.45,50.42
"01/14/2018","Imported Special",58.00,35.40,50.25
"01/13/2018","Imported Special",58.00,35.40,50.25
"01/12/2018","Imported Special",57.50,35.40,50.25
"01/11/2018","Imported Special",57.50,35.40,50.31
"01/10/2018","Imported Special",57.50,35.40,50.17
"01/09/2018","Imported Special",57.50,35.40,50.04
"01/08/2018","Imported Special",57.50,35.40,49.80
"01/07/2018","Imported Special",57.50,34.70,49.75
"01/06/2018","Imported Special",57.50,34.70,49.75
"01/05/2018","Imported Special",57.00,34.70,49.75
"01/04/2018","Imported Special",57.00,34.70,49.77
"01/03/2018","Imported Special",57.00,34.70,49.91
"01/02/2018","Imported Special",57.00,34.70,49.91
"01/01/2018","Imported Special",57.00,34.70,49.95
"12/31/2017","Imported Special",57.00,34.70,49.75
"12/30/2017","Imported Special",57.00,34.70,49.75
"12/29/2017","Imported Special",57.00,34.70,49.75
"12/28/2017","Imported Special",57.00,34.70,49.73
"12/27/2017","Imported Special",57.00,34.70,49.80
"12/26/2017","Imported Special",57.00,34.70,49.81
"12/25/2017","Imported Special",57.00,34.70,50.09
"12/24/2017","Imported Special",57.00,34.70,50.08
"12/23/2017","Imported Special",57.00,34.70,50.08
"12/22/2017","Imported Special",57.00,34.70,50.08
"12/21/2017","Imported Special",56.50,34.70,50.02
"12/20/2017","Imported Special",56.50,34.70,50.14
"12/19/2017","Imported Special",56.50,34.70,50.37
"12/18/2017","Imported Special",56.50,34.70,50.43
"12/17/2017","Imported Special",56.50,34.55,50.30
"12/16/2017","Imported Special",56.50,34.55,50.30
"12/15/2017","Imported Special",56.50,34.55,50.30
"12/14/2017","Imported Special",56.00,34.55,50.36
"12/13/2017","Imported Special",56.00,34.55,50.35
"12/12/2017","Imported Special",56.00,34.55,50.22
"12/11/2017","Imported Special",56.00,34.55,50.48
"12/10/2017","Imported Special",56.00,35.05,50.53
"12/09/2017","Imported Special",56.00,35.05,50.53
"12/08/2017","Imported Special",56.00,35.05,50.53
"12/07/2017","Imported Special",55.50,35.05,50.59
"12/06/2017","Imported Special",55.50,35.05,50.51
"12/05/2017","Imported Special",55.50,35.05,50.54
"12/04/2017","Imported Special",55.50,35.05,50.28
"12/03/2017","Imported Special",55.50,35.05,50.13
"12/02/2017","Imported Special",55.50,35.05,50.13
"12/01/2017","Imported Special",55.50,35.05,50.13
"11/30/2017","Imported Special",55.50,35.05,50.14
"11/29/2017","Imported Special",55.50,35.05,50.21
"11/28/2017","Imported Special",56.00,35.05,50.16
"11/27/2017","Imported Special",56.00,35.05,50.62
"11/26/2017","Imported Special",56.00,35.05,50.37
"11/25/2017","Imported Special",56.00,35.05,50.37
"11/24/2017","Imported Special",56.00,35.05,50.37
"11/23/2017","Imported Special",56.00,35.05,50.48
"11/22/2017","Imported Special",56.00,35.05,50.46
"11/21/2017","Imported Special",56.50,35.05,50.65
"11/20/2017","Imported Special",56.50,35.05,50.82
"11/19/2017","Imported Special",56.50,35.05,50.63
"11/18/2017","Imported Special",56.50,35.05,50.63
"11/17/2017","Imported Special",56.50,35.05,50.63
"11/16/2017","Imported Special",56.50,35.05,51.03
"11/15/2017","Imported Special",56.50,35.05,51.03
"11/14/2017","Imported Special",57.00,35.05,51.07
"11/13/2017","Imported Special",57.00,35.05,51.11
"11/12/2017","Imported Special",57.00,34.10,51.22
"11/11/2017","Imported Special",57.00,34.10,51.22
"11/10/2017","Imported Special",57.00,34.10,51.22
"11/09/2017","Imported Special",57.00,34.10,51.13
"11/08/2017","Imported Special",57.00,34.10,51.18
"11/07/2017","Imported Special",57.50,34.10,51.17
"11/06/2017","Imported Special",57.50,34.10,51.27
"11/05/2017","Imported Special",57.50,33.00,51.26
"11/04/2017","Imported Special",57.50,33.00,51.26
"11/03/2017","Imported Special",57.50,33.00,51.26
"11/02/2017","Imported Special",57.50,33.00,51.40
"11/01/2017","Imported Special",57.50,33.00,51.49
"10/31/2017","Imported Special",57.50,33.00,51.53
"10/30/2017","Imported Special",57.50,33.00,51.67
"10/29/2017","Imported Special",57.50,32.40,51.87
"10/28/2017","Imported Special",57.50,32.40,51.87
"10/27/2017","Imported Special",57.50,32.40,51.87
"10/26/2017","Imported Special",57.50,32.40,51.58
"10/25/2017","Imported Special",58.00,32.40,51.66
"10/24/2017","Imported Special",58.00,32.40,51.39
"10/23/2017","Imported Special",58.00,32.40,51.53
"10/22/2017","Imported Special",58.00,32.15,51.38
"10/21/2017","Imported Special",58.00,32.15,51.38
"10/20/2017","Imported Special",58.00,32.15,51.38
"10/19/2017","Imported Special",58.00,32.15,51.25
"10/18/2017","Imported Special",58.50,32.15,51.21
"10/17/2017","Imported Special",58.50,32.15,51.15
"10/16/2017","Imported Special",58.50,32.15,51.28
"10/15/2017","Imported Special",58.50,32.80,51.37
"10/14/2017","Imported Special",58.50,32.80,51.37
"10/13/2017","Imported Special",58.50,32.80,51.37
"10/12/2017","Imported Special",58.50,32.80,51.24
"10/11/2017","Imported Special",59.00,32.80,51.32
"10/10/2017","Imported Special",59.00,32.80,51.10
"10/09/2017","Imported Special",59.00,32.80,51.21
"10/08/2017","Imported Special",59.00,32.80,50.89
"10/07/2017","Imported Special",59.00,32.80,50.89
"10/06/2017","Imported Special",59.00,32.80,50.89
"10/05/2017","Imported Special",59.00,32.80,50.86
"10/04/2017","Imported Special",59.50,32.80,50.92
"10/03/2017","Imported Special",59.50,32.80,50.96
"10/02/2017","Imported Special",59.50,32.80,50.88
"10/01/2017","Imported Special",59.50,33.40,50.75
"09/30/2017","Imported Special",59.50,33.40,50.75
"09/29/2017","Imported Special",59.50,33.40,50.75
"09/28/2017","Imported Special",59.50,33.40,50.92
"09/27/2017","Imported Special",59.50,33.40,50.79
"09/26/2017","Imported Special",59.50,33.40,50.69
"09/25/2017","Imported Special",59.50,33.40,50.57
"09/24/2017","Imported Special",59.50,33.40,50.87
"09/23/2017","Imported Special",59.50,33.40,50.87
"09/22/2017","Imported Special",59.50,33.40,50.87
"09/21/2017","Imported Special",59.50,33.40,50.81
"09/20/2017","Imported Special",59.50,33.40,50.87
"09/19/2017","Imported Special",59.50,33.40,51.08
"09/18/2017","Imported Special",59.50,33.40,51.28
"09/17/2017","Imported Special",60.00,32.80,51.15
"09/16/2017","Imported Special",60.00,32.80,51.15
"09/15/2017","Imported Special",60.00,32.80,51.15
"09/14/2017","Imported Special",60.00,32.80,50.96
"09/13/2017","Imported Special",60.00,32.80,50.77
"09/12/2017","Imported Special",60.00,32.80,50.78
"09/11/2017","Imported Special",60.00,32.80,50.82
"09/10/2017","Imported Special",60.00,32.15,50.57
"09/09/2017","Imported Special",60.00,32.15,50.57
"09/08/2017","Imported Special",60.00,32.15,50.57
"09/07/2017","Imported Special",60.50,32.15,50.90
"09/06/2017","Imported Special",60.50,32.15,50.96
"09/05/2017","Imported Special",60.50,32.15,51.05
"09/04/2017","Imported Special",60.50,32.15,51.04
"09/03/2017","Imported Special",60.50,31.55,51.04
"09/02/2017","Imported Special",60.50,31.55,51.04
"09/01/2017","Imported Special",60.50,31.55,51.04
"08/31/2017","Imported Special",60.50,31.55,51.02
"08/30/2017","Imported Special",60.50,31.55,51.04
"08/29/2017","Imported Special",60.50,31.55,50.80
"08/28/2017","Imported Special",60.50,31.55,51.01
"08/27/2017","Imported Special",60.50,30.95,50.89
"08/26/2017","Imported Special",60.50,30.95,50.89
"08/25/2017","Imported Special",60.50,30.95,50.89
"08/24/2017","Imported Special",60.50,30.95,51.00
"08/23/2017","Imported Special",60.50,30.95,51.17
"08/22/2017","Imported Special",60.50,30.95,51.36
"08/21/2017","Imported Special",60.00,30.95,51.38
"08/20/2017","Imported Special",60.00,30.55,51.25
"08/19/2017","Imported Special",60.00,30.55,51.25
"08/18/2017","Imported Special",60.00,30.55,51.25
"08/17/2017","Imported Special",60.00,30.55,51.24
"08/16/2017","Imported Special",60.00,30.55,51.30
"08/15/2017","Imported Special",60.00,30.55,51.11
"08/14/2017","Imported Special",60.00,30.55,50.99
"08/13/2017","Imported Special",60.00,30.95,50.75
"08/12/2017","Imported Special",60.00,30.95,50.75
"08/11/2017","Imported Special",60.00,30.95,50.75
"08/10/2017","Imported Special",60.00,30.95,50.51
"08/09/2017","Imported Special",60.00,30.95,50.40
"08/08/2017","Imported Special",60.00,30.95,50.23
"08/07/2017","Imported Special",59.50,30.95,50.33
"08/06/2017","Imported Special",59.50,30.45,50.17
"08/05/2017","Imported Special",59.50,30.45,50.17
"08/04/2017","Imported Special",59.50,30.45,50.17
"08/03/2017","Imported Special",59.50,30.45,50.27
"08/02/2017","Imported Special",59.50,30.45,50.29
"08/01/2017","Imported Special",59.50,30.45,50.33
"07/31/2017","Imported Special",59.50,30.45,50.54
"07/30/2017","Imported Special",59.50,29.95,50.43
"07/29/2017","Imported Special",59.50,29.95,50.43
"07/28/2017","Imported Special",59.50,29.95,50.43
"07/27/2017","Imported Special",59.50,29.95,50.49
"07/26/2017","Imported Special",59.50,29.95,50.42
"07/25/2017","Imported Special",59.50,29.95,50.61
"07/24/2017","Imported Special",59.50,29.95,50.66
"07/23/2017","Imported Special",59.50,29.30,50.53
"07/22/2017","Imported Special",59.50,29.30,50.53
"07/21/2017","Imported Special",59.00,29.30,50.53
"07/20/2017","Imported Special",59.00,29.30,50.81
"07/19/2017","Imported Special",59.00,29.30,50.64
"07/18/2017","Imported Special",59.00,29.30,50.56
"07/17/2017","Imported Special",59.00,29.30,50.51
"07/16/2017","Imported Special",59.00,29.70,50.44
"07/15/2017","Imported Special",59.00,29.70,50.44
"07/14/2017","Imported Special",59.00,29.70,50.44
"07/13/2017","Imported Special",59.00,29.70,50.33
"07/12/2017","Imported Special",59.00,29.70,50.61
"07/11/2017","Imported Special",59.00,29.70,50.62
"07/10/2017","Imported Special",59.00,29.70,50.62
"07/09/2017","Imported Special",59.00,29.00,50.54
"07/08/2017","Imported Special",59.00,29.00,50.54
"07/07/2017","Imported Special",58.50,29.00,50.54
"07/06/2017","Imported Special",58.50,29.00,50.37
"07/05/2017","Imported Special",58.50,29.00,50.33
"07/04/2017","Imported Special",58.50,29.00,50.43
"07/03/2017","Imported Special",58.50,29.00,50.39
"07/02/2017","Imported Special",58.50,28.30,50.42
"07/01/2017","Imported Special",58.50,28.30,50.42
"06/30/2017","Imported Special",58.50,28.30,50.42
"06/29/2017","Imported Special",58.50,28.30,50.38
"06/28/2017","Imported Special",58.50,28.30,50.22
"06/27/2017","Imported Special",58.50,28.30,50.10
"06/26/2017","Imported Special",58.50,28.30,50.01
"06/25/2017","Imported Special",58.50,28.30,50.20
"06/24/2017","Imported Special",58.50,28.30,50.20
"06/23/2017","Imported Special",58.50,28.30,50.20
"06/22/2017","Imported Special",58.50,28.30,50.15
"06/21/2017","Imported Special",58.00,28.30,49.95
"06/20/2017","Imported Special",58.00,28.30,49.86
"06/19/2017","Imported Special",58.00,28.30,49.85
"06/18/2017","Imported Special",58.00,29.20,49.72
"06/17/2017","Imported Special",58.00,29.20,49.72
"06/16/2017","Imported Special",58.00,29.20,49.72
"06/15/2017","Imported Special",58.00,29.20,49.37
"06/14/2017","Imported Special",58.00,29.20,49.40
"06/13/2017","Imported Special",58.00,29.20,49.40
"06/12/2017","Imported Special",58.00,29.20,49.50
"06/11/2017","Imported Special",58.00,29.80,49.41
"06/10/2017","Imported Special",58.00,29.80,49.41
"06/09/2017","Imported Special",58.00,29.80,49.41
"06/08/2017","Imported Special",58.00,29.80,49.35
"06/07/2017","Imported Special",57.50,29.80,49.36
"06/06/2017","Imported Special",57.50,29.80,49.28
"06/05/2017","Imported Special",57.50,29.80,49.62
"06/04/2017","Imported Special",57.50,30.40,49.66
"06/03/2017","Imported Special",57.50,30.40,49.66
"06/02/2017","Imported Special",57.50,30.40,49.66
"06/01/2017","Imported Special",57.50,30.40,49.78
"05/31/2017","Imported Special",57.50,30.40,49.69
"05/30/2017","Imported Special",57.50,30.40,49.68
"05/29/2017","Imported Special",57.50,30.40,49.75
"05/28/2017","Imported Special",57.50,30.80,49.81
"05/27/2017","Imported Special",57.50,30.80,49.81
"05/26/2017","Imported Special",57.50,30.80,49.81
"05/25/2017","Imported Special",57.50,30.80,49.85
"05/24/2017","Imported Special",57.50,30.80,49.77
"05/23/2017","Imported Special",57.50,30.80,49.62
"05/22/2017","Imported Special",57.50,30.80,49.68
"05/21/2017","Imported Special",57.00,30.40,49.71
"05/20/2017","Imported Special",57.00,30.40,49.71
"05/19/2017","Imported Special",57.00,30.40,49.71
"05/18/2017","Imported Special",57.00,30.40,49.65
"05/17/2017","Imported Special",57.00,30.40,49.52
"05/16/2017","Imported Special",57.00,30.40,49.51
"05/15/2017","Imported Special",57.00,30.40,49.70
"05/14/2017","Imported Special",57.00,29.60,49.80
"05/13/2017","Imported Special",57.00,29.60,49.80
"05/12/2017","Imported Special",57.00,29.60,49.80
"05/11/2017","Imported Special",57.00,29.60,49.77
"05/10/2017","Imported Special",57.00,29.60,49.86
"05/09/2017","Imported Special",57.00,29.60,49.75
"05/08/2017","Imported Special",57.00,29.60,49.74
"05/07/2017","Imported Special",56.50,30.70,49.76
"05/06/2017","Imported Special",56.50,30.70,49.76
"05/05/2017","Imported Special",56.50,30.70,49.76
"05/04/2017","Imported Special",56.50,30.70,49.83
"05/03/2017","Imported Special",56.50,30.70,49.89
"05/02/2017","Imported Special",56.50,30.70,50.02
"05/01/2017","Imported Special",56.50,30.70,50.20
"04/30/2017","Imported Special",56.50,31.40,49.83
"04/29/2017","Imported Special",56.50,31.40,49.83
"04/28/2017","Imported Special",56.50,31.40,49.83
"04/27/2017","Imported Special",56.50,31.40,49.74
"04/26/2017","Imported Special",56.50,31.40,49.52
"04/25/2017","Imported Special",56.50,31.40,49.68
"04/24/2017","Imported Special",56.50,31.40,49.84
"04/23/2017","Imported Special",56.50,32.10,49.68
"04/22/2017","Imported Special",56.50,32.10,49.68
"04/21/2017","Imported Special",56.00,32.10,49.68
"04/20/2017","Imported Special",56.00,32.10,49.59
"04/19/2017","Imported Special",56.00,32.10,49.54
"04/18/2017","Imported Special",56.00,32.10,49.54
"04/17/2017","Imported Special",56.00,32.10,49.43
"04/16/2017","Imported Special",56.00,31.60,49.42
"04/15/2017","Imported Special",56.00,31.60,49.42
"04/14/2017","Imported Special",55.50,31.60,49.42
"04/13/2017","Imported Special",55.50,31.60,49.28
"04/12/2017","Imported Special",55.50,31.60,49.50
"04/11/2017","Imported Special",55.50,31.60,49.41
"04/10/2017","Imported Special",55.50,31.60,48.84
"04/09/2017","Imported Special",55.50,30.50,50.04
"04/08/2017","Imported Special",55.50,30.50,50.04
"04/07/2017","Imported Special",55.00,30.50,50.04
"04/06/2017","Imported Special",55.00,30.50,49.99
"04/05/2017","Imported Special",55.00,30.50,50.08
"04/04/2017","Imported Special",55.00,30.50,49.99
"04/03/2017","Imported Special",55.00,30.50,50.16
"04/02/2017","Imported Special",55.00,30.10,50.07
"04/01/2017","Imported Special",55.00,30.10,50.07
"03/31/2017","Imported Special",55.00,30.10,50.07
"03/30/2017","Imported Special",55.00,30.10,50.06
"03/29/2017","Imported Special",55.00,30.10,50.03
"03/28/2017","Imported Special",55.00,30.10,49.99
"03/27/2017","Imported Special",55.00,30.10,50.18
"03/26/2017","Imported Special",55.00,30.10,50.27
"03/25/2017","Imported Special",55.00,30.10,50.27
"03/24/2017","Imported Special",55.00,30.10,50.27
"03/23/2017","Imported Special",55.00,30.10,50.10
"03/22/2017","Imported Special",55.00,30.10,50.10
"03/21/2017","Imported Special",54.50,30.10,49.96
"03/20/2017","Imported Special",54.50,30.10,50.18
"03/19/2017","Imported Special",54.50,31.10,49.89
"03/18/2017","Imported Special",54.50,31.10,49.89
"03/17/2017","Imported Special",54.50,31.10,49.89
"03/16/2017","Imported Special",54.50,31.10,50.07
"03/15/2017","Imported Special",54.50,31.10,50.18
"03/14/2017","Imported Special",54.00,31.10,50.14
"03/13/2017","Imported Special",54.00,31.10,50.25
"03/12/2017","Imported Special",54.00,32.10,50.24
"03/11/2017","Imported Special",54.00,32.10,50.24
"03/10/2017","Imported Special",54.00,32.10,50.24
"03/09/2017","Imported Special",54.00,32.10,50.18
"03/08/2017","Imported Special",54.00,32.10,50.14
"03/07/2017","Imported Special",53.50,32.10,50.26
"03/06/2017","Imported Special",53.50,32.10,48.77
"03/05/2017","Imported Special",53.50,31.75,50.16
"03/04/2017","Imported Special",53.50,31.75,50.16
"03/03/2017","Imported Special",53.50,31.75,50.16
"03/02/2017","Imported Special",53.50,31.75,50.17
"03/01/2017","Imported Special",53.50,31.75,50.13
"02/28/2017","Imported Special",53.50,31.75,50.10
"02/27/2017","Imported Special",53.50,31.75,50.16
"02/26/2017","Imported Special",53.50,31.95,50.07
"02/25/2017","Imported Special",53.50,31.95,50.07
"02/24/2017","Imported Special",53.50,31.95,50.07
"02/23/2017","Imported Special",53.50,31.95,50.08
"02/22/2017","Imported Special",53.50,31.95,50.13
"02/21/2017","Imported Special",53.00,31.95,50.31
"02/20/2017","Imported Special",53.00,31.95,50.10
"02/19/2017","Imported Special",53.00,31.95,49.83
"02/18/2017","Imported Special",53.00,31.95,49.83
"02/17/2017","Imported Special",53.00,31.95,49.83
"02/16/2017","Imported Special",53.00,31.95,49.81
"02/15/2017","Imported Special",53.00,31.95,49.74
"02/14/2017","Imported Special",52.50,31.95,49.79
"02/13/2017","Imported Special",52.50,31.95,49.90
"02/12/2017","Imported Special",52.50,31.35,49.74
"02/11/2017","Imported Special",52.50,31.35,49.74
"02/10/2017","Imported Special",52.50,31.35,49.74
"02/09/2017","Imported Special",52.50,31.35,49.75
"02/08/2017","Imported Special",52.50,31.35,49.62
"02/07/2017","Imported Special",52.00,31.35,49.48
"02/06/2017","Imported Special",52.00,31.35,49.64
"02/05/2017","Imported Special",52.00,31.85,49.76
"02/04/2017","Imported Special",52.00,31.85,49.76
"02/03/2017","Imported Special",52.00,31.85,49.76
"02/02/2017","Imported Special",52.00,31.85,49.68
"02/01/2017","Imported Special",52.00,31.85,49.62
"01/31/2017","Imported Special",52.00,31.85,49.67
"01/30/2017","Imported Special",52.00,31.85,49.64
"01/29/2017","Imported Special",52.00,31.85,49.66
"01/28/2017","Imported Special",52.00,31.85,49.66
"01/27/2017","Imported Special",52.00,31.85,49.66
"01/26/2017","Imported Special",52.00,31.85,49.52
"01/25/2017","Imported Special",52.00,31.85,49.71
"01/24/2017","Imported Special",52.00,31.85,49.72
"01/23/2017","Imported Special",52.00,31.85,49.92
"01/22/2017","Imported Special",52.00,31.25,49.85
"01/21/2017","Imported Special",52.00,31.25,49.85
"01/20/2017","Imported Special",52.00,31.25,49.85
"01/19/2017","Imported Special",52.00,31.25,49.67
"01/18/2017","Imported Special",52.00,31.25,49.69
"01/17/2017","Imported Special",52.00,31.25,49.87
"01/16/2017","Imported Special",51.50,31.25,49.81
"01/15/2017","Imported Special",51.50,31.25,49.45
"01/14/2017","Imported Special",51.50,31.25,49.45
"01/13/2017","Imported Special",51.50,31.25,49.45
"01/12/2017","Imported Special",51.50,31.25,49.48
"01/11/2017","Imported Special",51.50,31.25,49.45
"01/10/2017","Imported Special",51.50,31.25,49.43
"01/09/2017","Imported Special",51.00,31.25,49.55
"01/08/2017","Imported Special",51.00,31.25,49.15
"01/07/2017","Imported Special",51.00,31.25,49.15
"01/06/2017","Imported Special",51.00,31.25,49.15
"01/05/2017","Imported Special",51.00,31.25,49.56
"01/04/2017","Imported Special",51.00,31.25,49.63
"01/03/2017","Imported Special",51.00,31.25,49.60
"01/02/2017","Imported Special",51.00,31.25,49.60
"01/01/2017","Imported Special",51.00,30.55,49.42
"12/31/2016","Imported Special",51.00,30.55,49.42
"12/30/2016","Imported Special",51.00,30.55,49.42
"12/29/2016","Imported Special",51.00,30.55,49.67
"12/28/2016","Imported Special",51.00,30.55,49.65
"12/27/2016","Imported Special",51.00,30.55,49.78
"12/26/2016","Imported Special",51.00,30.55,49.77
"12/25/2016","Imported Special",51.00,30.05,49.68
"12/24/2016","Imported Special",51.00,30.05,49.68
"12/23/2016","Imported Special",51.00,30.05,49.68
"12/22/2016","Imported Special",51.00,30.05,49.84
"12/21/2016","Imported Special",51.00,30.05,49.84
"12/20/2016","Imported Special",51.00,30.05,49.86
"12/19/2016","Imported Special",51.00,30.05,50.03
"12/18/2016","Imported Special",51.00,30.05,49.81
"12/17/2016","Imported Special",51.00,30.05,49.81
"12/16/2016","Imported Special",51.00,30.05,49.81
"12/15/2016","Imported Special",51.00,30.05,49.58
"12/14/2016","Imported Special",50.50,30.05,49.68
"12/13/2016","Imported Special",50.50,30.05,49.67
"12/12/2016","Imported Special",50.50,30.05,49.90
"12/11/2016","Imported Special",50.50,29.65,49.55
"12/10/2016","Imported Special",50.50,29.65,49.55
"12/09/2016","Imported Special",50.50,29.65,49.55
"12/08/2016","Imported Special",50.50,29.65,49.49
"12/07/2016","Imported Special",50.00,29.65,49.55
"12/06/2016","Imported Special",50.00,29.65,49.53
"12/05/2016","Imported Special",50.00,29.65,49.61
"12/04/2016","Imported Special",50.00,28.25,49.62
"12/03/2016","Imported Special",50.00,28.25,49.62
"12/02/2016","Imported Special",50.00,28.25,49.62
"12/01/2016","Imported Special",50.00,28.25,49.69
"11/30/2016","Imported Special",50.00,28.25,49.58
"11/29/2016","Imported Special",50.00,28.25,49.59
"11/28/2016","Imported Special",50.00,28.25,49.85
"11/27/2016","Imported Special",50.00,27.65,49.84
"11/26/2016","Imported Special",50.00,27.65,49.84
"11/25/2016","Imported Special",50.00,27.65,49.84
"11/24/2016","Imported Special",50.00,27.65,49.81
"11/23/2016","Imported Special",50.00,27.65,49.72
"11/22/2016","Imported Special",50.00,27.65,49.69
"11/21/2016","Imported Special",50.00,27.65,49.65
"11/20/2016","Imported Special",50.00,27.55,49.46
"11/19/2016","Imported Special",50.00,27.55,49.46
"11/18/2016","Imported Special",50.00,27.55,49.46
"11/17/2016","Imported Special",50.00,27.55,43.70
"11/16/2016","Imported Special",50.00,27.55,49.04
"11/15/2016","Imported Special",50.00,27.55,48.90
"11/14/2016","Imported Special",50.50,27.55,48.76
"11/13/2016","Imported Special",50.50,28.85,48.83
"11/12/2016","Imported Special",50.50,28.85,48.83
"11/11/2016","Imported Special",50.50,28.85,48.83
"11/10/2016","Imported Special",50.50,28.85,48.77
"11/09/2016","Imported Special",50.50,28.85,48.44
"11/08/2016","Imported Special",50.50,28.85,48.55
"11/07/2016","Imported Special",51.00,28.85,48.54
"11/06/2016","Imported Special",51.00,29.70,48.22
"11/05/2016","Imported Special",51.00,29.70,48.22
"11/04/2016","Imported Special",51.00,29.70,48.22
"11/03/2016","Imported Special",51.00,29.70,48.13
"11/02/2016","Imported Special",51.00,29.70,48.20
"11/01/2016","Imported Special",51.00,29.70,48.32
"10/31/2016","Imported Special",51.00,29.70,48.48
"10/30/2016","Imported Special",51.00,29.95,48.36
"10/29/2016","Imported Special",51.00,29.95,48.36
"10/28/2016","Imported Special",51.50,29.95,48.36
"10/27/2016","Imported Special",51.50,29.95,48.20
"10/26/2016","Imported Special",51.50,29.95,48.07
"10/25/2016","Imported Special",51.50,29.95,48.09
"10/24/2016","Imported Special",51.50,29.95,48.31
"10/23/2016","Imported Special",51.50,29.95,47.94
"10/22/2016","Imported Special",51.50,29.95,47.94
"10/21/2016","Imported Special",52.00,29.95,47.94
"10/20/2016","Imported Special",52.00,29.95,47.76
"10/19/2016","Imported Special",52.00,29.95,48.01
"10/18/2016","Imported Special",52.00,29.95,48.34
"10/17/2016","Imported Special",52.00,29.95,48.34
"10/16/2016","Imported Special",52.00,29.50,48.20
"10/15/2016","Imported Special",52.00,29.50,48.20
"10/14/2016","Imported Special",52.50,29.50,48.20
"10/13/2016","Imported Special",52.50,29.50,48.45
"10/12/2016","Imported Special",52.50,29.50,48.68
"10/11/2016","Imported Special",52.50,29.50,48.28
"10/10/2016","Imported Special",52.50,29.50,48.31
"10/09/2016","Imported Special",52.50,28.15,48.15
"10/08/2016","Imported Special",52.50,28.15,48.15
"10/07/2016","Imported Special",53.00,28.15,48.15
"10/06/2016","Imported Special",53.00,28.15,48.14
"10/05/2016","Imported Special",53.00,28.15,48.25
"10/04/2016","Imported Special",53.00,28.15,48.09
"10/03/2016","Imported Special",53.00,28.15,48.27
"10/02/2016","Imported Special",53.00,27.65,48.19
"10/01/2016","Imported Special",53.00,27.65,48.19
"09/30/2016","Imported Special",53.00,27.65,48.19
"09/29/2016","Imported Special",53.00,27.65,48.16
"09/28/2016","Imported Special",53.50,27.65,48.18
"09/27/2016","Imported Special",53.50,27.65,48.20
"09/26/2016","Imported Special",53.50,27.65,48.11
"09/25/2016","Imported Special",53.50,27.45,47.70
"09/24/2016","Imported Special",53.50,27.45,47.70
"09/23/2016","Imported Special",53.50,27.45,47.70
"09/22/2016","Imported Special",53.50,27.45,47.48
"09/21/2016","Imported Special",54.00,27.45,47.66
"09/20/2016","Imported Special",54.00,27.45,47.74
"09/19/2016","Imported Special",54.00,27.45,47.92
"09/18/2016","Imported Special",54.00,26.70,47.35
"09/17/2016","Imported Special",54.00,26.70,47.35
"09/16/2016","Imported Special",54.00,26.70,47.35
"09/15/2016","Imported Special",54.00,26.70,47.26
"09/14/2016","Imported Special",54.50,26.70,47.51
"09/13/2016","Imported Special",54.50,26.70,47.31
"09/12/2016","Imported Special",54.50,26.70,47.22
"09/11/2016","Imported Special",54.50,27.30,46.94
"09/10/2016","Imported Special",54.50,27.30,46.94
"09/09/2016","Imported Special",54.50,27.30,46.94
"09/08/2016","Imported Special",54.50,27.30,46.58
"09/07/2016","Imported Special",55.00,27.30,46.33
"09/06/2016","Imported Special",55.00,27.30,46.39
"09/05/2016","Imported Special",55.00,27.30,46.61
"09/04/2016","Imported Special",55.00,27.80,46.55
"09/03/2016","Imported Special",55.00,27.80,46.55
"09/02/2016","Imported Special",55.00,27.80,46.55
"09/01/2016","Imported Special",55.00,27.80,46.52
"08/31/2016","Imported Special",55.00,27.80,46.42
"08/30/2016","Imported Special",55.00,27.80,46.22
"08/29/2016","Imported Special",55.00,27.80,46.26
"08/28/2016","Imported Special",55.50,27.50,46.21
"08/27/2016","Imported Special",55.50,27.50,46.21
"08/26/2016","Imported Special",55.50,27.50,46.21
"08/25/2016","Imported Special",55.50,27.50,46.36
"08/24/2016","Imported Special",55.50,27.50,46.33
"08/23/2016","Imported Special",55.50,27.50,46.39
"08/22/2016","Imported Special",55.50,27.50,46.38
"08/21/2016","Imported Special",56.00,26.05,46.15
"08/20/2016","Imported Special",56.00,26.05,46.15
"08/19/2016","Imported Special",56.00,26.05,46.15
"08/18/2016","Imported Special",56.00,26.05,46.26
"08/17/2016","Imported Special",56.00,26.05,46.14
"08/16/2016","Imported Special",56.00,26.05,46.19
"08/15/2016","Imported Special",56.00,26.05,46.56
"08/14/2016","Imported Special",56.00,25.35,46.52
"08/13/2016","Imported Special",56.00,25.35,46.52
"08/12/2016","Imported Special",56.00,25.35,46.52
"08/11/2016","Imported Special",56.00,25.35,46.52
"08/10/2016","Imported Special",56.00,25.35,46.73
"08/09/2016","Imported Special",56.00,25.35,46.83
"08/08/2016","Imported Special",56.00,25.35,46.87
"08/07/2016","Imported Special",56.00,25.35,46.87
"08/06/2016","Imported Special",56.00,25.35,46.87
"08/05/2016","Imported Special",56.00,25.35,46.87
"08/04/2016","Imported Special",56.00,25.35,46.91
"08/03/2016","Imported Special",56.00,25.35,46.90
"08/02/2016","Imported Special",56.00,25.35,46.91
"08/01/2016","Imported Special",56.00,25.35,46.89
"07/31/2016","Imported Special",56.00,26.35,46.99
"07/30/2016","Imported Special",56.00,26.35,46.99
"07/29/2016","Imported Special",56.00,26.35,46.99
"07/28/2016","Imported Special",56.00,26.35,47.02
"07/27/2016","Imported Special",56.00,26.35,47.02
"07/26/2016","Imported Special",56.00,26.35,47.03
"07/25/2016","Imported Special",56.00,26.35,46.99
"07/24/2016","Imported Special",56.00,26.85,46.96
"07/23/2016","Imported Special",56.00,26.85,46.96
"07/22/2016","Imported Special",56.00,26.85,46.96
"07/21/2016","Imported Special",56.00,26.85,47.01
"07/20/2016","Imported Special",56.00,26.85,46.84
"07/19/2016","Imported Special",56.00,26.85,46.61
"07/18/2016","Imported Special",56.00,26.85,46.67
"07/17/2016","Imported Special",56.00,27.40,46.71
"07/16/2016","Imported Special",56.00,27.40,46.71
"07/15/2016","Imported Special",56.00,27.40,46.71
"07/14/2016","Imported Special",56.00,27.40,47.04
"07/13/2016","Imported Special",56.00,27.40,47.20
"07/12/2016","Imported Special",56.00,27.40,47.23
"07/11/2016","Imported Special",56.00,27.40,47.06
"07/10/2016","Imported Special",56.00,28.15,47.01
"07/09/2016","Imported Special",56.00,28.15,47.01
"07/08/2016","Imported Special",56.00,28.15,47.01
"07/07/2016","Imported Special",56.00,28.15,46.94
"07/06/2016","Imported Special",56.00,28.15,46.94
"07/05/2016","Imported Special",56.00,28.15,46.73
"07/04/2016","Imported Special",56.00,28.15,46.84
"07/03/2016","Imported Special",56.00,28.15,47.01
"07/02/2016","Imported Special",56.00,28.15,47.01
"07/01/2016","Imported Special",56.00,28.15,47.01
"06/30/2016","Imported Special",56.00,28.15,46.81
"06/29/2016","Imported Special",56.00,28.15,46.93
"06/28/2016","Imported Special",55.50,28.15,47.12
"06/27/2016","Imported Special",55.50,28.15,46.85
"06/26/2016","Imported Special",55.50,27.45,46.36
"06/25/2016","Imported Special",55.50,27.45,46.36
"06/24/2016","Imported Special",55.50,27.45,46.36
"06/23/2016","Imported Special",55.50,27.45,46.26
"06/22/2016","Imported Special",55.50,27.45,46.21
"06/21/2016","Imported Special",55.00,27.45,46.21
"06/20/2016","Imported Special",55.00,27.45,46.02
"06/19/2016","Imported Special",55.00,27.85,46.31
"06/18/2016","Imported Special",55.00,27.85,46.31
"06/17/2016","Imported Special",55.00,27.85,46.31
"06/16/2016","Imported Special",55.00,27.85,46.19
"06/15/2016","Imported Special",55.00,27.85,46.16
"06/14/2016","Imported Special",54.50,27.85,46.01
"06/13/2016","Imported Special",54.50,27.85,46.01
"06/12/2016","Imported Special",54.50,26.75,45.86
"06/11/2016","Imported Special",54.50,26.75,45.86
"06/10/2016","Imported Special",54.50,26.75,45.86
"06/09/2016","Imported Special",54.50,26.75,45.74
"06/08/2016","Imported Special",54.50,26.75,45.90
"06/07/2016","Imported Special",54.00,26.75,46.11
"06/06/2016","Imported Special",54.00,26.75,46.17
"06/05/2016","Imported Special",54.00,26.75,46.44
"06/04/2016","Imported Special",54.00,26.75,46.44
"06/03/2016","Imported Special",54.00,26.75,46.44
"06/02/2016","Imported Special",54.00,26.75,46.47
"06/01/2016","Imported Special",54.00,26.75,46.62
"05/31/2016","Imported Special",54.00,26.75,46.63
"05/30/2016","Imported Special",54.00,26.75,46.58
"05/29/2016","Imported Special",54.00,26.15,46.54
"05/28/2016","Imported Special",54.00,26.15,46.54
"05/27/2016","Imported Special",54.00,26.15,46.54
"05/26/2016","Imported Special",54.00,26.15,46.61
"05/25/2016","Imported Special",54.00,26.15,46.59
"05/24/2016","Imported Special",54.00,26.15,46.56
"05/23/2016","Imported Special",54.00,26.15,46.69
"05/22/2016","Imported Special",54.00,25.00,46.66
"05/21/2016","Imported Special",54.00,25.00,46.66
"05/20/2016","Imported Special",54.00,25.00,46.66
"05/19/2016","Imported Special",54.00,25.00,46.62
"05/18/2016","Imported Special",54.00,25.00,46.28
"05/17/2016","Imported Special",54.00,25.00,46.36
"05/16/2016","Imported Special",54.00,25.00,46.66
"05/15/2016","Imported Special",54.00,25.00,46.44
"05/14/2016","Imported Special",53.50,25.00,46.44
"05/13/2016","Imported Special",53.50,25.00,46.44
"05/12/2016","Imported Special",53.50,25.00,46.36
"05/11/2016","Imported Special",53.50,25.00,46.63
"05/10/2016","Imported Special",53.50,25.00,47.16
"05/09/2016","Imported Special",53.50,25.00,46.99
"05/08/2016","Imported Special",53.50,25.25,47.26
"05/07/2016","Imported Special",53.50,25.25,47.26
"05/06/2016","Imported Special",53.50,25.25,47.26
"05/05/2016","Imported Special",53.50,25.25,47.14
"05/04/2016","Imported Special",53.50,25.25,46.90
"05/03/2016","Imported Special",53.50,25.25,46.95
"05/02/2016","Imported Special",53.50,25.25,46.94
"05/01/2016","Imported Special",53.50,23.95,46.71
"04/30/2016","Imported Special",53.50,23.95,46.71
"04/29/2016","Imported Special",53.50,23.95,46.71
"04/28/2016","Imported Special",53.00,23.95,46.82
"04/27/2016","Imported Special",53.00,23.95,46.74
"04/26/2016","Imported Special",53.00,23.95,46.78
"04/25/2016","Imported Special",53.00,23.95,46.72
"04/24/2016","Imported Special",53.00,23.15,46.46
"04/23/2016","Imported Special",53.00,23.15,46.46
"04/22/2016","Imported Special",53.00,23.15,46.46
"04/21/2016","Imported Special",52.50,23.15,46.15
"04/20/2016","Imported Special",52.50,23.15,45.93
"04/19/2016","Imported Special",52.50,23.15,46.04
"04/18/2016","Imported Special",52.50,23.15,46.04
"04/17/2016","Imported Special",52.50,22.50,46.23
"04/16/2016","Imported Special",52.50,22.50,46.23
"04/15/2016","Imported Special",52.50,22.50,46.23
"04/14/2016","Imported Special",52.00,22.50,45.94
"04/13/2016","Imported Special",52.00,22.50,45.90
"04/12/2016","Imported Special",52.00,22.50,45.98
"04/11/2016","Imported Special",52.00,22.50,45.97
"04/10/2016","Imported Special",52.00,21.90,46.15
"04/09/2016","Imported Special",52.00,21.90,46.15
"04/08/2016","Imported Special",52.00,21.90,46.15
"04/07/2016","Imported Special",52.00,21.90,46.06
"04/06/2016","Imported Special",52.00,21.90,46.24
"04/05/2016","Imported Special",52.00,21.90,46.16
"04/04/2016","Imported Special",52.00,21.90,45.97
"04/03/2016","Imported Special",52.00,22.25,45.80
"04/02/2016","Imported Special",52.00,22.25,45.80
"04/01/2016","Imported Special",52.00,22.25,45.80
"03/31/2016","Imported Special",52.00,22.25,45.74
"03/30/2016","Imported Special",52.00,22.25,46.22
"03/29/2016","Imported Special",52.00,22.25,46.33
"03/28/2016","Imported Special",52.00,22.25,46.33
"03/27/2016","Imported Special",52.00,22.15,46.28
"03/26/2016","Imported Special",52.00,22.15,46.28
"03/25/2016","Imported Special",52.00,22.15,46.28
"03/24/2016","Imported Special",52.00,22.15,46.32
"03/23/2016","Imported Special",52.00,22.15,46.13
"03/22/2016","Imported Special",52.00,22.15,46.29
"03/21/2016","Imported Special",52.00,22.15,46.35
"03/20/2016","Imported Special",52.00,22.15,45.99
"03/19/2016","Imported Special",52.00,22.15,45.99
"03/18/2016","Imported Special",52.00,22.15,45.99
"03/17/2016","Imported Special",52.00,22.15,46.36
"03/16/2016","Imported Special",52.00,22.15,46.61
"03/15/2016","Imported Special",52.00,22.15,46.47
"03/14/2016","Imported Special",52.00,22.15,46.33
"03/13/2016","Imported Special",52.00,20.80,46.74
"03/12/2016","Imported Special",52.00,20.80,46.74
"03/11/2016","Imported Special",52.00,20.80,46.74
"03/10/2016","Imported Special",52.00,20.80,46.68
"03/09/2016","Imported Special",52.00,20.80,46.81
"03/08/2016","Imported Special",52.00,20.80,46.76
"03/07/2016","Imported Special",52.00,20.80,46.61
"03/06/2016","Imported Special",52.00,19.55,46.83
"03/05/2016","Imported Special",52.00,19.55,46.83
"03/04/2016","Imported Special",52.00,19.55,46.83
"03/03/2016","Imported Special",52.00,19.55,47.06
"03/02/2016","Imported Special",52.00,19.55,47.01
"03/01/2016","Imported Special",52.00,19.55,47.42
"02/29/2016","Imported Special",52.00,19.55,47.38
"02/28/2016","Imported Special",52.00,19.55,47.48
"02/27/2016","Imported Special",52.00,19.55,47.48
"02/26/2016","Imported Special",52.00,19.55,47.48
"02/25/2016","Imported Special",52.00,19.55,47.54
"02/24/2016","Imported Special",52.00,19.55,47.51
"02/23/2016","Imported Special",52.00,19.55,47.49
"02/22/2016","Imported Special",52.50,19.55,47.54
"02/21/2016","Imported Special",52.50,18.45,47.40
"02/20/2016","Imported Special",52.50,18.45,47.40
"02/19/2016","Imported Special",52.50,18.45,47.40
"02/18/2016","Imported Special",52.50,18.45,47.46
"02/17/2016","Imported Special",52.50,18.45,47.45
"02/16/2016","Imported Special",52.50,18.45,47.25
"02/15/2016","Imported Special",53.00,18.45,46.42
"02/14/2016","Imported Special",53.00,18.45,47.44
"02/13/2016","Imported Special",53.00,18.45,47.44
"02/12/2016","Imported Special",53.00,18.45,47.44
"02/11/2016","Imported Special",53.00,18.45,47.29
"02/10/2016","Imported Special",53.00,18.45,47.50
"02/09/2016","Imported Special",53.00,18.45,47.75
"02/08/2016","Imported Special",53.50,18.45,47.69
"02/07/2016","Imported Special",53.50,19.15,47.39
"02/06/2016","Imported Special",53.50,19.15,47.39
"02/05/2016","Imported Special",53.50,19.15,47.39
"02/04/2016","Imported Special",53.50,19.15,47.64
"02/03/2016","Imported Special",53.50,19.15,47.79
"02/02/2016","Imported Special",53.50,19.15,47.52
"02/01/2016","Imported Special",53.50,19.15,47.60
"01/31/2016","Imported Special",53.50,18.40,47.64
"01/30/2016","Imported Special",53.50,18.40,47.64
"01/29/2016","Imported Special",53.50,18.40,47.64
"01/28/2016","Imported Special",54.00,18.40,47.81
"01/27/2016","Imported Special",54.00,18.40,47.89
"01/26/2016","Imported Special",54.00,18.40,47.88
"01/25/2016","Imported Special",54.00,18.40,47.63
"01/24/2016","Imported Special",54.00,19.85,47.79
"01/23/2016","Imported Special",54.00,19.85,47.79
"01/22/2016","Imported Special",54.00,19.85,47.79
"01/21/2016","Imported Special",54.00,19.85,47.72
"01/20/2016","Imported Special",54.00,19.85,47.58
"01/19/2016","Imported Special",54.00,19.85,47.65
"01/18/2016","Imported Special",54.00,19.85,47.74
"01/17/2016","Imported Special",54.00,21.40,47.61
"01/16/2016","Imported Special",54.00,21.40,47.61
"01/15/2016","Imported Special",54.00,21.40,47.61
"01/14/2016","Imported Special",54.50,21.40,47.36
"01/13/2016","Imported Special",54.50,21.40,47.25
"01/12/2016","Imported Special",54.50,21.40,47.10
"01/11/2016","Imported Special",54.50,21.40,47.13
"01/10/2016","Imported Special",54.50,22.65,46.97
"01/09/2016","Imported Special",54.50,22.65,46.97
"01/08/2016","Imported Special",54.50,22.65,46.97
"01/07/2016","Imported Special",55.00,22.65,46.95
"01/06/2016","Imported Special",55.00,22.65,46.74
"01/05/2016","Imported Special",55.00,22.65,46.97
"01/04/2016","Imported Special",55.00,22.65,46.76
"01/03/2016","Imported Special",55.00,22.65,46.71
"01/02/2016","Imported Special",55.00,22.65,46.71
"01/01/2016","Imported Special",55.00,22.65,46.71
"12/31/2015","Imported Special",55.00,22.65,46.79
"12/30/2015","Imported Special",55.00,22.65,46.81
"12/29/2015","Imported Special",55.00,22.65,46.94
"12/28/2015","Imported Special",54.50,22.65,47.05
"12/27/2015","Imported Special",54.50,22.65,47.10
"12/26/2015","Imported Special",54.50,22.65,47.10
"12/25/2015","Imported Special",54.50,22.65,47.10
"12/24/2015","Imported Special",54.50,22.65,47.04
"12/23/2015","Imported Special",54.50,22.65,47.09
"12/22/2015","Imported Special",54.50,22.65,47.22
"12/21/2015","Imported Special",54.00,22.65,47.15
"12/20/2015","Imported Special",54.00,24.40,47.35
"12/19/2015","Imported Special",54.00,24.40,47.35
"12/18/2015","Imported Special",54.00,24.40,47.35
"12/17/2015","Imported Special",54.00,24.40,47.13
"12/16/2015","Imported Special",54.00,24.40,47.24
"12/15/2015","Imported Special",54.00,24.40,47.39
"12/14/2015","Imported Special",53.50,24.40,47.33
"12/13/2015","Imported Special",53.50,26.05,47.09
"12/12/2015","Imported Special",53.50,26.05,47.09
"12/11/2015","Imported Special",53.50,26.05,47.09
"12/10/2015","Imported Special",53.50,26.05,47.10
"12/09/2015","Imported Special",53.50,26.05,47.02
"12/08/2015","Imported Special",53.50,26.05,46.96
"12/07/2015","Imported Special",53.00,26.05,46.92
"12/06/2015","Imported Special",53.00,26.05,46.87
"12/05/2015","Imported Special",53.00,26.05,46.87
"12/04/2015","Imported Special",53.00,26.05,46.87
"12/03/2015","Imported Special",53.00,26.05,47.07
"12/02/2015","Imported Special",53.00,26.05,47.01
"12/01/2015","Imported Special",53.00,26.05,47.01
"11/30/2015","Imported Special",53.00,26.05,47.09
"11/29/2015","Imported Special",53.00,26.15,47.00
"11/28/2015","Imported Special",53.50,26.15,47.00
"11/27/2015","Imported Special",53.50,26.15,47.00
"11/26/2015","Imported Special",53.50,26.15,46.88
"11/25/2015","Imported Special",53.50,26.15,46.97
"11/24/2015","Imported Special",53.50,26.15,46.98
"11/23/2015","Imported Special",53.50,26.15,46.84
"11/22/2015","Imported Special",53.50,26.15,46.88
"11/21/2015","Imported Special",54.00,26.15,46.88
"11/20/2015","Imported Special",54.00,26.15,46.88
"11/19/2015","Imported Special",54.00,26.15,47.06
"11/18/2015","Imported Special",54.00,26.15,47.08
"11/17/2015","Imported Special",54.00,26.15,47.02
"11/16/2015","Imported Special",54.00,26.15,46.99
"11/15/2015","Imported Special",54.00,26.90,46.86
"11/14/2015","Imported Special",54.50,26.90,46.86
"11/13/2015","Imported Special",54.50,26.90,46.86
"11/12/2015","Imported Special",54.50,26.90,47.03
"11/11/2015","Imported Special",54.50,26.90,47.18
"11/10/2015","Imported Special",54.50,26.90,47.10
"11/09/2015","Imported Special",54.50,26.90,47.01
"11/08/2015","Imported Special",54.50,27.05,46.88
"11/07/2015","Imported Special",55.00,27.05,46.88
"11/06/2015","Imported Special",55.00,27.05,46.88
"11/05/2015","Imported Special",55.00,27.05,46.70
"11/04/2015","Imported Special",55.00,27.05,46.71
"11/03/2015","Imported Special",55.00,27.05,46.68
"11/02/2015","Imported Special",55.00,27.05,46.60
"11/01/2015","Imported Special",55.00,27.05,46.89
"10/31/2015","Imported Special",55.00,27.05,46.89
"10/30/2015","Imported Special",55.00,27.05,46.89
"10/29/2015","Imported Special",55.00,27.05,46.76
"10/28/2015","Imported Special",55.50,27.05,46.62
"10/27/2015","Imported Special",55.50,27.05,46.51
"10/26/2015","Imported Special",55.50,27.05,46.53
"10/25/2015","Imported Special",55.50,26.85,46.22
"10/24/2015","Imported Special",55.50,26.85,46.22
"10/23/2015","Imported Special",55.50,26.85,46.22
"10/22/2015","Imported Special",55.50,26.85,46.31
"10/21/2015","Imported Special",56.00,26.85,46.18
"10/20/2015","Imported Special",56.00,26.85,46.05
"10/19/2015","Imported Special",56.00,26.85,45.90
"10/18/2015","Imported Special",56.00,27.40,45.69
"10/17/2015","Imported Special",56.00,27.40,45.69
"10/16/2015","Imported Special",56.00,27.40,45.69
"10/15/2015","Imported Special",56.00,27.40,45.79
"10/14/2015","Imported Special",56.50,27.40,46.02
"10/13/2015","Imported Special",56.50,27.40,45.63
"10/12/2015","Imported Special",56.50,27.40,45.52
"10/11/2015","Imported Special",56.50,26.15,45.94
"10/10/2015","Imported Special",56.50,26.15,45.94
"10/09/2015","Imported Special",56.50,26.15,45.94
"10/08/2015","Imported Special",56.50,26.15,45.90
"10/07/2015","Imported Special",57.00,26.15,46.16
"10/06/2015","Imported Special",57.00,26.15,46.35
"10/05/2015","Imported Special",57.00,26.15,46.46
"10/04/2015","Imported Special",57.00,26.15,46.64
"10/03/2015","Imported Special",57.00,26.15,46.64
"10/02/2015","Imported Special",57.00,26.15,46.64
"10/01/2015","Imported Special",57.00,26.15,46.59
"09/30/2015","Imported Special",57.00,26.15,46.69
"09/29/2015","Imported Special",57.00,26.15,46.71
"09/28/2015","Imported Special",57.50,26.15,46.63
"09/27/2015","Imported Special",57.50,25.40,46.67
"09/26/2015","Imported Special",57.50,25.40,46.67
"09/25/2015","Imported Special",57.50,25.40,46.67
"09/24/2015","Imported Special",57.50,25.40,46.74
"09/23/2015","Imported Special",57.50,25.40,46.45
"09/22/2015","Imported Special",57.50,25.40,46.34
"09/21/2015","Imported Special",58.00,25.40,46.38
"09/20/2015","Imported Special",58.00,25.40,46.35
"09/19/2015","Imported Special",58.00,25.40,46.35
"09/18/2015","Imported Special",58.00,25.40,46.35
"09/17/2015","Imported Special",58.00,25.40,46.50
"09/16/2015","Imported Special",58.00,25.40,46.58
"09/15/2015","Imported Special",58.00,25.40,46.67
"09/14/2015","Imported Special",58.50,25.40,46.60
"09/13/2015","Imported Special",58.50,26.15,46.65
"09/12/2015","Imported Special",58.50,26.15,46.65
"09/11/2015","Imported Special",58.50,26.15,46.65
"09/10/2015","Imported Special",58.50,26.15,46.80
"09/09/2015","Imported Special",58.50,26.15,46.69
"09/08/2015","Imported Special",58.50,26.15,46.89
"09/07/2015","Imported Special",59.00,26.15,46.81
"09/06/2015","Imported Special",59.00,24.25,46.64
"09/05/2015","Imported Special",59.00,24.25,46.64
"09/04/2015","Imported Special",59.00,24.25,46.64
"09/03/2015","Imported Special",59.00,24.25,46.63
"09/02/2015","Imported Special",59.00,24.25,46.61
"09/01/2015","Imported Special",59.00,24.25,46.60
"08/31/2015","Imported Special",59.00,24.25,46.65
"08/30/2015","Imported Special",59.00,23.80,46.54
"08/29/2015","Imported Special",59.00,23.80,46.54
"08/28/2015","Imported Special",59.50,23.80,46.54
"08/27/2015","Imported Special",59.50,23.80,46.46
"08/26/2015","Imported Special",59.50,23.80,46.55
"08/25/2015","Imported Special",59.50,23.80,46.62
"08/24/2015","Imported Special",59.50,23.80,46.52
"08/23/2015","Imported Special",59.50,24.35,46.44
"08/22/2015","Imported Special",59.50,24.35,46.44
"08/21/2015","Imported Special",59.50,24.35,46.44
"08/20/2015","Imported Special",59.50,24.35,46.18
"08/19/2015","Imported Special",59.50,24.35,46.19
"08/18/2015","Imported Special",59.50,24.35,46.29
"08/17/2015","Imported Special",59.50,24.35,46.08
"08/16/2015","Imported Special",59.50,25.40,46.06
"08/15/2015","Imported Special",59.50,25.40,46.06
"08/14/2015","Imported Special",59.00,25.40,46.06
"08/13/2015","Imported Special",59.00,25.40,46.07
"08/12/2015","Imported Special",59.00,25.40,46.05
"08/11/2015","Imported Special",59.00,25.40,45.58
"08/10/2015","Imported Special",59.00,25.40,45.67
"08/09/2015","Imported Special",59.00,26.30,45.67
"08/08/2015","Imported Special",59.00,26.30,45.67
"08/07/2015","Imported Special",58.50,26.30,45.67
"08/06/2015","Imported Special",58.50,26.30,45.62
"08/05/2015","Imported Special",58.50,26.30,45.51
"08/04/2015","Imported Special",58.50,26.30,45.66
"08/03/2015","Imported Special",58.50,26.30,45.53
"08/02/2015","Imported Special",58.50,27.40,45.57
"08/01/2015","Imported Special",58.50,27.40,45.57
"07/31/2015","Imported Special",58.50,27.40,45.57
"07/30/2015","Imported Special",58.50,27.40,45.46
"07/29/2015","Imported Special",58.50,27.40,45.42
"07/28/2015","Imported Special",58.00,27.40,45.43
"07/27/2015","Imported Special",58.00,27.40,45.43
"07/26/2015","Imported Special",58.00,28.50,45.22
"07/25/2015","Imported Special",58.00,28.50,45.22
"07/24/2015","Imported Special",58.00,28.50,45.22
"07/23/2015","Imported Special",58.00,28.50,45.07
"07/22/2015","Imported Special",58.00,28.50,45.03
"07/21/2015","Imported Special",57.00,28.50,45.21
"07/20/2015","Imported Special",57.00,28.50,45.14
"07/19/2015","Imported Special",57.00,28.80,45.12
"07/18/2015","Imported Special",57.00,28.80,45.12
"07/17/2015","Imported Special",57.00,28.80,45.12
"07/16/2015","Imported Special",57.00,28.80,45.20
"07/15/2015","Imported Special",57.00,28.80,45.10
"07/14/2015","Imported Special",56.50,28.80,45.05
"07/13/2015","Imported Special",56.50,28.80,44.97
"07/12/2015","Imported Special",56.50,29.90,45.03
"07/11/2015","Imported Special",56.50,29.90,45.03
"07/10/2015","Imported Special",56.50,29.90,45.03
"07/09/2015","Imported Special",56.50,29.90,45.03
"07/08/2015","Imported Special",56.50,29.90,45.06
"07/07/2015","Imported Special",56.00,29.90,44.99
"07/06/2015","Imported Special",56.00,29.90,44.97
"07/05/2015","Imported Special",56.00,31.05,44.99
"07/04/2015","Imported Special",56.00,31.05,44.99
"07/03/2015","Imported Special",56.00,31.05,44.99
"07/02/2015","Imported Special",56.00,31.05,44.99
"07/01/2015","Imported Special",56.00,31.05,45.06
"06/30/2015","Imported Special",56.00,31.05,44.95
"06/29/2015","Imported Special",56.00,31.05,45.01
"06/28/2015","Imported Special",55.00,30.80,44.98
"06/27/2015","Imported Special",55.00,30.80,44.98
"06/26/2015","Imported Special",55.00,30.80,44.98
"06/25/2015","Imported Special",55.00,30.80,45.00
"06/24/2015","Imported Special",55.00,30.80,44.98
"06/23/2015","Imported Special",55.00,30.80,44.87
"06/22/2015","Imported Special",55.00,30.80,44.90
"06/21/2015","Imported Special",55.00,31.65,44.76
"06/20/2015","Imported Special",55.00,31.65,44.76
"06/19/2015","Imported Special",55.00,31.65,44.76
"06/18/2015","Imported Special",55.00,31.65,45.08
"06/17/2015","Imported Special",55.00,31.65,44.98
"06/16/2015","Imported Special",55.00,31.65,45.00
"06/15/2015","Imported Special",55.00,31.65,45.17
"06/14/2015","Imported Special",54.00,33.15,45.12
"06/13/2015","Imported Special",54.00,33.15,45.12
"06/12/2015","Imported Special",54.00,33.15,45.12
"06/11/2015","Imported Special",54.00,33.15,44.87
"06/10/2015","Imported Special",54.00,33.15,44.94
"06/09/2015","Imported Special",54.00,33.15,44.93
"06/08/2015","Imported Special",54.00,33.15,44.99
"06/07/2015","Imported Special",54.00,33.15,44.85
"06/06/2015","Imported Special",54.00,33.15,44.85
"06/05/2015","Imported Special",54.00,33.15,44.85
"06/04/2015","Imported Special",54.00,33.15,44.68
"06/03/2015","Imported Special",54.00,33.15,44.69
"06/02/2015","Imported Special",54.00,33.15,44.41
"06/01/2015","Imported Special",54.00,33.15,44.41
"05/31/2015","Imported Special",54.00,33.40,44.42
"05/30/2015","Imported Special",54.00,33.40,44.42
"05/29/2015","Imported Special",54.00,33.40,44.42
"05/28/2015","Imported Special",53.00,33.40,44.49
"05/27/2015","Imported Special",53.00,33.40,44.67
"05/26/2015","Imported Special",53.00,33.40,44.47
"05/25/2015","Imported Special",53.00,33.40,44.51
"05/24/2015","Imported Special",53.00,33.40,44.40
"05/23/2015","Imported Special",53.00,33.40,44.40
"05/22/2015","Imported Special",53.00,33.40,44.40
"05/21/2015","Imported Special",52.50,33.40,44.39
"05/20/2015","Imported Special",52.50,33.40,44.51
"05/19/2015","Imported Special",52.50,33.40,44.35
"05/18/2015","Imported Special",52.50,33.40,44.27
"05/17/2015","Imported Special",52.50,34.15,44.40
"05/16/2015","Imported Special",52.50,34.15,44.40
"05/15/2015","Imported Special",52.50,34.15,44.40
"05/14/2015","Imported Special",52.00,34.15,44.50
"05/13/2015","Imported Special",52.00,34.15,44.62
"05/12/2015","Imported Special",52.00,34.15,44.74
"05/11/2015","Imported Special",52.00,34.15,44.43
"05/10/2015","Imported Special",52.00,33.00,44.57
"05/09/2015","Imported Special",52.00,33.00,44.57
"05/08/2015","Imported Special",52.00,33.00,44.57
"05/07/2015","Imported Special",52.00,33.00,44.49
"05/06/2015","Imported Special",52.00,33.00,44.37
"05/05/2015","Imported Special",52.00,33.00,44.56
"05/04/2015","Imported Special",52.00,33.00,44.58
"05/03/2015","Imported Special",52.00,31.25,44.48
"05/02/2015","Imported Special",52.00,31.25,44.48
"05/01/2015","Imported Special",52.00,31.25,44.48
"04/30/2015","Imported Special",52.00,31.25,44.13
"04/29/2015","Imported Special",52.00,31.25,44.23
"04/28/2015","Imported Special",52.00,31.25,44.08
"04/27/2015","Imported Special",52.00,31.25,44.08
"04/26/2015","Imported Special",52.00,30.15,44.06
"04/25/2015","Imported Special",52.00,30.15,44.06
"04/24/2015","Imported Special",52.00,30.15,44.06
"04/23/2015","Imported Special",52.00,30.15,44.20
"04/22/2015","Imported Special",52.00,30.15,44.26
"04/21/2015","Imported Special",52.00,30.15,44.15
"04/20/2015","Imported Special",52.00,30.15,44.12
"04/19/2015","Imported Special",52.00,28.50,44.19
"04/18/2015","Imported Special",52.00,28.50,44.19
"04/17/2015","Imported Special",52.00,28.50,44.19
"04/16/2015","Imported Special",52.00,28.50,44.54
"04/15/2015","Imported Special",52.00,28.50,44.50
"04/14/2015","Imported Special",50.00,28.50,44.60
"04/13/2015","Imported Special",50.00,28.50,44.47
"04/12/2015","Imported Special",50.00,29.10,44.37
"04/11/2015","Imported Special",50.00,29.10,44.37
"04/10/2015","Imported Special",50.00,29.10,44.37
"04/09/2015","Imported Special",50.00,29.10,44.42
"04/08/2015","Imported Special",50.00,29.10,44.38
"04/07/2015","Imported Special",50.00,29.10,44.08
"04/06/2015","Imported Special",50.00,29.10,43.91
"04/05/2015","Imported Special",50.00,29.10,44.32
"04/04/2015","Imported Special",50.00,29.10,44.32
"04/03/2015","Imported Special",50.00,29.10,44.32
"04/02/2015","Imported Special",50.00,29.10,44.44
"04/01/2015","Imported Special",50.00,29.10,44.49
"03/31/2015","Imported Special",50.00,29.10,44.59
"03/30/2015","Imported Special",50.00,29.10,44.68
"03/29/2015","Imported Special",50.00,28.10,44.70
"03/28/2015","Imported Special",50.00,28.10,44.70
"03/27/2015","Imported Special",50.00,28.10,44.70
"03/26/2015","Imported Special",50.00,28.10,44.64
"03/25/2015","Imported Special",50.00,28.10,44.59
"03/24/2015","Imported Special",50.00,28.10,44.54
"03/23/2015","Imported Special",50.00,28.10,44.73
"03/22/2015","Imported Special",48.00,29.60,44.81
"03/21/2015","Imported Special",48.00,29.60,44.81
"03/20/2015","Imported Special",48.00,29.60,44.81
"03/19/2015","Imported Special",48.00,29.60,44.55
"03/18/2015","Imported Special",48.00,29.60,44.60
"03/17/2015","Imported Special",48.00,29.60,44.33
"03/16/2015","Imported Special",48.00,29.60,44.19
"03/15/2015","Imported Special",48.00,28.95,44.15
"03/14/2015","Imported Special",48.00,28.95,44.15
"03/13/2015","Imported Special",48.00,28.95,44.15
"03/12/2015","Imported Special",48.00,28.95,44.28
"03/11/2015","Imported Special",48.00,28.95,44.29
"03/10/2015","Imported Special",48.00,28.95,44.16
"03/09/2015","Imported Special",48.00,28.95,44.21
"03/08/2015","Imported Special",48.00,28.25,44.06
"03/07/2015","Imported Special",48.00,28.25,44.06
"03/06/2015","Imported Special",48.00,28.25,44.06
"03/05/2015","Imported Special",48.00,28.25,44.04
"03/04/2015","Imported Special",48.00,28.25,44.06
"03/03/2015","Imported Special",48.00,28.25,44.08
"03/02/2015","Imported Special",48.00,28.25,44.00
"03/01/2015","Imported Special",48.00,28.25,43.95
"02/28/2015","Imported Special",48.00,28.25,43.95
"02/27/2015","Imported Special",48.00,28.25,43.95
"02/26/2015","Imported Special",48.00,28.25,43.88
"02/25/2015","Imported Special",48.00,28.25,44.01
"02/24/2015","Imported Special",48.00,28.25,44.13
"02/23/2015","Imported Special",48.00,28.25,44.15
"02/22/2015","Imported Special",48.00,28.25,44.05
"02/21/2015","Imported Special",48.00,28.25,44.05
"02/20/2015","Imported Special",48.00,28.25,44.05
"02/19/2015","Imported Special",48.00,28.25,44.01
"02/18/2015","Imported Special",48.00,28.25,44.12
"02/17/2015","Imported Special",48.00,28.25,44.12
"02/16/2015","Imported Special",48.00,28.25,44.21
"02/15/2015","Imported Special",48.00,26.75,44.23
"02/14/2015","Imported Special",48.00,26.75,44.23
"02/13/2015","Imported Special",48.00,26.75,44.23
"02/12/2015","Imported Special",48.00,26.75,44.34
"02/11/2015","Imported Special",48.00,26.75,44.31
"02/10/2015","Imported Special",48.00,26.75,44.28
"02/09/2015","Imported Special",48.00,26.75,44.11
"02/08/2015","Imported Special",48.00,25.25,44.01
"02/07/2015","Imported Special",48.00,25.25,44.01
"02/06/2015","Imported Special",48.00,25.25,44.01
"02/05/2015","Imported Special",48.00,25.25,43.98
"02/04/2015","Imported Special",48.00,25.25,43.88
"02/03/2015","Imported Special",48.00,25.25,44.03
"02/02/2015","Imported Special",48.00,25.25,44.10
"02/01/2015","Imported Special",48.00,25.25,43.89
"01/31/2015","Imported Special",48.00,25.25,43.89
"01/30/2015","Imported Special",48.00,25.25,43.89
"01/29/2015","Imported Special",48.00,25.25,44.04
"01/28/2015","Imported Special",48.00,25.25,43.94
"01/27/2015","Imported Special",48.00,25.25,44.08
"01/26/2015","Imported Special",48.00,25.25,44.01
"01/25/2015","Imported Special",48.00,26.20,44.09
"01/24/2015","Imported Special",48.00,26.20,44.09
"01/23/2015","Imported Special",48.00,26.20,44.09
"01/22/2015","Imported Special",48.00,26.20,44.23
"01/21/2015","Imported Special",48.00,26.20,44.44
"01/20/2015","Imported Special",48.00,26.20,44.43
"01/19/2015","Imported Special",48.00,26.20,44.51
"01/18/2015","Imported Special",48.00,26.60,44.52
"01/17/2015","Imported Special",48.00,26.60,44.52
"01/16/2015","Imported Special",48.00,26.60,44.52
"01/15/2015","Imported Special",48.00,26.60,44.51
"01/14/2015","Imported Special",48.00,26.60,44.54
"01/13/2015","Imported Special",48.00,26.60,44.76
"01/12/2015","Imported Special",48.00,26.60,44.75
"01/11/2015","Imported Special",48.00,28.10,44.74
"01/10/2015","Imported Special",48.00,28.10,44.74
"01/09/2015","Imported Special",48.00,28.10,44.74
"01/08/2015","Imported Special",48.00,28.10,44.99
"01/07/2015","Imported Special",48.00,28.10,44.92
"01/06/2015","Imported Special",48.00,28.10,44.96
"01/05/2015","Imported Special",48.00,28.10,44.76
"01/04/2015","Imported Special",48.00,28.10,44.65
"01/03/2015","Imported Special",48.00,28.10,44.65
"01/02/2015","Imported Special",48.00,28.10,44.65
"01/01/2015","Imported Special",48.00,28.10,44.67
